id,kode_pelabuhan,nama_pelabuhan,issued,valid_from,valid_to,datetime,weather,visibility,temp_avg_x,rh_avg_x,wind_from,wind_speed_x,wind_gust_x,wave_cat,wave_height_x,current_to,current_speed_x,tides,ingestion_date,temp_avg_y,rh_avg_y,wind_speed_y,wind_gust_y,wave_height_y,current_speed_y,suhu,curah_hujan,kecepatan_angin,kelembapan
3457,AF001,Pelabuhan Nusantara Kendari,2026-09-28 12:00:00,2026-09-29,2026-10-02,2026-09-29 00:00:00,Berawan,10.0,27.0,79.0,Timur Laut,2.0,6.0,Tenang,0.2,Timur Laut,0.6,-1.1,,26.157894736842106,82.0,6.684210526315789,14.842105263157896,0.5789473684210527,0.9310526315789475,,,,
3458,AF001,Pelabuhan Nusantara Kendari,2026-09-28 12:00:00,2026-09-29,2026-10-02,2026-09-29 01:00:00,Cerah Berawan,10.0,28.0,75.0,Timur Laut,2.0,10.0,Tenang,0.2,Timur,0.62,-1.2,,26.57894736842105,80.3157894736842,6.684210526315789,16.42105263157895,0.5684210526315789,0.9336842105263159,,,,
3459,AF001,Pelabuhan Nusantara Kendari,2026-09-28 12:00:00,2026-09-29,2026-10-02,2026-09-29 02:00:00,Berawan,10.0,28.0,73.0,Timur Laut,6.0,11.0,Tenang,0.2,Timur,0.62,-1.04,,26.736842105263158,80.42105263157895,7.7368421052631575,17.42105263157895,0.5526315789473685,0.951578947368421,,,,
3460,AF001,Pelabuhan Nusantara Kendari,2026-09-28 12:00:00,2026-09-29,2026-10-02,2026-09-29 03:00:00,Cerah Berawan,10.0,30.0,72.0,Timur Laut,6.0,13.0,Tenang,0.2,Tenggara,0.63,-0.7,,26.894736842105264,80.15789473684211,7.7368421052631575,18.210526315789473,0.5631578947368421,0.9778947368421052,,,,
3461,AF001,Pelabuhan Nusantara Kendari,2026-09-28 12:00:00,2026-09-29,2026-10-02,2026-09-29 04:00:00,Cerah Berawan,10.0,31.0,74.0,Timur Laut,6.0,14.0,Tenang,0.2,Selatan,0.67,-0.31,,26.94736842105263,79.47368421052632,7.7368421052631575,18.842105263157894,0.5578947368421052,1.0005263157894735,,,,
3462,AF001,Pelabuhan Nusantara Kendari,2026-09-28 12:00:00,2026-09-29,2026-10-02,2026-09-29 05:00:00,Cerah Berawan,10.0,32.0,78.0,Timur,8.0,15.0,Tenang,0.3,Barat Daya,0.74,0.11,,27.263157894736842,79.15789473684211,9.368421052631579,19.42105263157895,0.5526315789473685,1.0089473684210528,,,,
3463,AF001,Pelabuhan Nusantara Kendari,2026-09-28 12:00:00,2026-09-29,2026-10-02,2026-09-29 06:00:00,Berawan,10.0,32.0,78.0,Timur,8.0,15.0,Tenang,0.3,Barat Daya,0.78,0.4,,27.31578947368421,78.6842105263158,9.368421052631579,19.842105263157894,0.5421052631578948,1.0047368421052632,,,,
3464,AF001,Pelabuhan Nusantara Kendari,2026-09-28 12:00:00,2026-09-29,2026-10-02,2026-09-29 07:00:00,Berawan Tebal,10.0,32.0,78.0,Timur,8.0,16.0,Tenang,0.3,Barat Daya,0.8,0.57,,27.36842105263158,78.21052631578948,9.368421052631579,20.526315789473685,0.5526315789473685,0.9984210526315789,,,,
3465,AF001,Pelabuhan Nusantara Kendari,2026-09-28 12:00:00,2026-09-29,2026-10-02,2026-09-29 08:00:00,Berawan Tebal,10.0,30.0,80.0,Timur Laut,7.0,16.0,Tenang,0.4,Barat Daya,0.83,0.49,,27.42105263157895,77.78947368421052,10.105263157894736,20.42105263157895,0.5947368421052632,0.9994736842105262,,,,
3466,AF001,Pelabuhan Nusantara Kendari,2026-09-28 12:00:00,2026-09-29,2026-10-02,2026-09-29 09:00:00,Berawan Tebal,10.0,29.0,80.0,Timur Laut,7.0,14.0,Tenang,0.4,Barat Daya,0.83,0.23,,27.31578947368421,77.89473684210526,10.105263157894736,20.0,0.6578947368421053,0.9957894736842107,,,,
3467,AF001,Pelabuhan Nusantara Kendari,2026-09-28 12:00:00,2026-09-29,2026-10-02,2026-09-29 10:00:00,Berawan Tebal,10.0,28.0,80.0,Timur Laut,7.0,12.0,Tenang,0.4,Barat,0.81,-0.11,,27.157894736842106,78.52631578947368,10.105263157894736,19.473684210526315,0.6894736842105263,0.9857894736842105,,,,
3468,AF001,Pelabuhan Nusantara Kendari,2026-09-28 12:00:00,2026-09-29,2026-10-02,2026-09-29 11:00:00,Berawan,10.0,27.0,80.0,Tenggara,7.0,11.0,Rendah,0.5,Barat,0.76,-0.53,,26.94736842105263,79.0,10.578947368421053,18.789473684210527,0.7526315789473684,0.9778947368421054,,,,
3469,AF001,Pelabuhan Nusantara Kendari,2026-09-28 12:00:00,2026-09-29,2026-10-02,2026-09-29 12:00:00,Cerah Berawan,10.0,26.0,80.0,Tenggara,7.0,13.0,Rendah,0.5,Barat,0.67,-0.83,,26.789473684210527,79.6842105263158,10.578947368421053,18.94736842105263,0.7684210526315789,0.9626315789473684,,,,
3470,AF001,Pelabuhan Nusantara Kendari,2026-09-28 12:00:00,2026-09-29,2026-10-02,2026-09-29 13:00:00,Cerah Berawan,10.0,26.0,81.0,Tenggara,7.0,13.0,Tenang,0.4,Barat Laut,0.62,-0.98,,26.68421052631579,80.15789473684211,10.578947368421053,19.263157894736842,0.7684210526315789,0.961578947368421,,,,
3471,AF001,Pelabuhan Nusantara Kendari,2026-09-28 12:00:00,2026-09-29,2026-10-02,2026-09-29 14:00:00,Cerah Berawan,10.0,26.0,81.0,Timur,5.0,13.0,Tenang,0.4,Timur Laut,0.65,-0.88,,26.36842105263158,80.3157894736842,9.210526315789474,18.57894736842105,0.7736842105263158,0.9505263157894737,,,,
3472,AF001,Pelabuhan Nusantara Kendari,2026-09-28 12:00:00,2026-09-29,2026-10-02,2026-09-29 15:00:00,Cerah Berawan,10.0,26.0,81.0,Timur,5.0,12.0,Tenang,0.4,Timur Laut,0.69,-0.56,,26.263157894736842,80.94736842105263,9.210526315789474,18.0,0.7684210526315789,0.9568421052631578,24.272727272727273,0.0,7.290909090909091,86.9090909090909
3473,AF001,Pelabuhan Nusantara Kendari,2026-09-28 12:00:00,2026-09-29,2026-10-02,2026-09-29 16:00:00,Cerah Berawan,10.0,26.0,81.0,Timur,5.0,10.0,Tenang,0.4,Timur Laut,0.67,-0.19,,25.94736842105263,81.57894736842105,9.210526315789474,16.68421052631579,0.7631578947368421,0.9563157894736843,23.0,0.0,5.683333333333334,93.66666666666667
3474,AF001,Pelabuhan Nusantara Kendari,2026-09-28 12:00:00,2026-09-29,2026-10-02,2026-09-29 17:00:00,Cerah Berawan,10.0,25.0,82.0,Timur,2.0,8.0,Tenang,0.4,Timur,0.62,0.21,,25.842105263157894,82.52631578947368,7.2631578947368425,15.631578947368421,0.7210526315789473,0.9378947368421052,,,,
3475,AF001,Pelabuhan Nusantara Kendari,2026-09-28 12:00:00,2026-09-29,2026-10-02,2026-09-29 18:00:00,Cerah Berawan,10.0,25.0,83.0,Timur,2.0,5.0,Tenang,0.3,Selatan,0.61,0.51,,25.63157894736842,83.15789473684211,7.2631578947368425,14.842105263157896,0.7000000000000001,0.9068421052631579,23.363636363636363,0.0,7.2,89.72727272727273
3476,AF001,Pelabuhan Nusantara Kendari,2026-09-28 12:00:00,2026-09-29,2026-10-02,2026-09-29 19:00:00,Cerah Berawan,10.0,25.0,84.0,Timur,2.0,5.0,Tenang,0.3,Barat Daya,0.63,0.67,,25.57894736842105,83.78947368421052,7.2631578947368425,14.157894736842104,0.6736842105263158,0.8805263157894737,22.666666666666668,0.0,5.266666666666667,95.0
3477,AF001,Pelabuhan Nusantara Kendari,2026-09-28 12:00:00,2026-09-29,2026-10-02,2026-09-29 20:00:00,Berawan,10.0,25.0,86.0,Tenggara,2.0,4.0,Tenang,0.3,Barat,0.65,0.56,,25.526315789473685,84.3157894736842,6.7368421052631575,13.789473684210526,0.6631578947368421,0.8947368421052632,,,,
3478,AF001,Pelabuhan Nusantara Kendari,2026-09-28 12:00:00,2026-09-29,2026-10-02,2026-09-29 21:00:00,Cerah Berawan,10.0,24.0,88.0,Tenggara,2.0,4.0,Tenang,0.3,Barat,0.69,0.23,,25.36842105263158,84.52631578947368,6.7368421052631575,13.736842105263158,0.6473684210526316,0.9184210526315789,23.363636363636363,0.0,6.572727272727272,90.45454545454545
3479,AF001,Pelabuhan Nusantara Kendari,2026-09-28 12:00:00,2026-09-29,2026-10-02,2026-09-29 22:00:00,Cerah Berawan,10.0,24.0,89.0,Tenggara,2.0,5.0,Tenang,0.3,Barat,0.7,-0.22,,25.42105263157895,84.47368421052632,6.7368421052631575,13.789473684210526,0.6210526315789474,0.9405263157894738,24.5,0.0,9.85,85.0
3480,AF001,Pelabuhan Nusantara Kendari,2026-09-28 12:00:00,2026-09-29,2026-10-02,2026-09-29 23:00:00,Cerah Berawan,10.0,25.0,84.0,Timur,3.0,6.0,Tenang,0.3,Barat,0.67,-0.72,,25.736842105263158,81.52631578947368,7.157894736842105,14.368421052631579,0.6157894736842104,0.9536842105263158,,,,
3481,AF002,Pelabuhan Bungkutoko,2026-09-28 12:00:00,2026-09-29,2026-10-02,2026-09-29 00:00:00,Berawan,10.0,27.0,79.0,Timur Laut,2.0,6.0,Tenang,0.2,Timur Laut,0.6,-1.1,,26.157894736842106,82.0,6.684210526315789,14.842105263157896,0.5789473684210527,0.9310526315789475,,,,
3482,AF002,Pelabuhan Bungkutoko,2026-09-28 12:00:00,2026-09-29,2026-10-02,2026-09-29 01:00:00,Cerah Berawan,10.0,28.0,75.0,Timur Laut,2.0,10.0,Tenang,0.2,Timur,0.62,-1.2,,26.57894736842105,80.3157894736842,6.684210526315789,16.42105263157895,0.5684210526315789,0.9336842105263159,,,,
3483,AF002,Pelabuhan Bungkutoko,2026-09-28 12:00:00,2026-09-29,2026-10-02,2026-09-29 02:00:00,Berawan,10.0,28.0,73.0,Timur Laut,6.0,11.0,Tenang,0.2,Timur,0.62,-1.04,,26.736842105263158,80.42105263157895,7.7368421052631575,17.42105263157895,0.5526315789473685,0.951578947368421,,,,
3484,AF002,Pelabuhan Bungkutoko,2026-09-28 12:00:00,2026-09-29,2026-10-02,2026-09-29 03:00:00,Cerah Berawan,10.0,28.0,72.0,Timur Laut,6.0,13.0,Tenang,0.2,Tenggara,0.63,-0.7,,26.894736842105264,80.15789473684211,7.7368421052631575,18.210526315789473,0.5631578947368421,0.9778947368421052,,,,
3485,AF002,Pelabuhan Bungkutoko,2026-09-28 12:00:00,2026-09-29,2026-10-02,2026-09-29 04:00:00,Cerah Berawan,10.0,28.0,74.0,Timur Laut,6.0,14.0,Tenang,0.2,Selatan,0.67,-0.31,,26.94736842105263,79.47368421052632,7.7368421052631575,18.842105263157894,0.5578947368421052,1.0005263157894735,,,,
3486,AF002,Pelabuhan Bungkutoko,2026-09-28 12:00:00,2026-09-29,2026-10-02,2026-09-29 05:00:00,Cerah Berawan,10.0,28.0,78.0,Timur,8.0,15.0,Tenang,0.3,Barat Daya,0.74,0.11,,27.263157894736842,79.15789473684211,9.368421052631579,19.42105263157895,0.5526315789473685,1.0089473684210528,,,,
3487,AF002,Pelabuhan Bungkutoko,2026-09-28 12:00:00,2026-09-29,2026-10-02,2026-09-29 06:00:00,Berawan,10.0,28.0,78.0,Timur,8.0,15.0,Tenang,0.3,Barat Daya,0.78,0.4,,27.31578947368421,78.6842105263158,9.368421052631579,19.842105263157894,0.5421052631578948,1.0047368421052632,,,,
3488,AF002,Pelabuhan Bungkutoko,2026-09-28 12:00:00,2026-09-29,2026-10-02,2026-09-29 07:00:00,Berawan Tebal,10.0,27.0,78.0,Timur,8.0,16.0,Tenang,0.3,Barat Daya,0.8,0.57,,27.36842105263158,78.21052631578948,9.368421052631579,20.526315789473685,0.5526315789473685,0.9984210526315789,,,,
3489,AF002,Pelabuhan Bungkutoko,2026-09-28 12:00:00,2026-09-29,2026-10-02,2026-09-29 08:00:00,Berawan Tebal,10.0,27.0,80.0,Timur Laut,7.0,16.0,Tenang,0.4,Barat Daya,0.83,0.49,,27.42105263157895,77.78947368421052,10.105263157894736,20.42105263157895,0.5947368421052632,0.9994736842105262,,,,
3490,AF002,Pelabuhan Bungkutoko,2026-09-28 12:00:00,2026-09-29,2026-10-02,2026-09-29 09:00:00,Berawan Tebal,10.0,27.0,80.0,Timur Laut,7.0,14.0,Tenang,0.4,Barat Daya,0.83,0.23,,27.31578947368421,77.89473684210526,10.105263157894736,20.0,0.6578947368421053,0.9957894736842107,,,,
3491,AF002,Pelabuhan Bungkutoko,2026-09-28 12:00:00,2026-09-29,2026-10-02,2026-09-29 10:00:00,Berawan Tebal,10.0,27.0,80.0,Timur Laut,7.0,12.0,Tenang,0.4,Barat,0.81,-0.11,,27.157894736842106,78.52631578947368,10.105263157894736,19.473684210526315,0.6894736842105263,0.9857894736842105,,,,
3492,AF002,Pelabuhan Bungkutoko,2026-09-28 12:00:00,2026-09-29,2026-10-02,2026-09-29 11:00:00,Berawan,10.0,27.0,80.0,Tenggara,7.0,11.0,Rendah,0.5,Barat,0.76,-0.53,,26.94736842105263,79.0,10.578947368421053,18.789473684210527,0.7526315789473684,0.9778947368421054,,,,
3493,AF002,Pelabuhan Bungkutoko,2026-09-28 12:00:00,2026-09-29,2026-10-02,2026-09-29 12:00:00,Cerah Berawan,10.0,26.0,80.0,Tenggara,7.0,13.0,Rendah,0.5,Barat,0.67,-0.83,,26.789473684210527,79.6842105263158,10.578947368421053,18.94736842105263,0.7684210526315789,0.9626315789473684,,,,
3494,AF002,Pelabuhan Bungkutoko,2026-09-28 12:00:00,2026-09-29,2026-10-02,2026-09-29 13:00:00,Cerah Berawan,10.0,26.0,81.0,Tenggara,7.0,13.0,Tenang,0.4,Barat Laut,0.62,-0.98,,26.68421052631579,80.15789473684211,10.578947368421053,19.263157894736842,0.7684210526315789,0.961578947368421,,,,
3495,AF002,Pelabuhan Bungkutoko,2026-09-28 12:00:00,2026-09-29,2026-10-02,2026-09-29 14:00:00,Cerah Berawan,10.0,26.0,81.0,Timur,5.0,13.0,Tenang,0.4,Timur Laut,0.65,-0.88,,26.36842105263158,80.3157894736842,9.210526315789474,18.57894736842105,0.7736842105263158,0.9505263157894737,,,,
3496,AF002,Pelabuhan Bungkutoko,2026-09-28 12:00:00,2026-09-29,2026-10-02,2026-09-29 15:00:00,Cerah Berawan,10.0,26.0,81.0,Timur,5.0,12.0,Tenang,0.4,Timur Laut,0.69,-0.56,,26.263157894736842,80.94736842105263,9.210526315789474,18.0,0.7684210526315789,0.9568421052631578,24.272727272727273,0.0,7.290909090909091,86.9090909090909
3497,AF002,Pelabuhan Bungkutoko,2026-09-28 12:00:00,2026-09-29,2026-10-02,2026-09-29 16:00:00,Cerah Berawan,10.0,26.0,81.0,Timur,5.0,10.0,Tenang,0.4,Timur Laut,0.67,-0.19,,25.94736842105263,81.57894736842105,9.210526315789474,16.68421052631579,0.7631578947368421,0.9563157894736843,23.0,0.0,5.683333333333334,93.66666666666667
3498,AF002,Pelabuhan Bungkutoko,2026-09-28 12:00:00,2026-09-29,2026-10-02,2026-09-29 17:00:00,Cerah Berawan,10.0,25.0,82.0,Timur,2.0,8.0,Tenang,0.4,Timur,0.62,0.21,,25.842105263157894,82.52631578947368,7.2631578947368425,15.631578947368421,0.7210526315789473,0.9378947368421052,,,,
3499,AF002,Pelabuhan Bungkutoko,2026-09-28 12:00:00,2026-09-29,2026-10-02,2026-09-29 18:00:00,Cerah Berawan,10.0,25.0,83.0,Timur,2.0,5.0,Tenang,0.3,Selatan,0.61,0.51,,25.63157894736842,83.15789473684211,7.2631578947368425,14.842105263157896,0.7000000000000001,0.9068421052631579,23.363636363636363,0.0,7.2,89.72727272727273
3500,AF002,Pelabuhan Bungkutoko,2026-09-28 12:00:00,2026-09-29,2026-10-02,2026-09-29 19:00:00,Cerah Berawan,10.0,25.0,84.0,Timur,2.0,5.0,Tenang,0.3,Barat Daya,0.63,0.67,,25.57894736842105,83.78947368421052,7.2631578947368425,14.157894736842104,0.6736842105263158,0.8805263157894737,22.666666666666668,0.0,5.266666666666667,95.0
3501,AF002,Pelabuhan Bungkutoko,2026-09-28 12:00:00,2026-09-29,2026-10-02,2026-09-29 20:00:00,Berawan,10.0,25.0,86.0,Tenggara,2.0,4.0,Tenang,0.3,Barat,0.65,0.56,,25.526315789473685,84.3157894736842,6.7368421052631575,13.789473684210526,0.6631578947368421,0.8947368421052632,,,,
3502,AF002,Pelabuhan Bungkutoko,2026-09-28 12:00:00,2026-09-29,2026-10-02,2026-09-29 21:00:00,Cerah Berawan,10.0,24.0,88.0,Tenggara,2.0,4.0,Tenang,0.3,Barat,0.69,0.23,,25.36842105263158,84.52631578947368,6.7368421052631575,13.736842105263158,0.6473684210526316,0.9184210526315789,23.363636363636363,0.0,6.572727272727272,90.45454545454545
3503,AF002,Pelabuhan Bungkutoko,2026-09-28 12:00:00,2026-09-29,2026-10-02,2026-09-29 22:00:00,Cerah Berawan,10.0,24.0,89.0,Tenggara,2.0,5.0,Tenang,0.3,Barat,0.7,-0.22,,25.42105263157895,84.47368421052632,6.7368421052631575,13.789473684210526,0.6210526315789474,0.9405263157894738,24.5,0.0,9.85,85.0
3504,AF002,Pelabuhan Bungkutoko,2026-09-28 12:00:00,2026-09-29,2026-10-02,2026-09-29 23:00:00,Cerah Berawan,10.0,25.0,84.0,Timur,3.0,6.0,Tenang,0.3,Barat,0.67,-0.72,,25.736842105263158,81.52631578947368,7.157894736842105,14.368421052631579,0.6157894736842104,0.9536842105263158,,,,
3505,AF003,Pelabuhan Murhum Baubau,2026-09-28 12:00:00,2026-09-29,2026-10-02,2026-09-29 00:00:00,Cerah Berawan,10.0,28.0,70.0,Timur,4.0,13.0,Tenang,0.1,Barat Daya,0.82,-1.31,,26.157894736842106,82.0,6.684210526315789,14.842105263157896,0.5789473684210527,0.9310526315789475,,,,
3506,AF003,Pelabuhan Murhum Baubau,2026-09-28 12:00:00,2026-09-29,2026-10-02,2026-09-29 01:00:00,Cerah Berawan,10.0,29.0,62.0,Timur,4.0,15.0,Tenang,0.1,Barat Daya,0.65,-1.29,,26.57894736842105,80.3157894736842,6.684210526315789,16.42105263157895,0.5684210526315789,0.9336842105263159,,,,
3507,AF003,Pelabuhan Murhum Baubau,2026-09-28 12:00:00,2026-09-29,2026-10-02,2026-09-29 02:00:00,Cerah Berawan,10.0,30.0,58.0,Barat Daya,2.0,15.0,Tenang,0.1,Timur Laut,0.74,-1.1,,26.736842105263158,80.42105263157895,7.7368421052631575,17.42105263157895,0.5526315789473685,0.951578947368421,,,,
3508,AF003,Pelabuhan Murhum Baubau,2026-09-28 12:00:00,2026-09-29,2026-10-02,2026-09-29 03:00:00,Cerah Berawan,10.0,31.0,56.0,Barat Daya,2.0,13.0,Tenang,0.1,Timur Laut,0.93,-0.63,,26.894736842105264,80.15789473684211,7.7368421052631575,18.210526315789473,0.5631578947368421,0.9778947368421052,,,,
3509,AF003,Pelabuhan Murhum Baubau,2026-09-28 12:00:00,2026-09-29,2026-10-02,2026-09-29 04:00:00,Cerah Berawan,10.0,31.0,55.0,Barat Daya,2.0,12.0,Tenang,0.1,Timur Laut,0.98,-0.16,,26.94736842105263,79.47368421052632,7.7368421052631575,18.842105263157894,0.5578947368421052,1.0005263157894735,,,,
3510,AF003,Pelabuhan Murhum Baubau,2026-09-28 12:00:00,2026-09-29,2026-10-02,2026-09-29 05:00:00,Cerah Berawan,10.0,32.0,54.0,Timur Laut,2.0,13.0,Tenang,0.1,Timur Laut,0.92,0.27,,27.263157894736842,79.15789473684211,9.368421052631579,19.42105263157895,0.5526315789473685,1.0089473684210528,,,,
3511,AF003,Pelabuhan Murhum Baubau,2026-09-28 12:00:00,2026-09-29,2026-10-02,2026-09-29 06:00:00,Berawan,10.0,32.0,54.0,Timur Laut,2.0,14.0,Tenang,0.1,Timur Laut,0.81,0.55,,27.31578947368421,78.6842105263158,9.368421052631579,19.842105263157894,0.5421052631578948,1.0047368421052632,,,,
3512,AF003,Pelabuhan Murhum Baubau,2026-09-28 12:00:00,2026-09-29,2026-10-02,2026-09-29 07:00:00,Berawan Tebal,10.0,32.0,54.0,Timur Laut,2.0,17.0,Tenang,0.1,Timur,0.72,0.62,,27.36842105263158,78.21052631578948,9.368421052631579,20.526315789473685,0.5526315789473685,0.9984210526315789,,,,
3513,AF003,Pelabuhan Murhum Baubau,2026-09-28 12:00:00,2026-09-29,2026-10-02,2026-09-29 08:00:00,Berawan,10.0,30.0,57.0,Timur,11.0,23.0,Tenang,0.1,Barat Daya,0.82,0.48,,27.42105263157895,77.78947368421052,10.105263157894736,20.42105263157895,0.5947368421052632,0.9994736842105262,,,,
3514,AF003,Pelabuhan Murhum Baubau,2026-09-28 12:00:00,2026-09-29,2026-10-02,2026-09-29 09:00:00,Berawan,10.0,29.0,69.0,Timur,11.0,24.0,Tenang,0.1,Barat Daya,1.07,0.13,,27.31578947368421,77.89473684210526,10.105263157894736,20.0,0.6578947368421053,0.9957894736842107,,,,
3515,AF003,Pelabuhan Murhum Baubau,2026-09-28 12:00:00,2026-09-29,2026-10-02,2026-09-29 10:00:00,Berawan,10.0,26.0,77.0,Timur,11.0,23.0,Tenang,0.1,Barat Daya,1.1,-0.33,,27.157894736842106,78.52631578947368,10.105263157894736,19.473684210526315,0.6894736842105263,0.9857894736842105,,,,
3516,AF003,Pelabuhan Murhum Baubau,2026-09-28 12:00:00,2026-09-29,2026-10-02,2026-09-29 11:00:00,Cerah Berawan,10.0,26.0,80.0,Timur,7.0,20.0,Tenang,0.1,Barat,1.04,-0.71,,26.94736842105263,79.0,10.578947368421053,18.789473684210527,0.7526315789473684,0.9778947368421054,,,,
3517,AF003,Pelabuhan Murhum Baubau,2026-09-28 12:00:00,2026-09-29,2026-10-02,2026-09-29 12:00:00,Cerah Berawan,10.0,25.0,81.0,Timur,7.0,18.0,Tenang,0.1,Barat,0.91,-0.97,,26.789473684210527,79.6842105263158,10.578947368421053,18.94736842105263,0.7684210526315789,0.9626315789473684,,,,
3518,AF003,Pelabuhan Murhum Baubau,2026-09-28 12:00:00,2026-09-29,2026-10-02,2026-09-29 13:00:00,Cerah,10.0,25.0,83.0,Timur,7.0,15.0,Tenang,0.1,Barat,0.75,-0.97,,26.68421052631579,80.15789473684211,10.578947368421053,19.263157894736842,0.7684210526315789,0.961578947368421,,,,
3519,AF003,Pelabuhan Murhum Baubau,2026-09-28 12:00:00,2026-09-29,2026-10-02,2026-09-29 14:00:00,Cerah,10.0,25.0,84.0,Timur,4.0,12.0,Tenang,0.1,Utara,0.7,-0.81,,26.36842105263158,80.3157894736842,9.210526315789474,18.57894736842105,0.7736842105263158,0.9505263157894737,,,,
3520,AF003,Pelabuhan Murhum Baubau,2026-09-28 12:00:00,2026-09-29,2026-10-02,2026-09-29 15:00:00,Cerah Berawan,10.0,24.0,85.0,Timur,4.0,10.0,Tenang,0.1,Timur Laut,0.89,-0.44,,26.263157894736842,80.94736842105263,9.210526315789474,18.0,0.7684210526315789,0.9568421052631578,24.272727272727273,0.0,7.290909090909091,86.9090909090909
3521,AF003,Pelabuhan Murhum Baubau,2026-09-28 12:00:00,2026-09-29,2026-10-02,2026-09-29 16:00:00,Cerah,10.0,24.0,87.0,Timur,4.0,9.0,Tenang,0.1,Timur Laut,0.99,-0.01,,25.94736842105263,81.57894736842105,9.210526315789474,16.68421052631579,0.7631578947368421,0.9563157894736843,23.0,0.0,5.683333333333334,93.66666666666667
3522,AF003,Pelabuhan Murhum Baubau,2026-09-28 12:00:00,2026-09-29,2026-10-02,2026-09-29 17:00:00,Cerah,10.0,24.0,90.0,Timur Laut,2.0,7.0,Tenang,0.1,Timur Laut,0.98,0.43,,25.842105263157894,82.52631578947368,7.2631578947368425,15.631578947368421,0.7210526315789473,0.9378947368421052,,,,
3523,AF003,Pelabuhan Murhum Baubau,2026-09-28 12:00:00,2026-09-29,2026-10-02,2026-09-29 18:00:00,Cerah Berawan,10.0,24.0,92.0,Timur Laut,2.0,6.0,Tenang,0.1,Timur Laut,0.86,0.69,,25.63157894736842,83.15789473684211,7.2631578947368425,14.842105263157896,0.7000000000000001,0.9068421052631579,23.363636363636363,0.0,7.2,89.72727272727273
3524,AF003,Pelabuhan Murhum Baubau,2026-09-28 12:00:00,2026-09-29,2026-10-02,2026-09-29 19:00:00,Cerah Berawan,10.0,24.0,93.0,Timur Laut,2.0,5.0,Tenang,0.1,Timur Laut,0.66,0.74,,25.57894736842105,83.78947368421052,7.2631578947368425,14.157894736842104,0.6736842105263158,0.8805263157894737,22.666666666666668,0.0,5.266666666666667,95.0
3525,AF003,Pelabuhan Murhum Baubau,2026-09-28 12:00:00,2026-09-29,2026-10-02,2026-09-29 20:00:00,Cerah Berawan,10.0,24.0,94.0,Timur Laut,3.0,5.0,Tenang,0.1,Barat Daya,0.76,0.55,,25.526315789473685,84.3157894736842,6.7368421052631575,13.789473684210526,0.6631578947368421,0.8947368421052632,,,,
3526,AF003,Pelabuhan Murhum Baubau,2026-09-28 12:00:00,2026-09-29,2026-10-02,2026-09-29 21:00:00,Cerah Berawan,10.0,24.0,94.0,Timur Laut,3.0,6.0,Tenang,0.1,Barat Daya,0.97,0.12,,25.36842105263158,84.52631578947368,6.7368421052631575,13.736842105263158,0.6473684210526316,0.9184210526315789,23.363636363636363,0.0,6.572727272727272,90.45454545454545
3527,AF003,Pelabuhan Murhum Baubau,2026-09-28 12:00:00,2026-09-29,2026-10-02,2026-09-29 22:00:00,Cerah Berawan,10.0,24.0,92.0,Timur Laut,3.0,6.0,Tenang,0.1,Barat Daya,1.02,-0.4,,25.42105263157895,84.47368421052632,6.7368421052631575,13.789473684210526,0.6210526315789474,0.9405263157894738,24.5,0.0,9.85,85.0
3528,AF003,Pelabuhan Murhum Baubau,2026-09-28 12:00:00,2026-09-29,2026-10-02,2026-09-29 23:00:00,Cerah Berawan,10.0,25.0,83.0,Timur,4.0,11.0,Tenang,0.1,Barat Daya,0.97,-0.87,,25.736842105263158,81.52631578947368,7.157894736842105,14.368421052631579,0.6157894736842104,0.9536842105263158,,,,
3529,AF004,Pelabuhan Kolaka,2026-09-28 12:00:00,2026-09-29,2026-10-02,2026-09-29 00:00:00,Cerah,10.0,28.0,60.0,Timur Laut,6.0,11.0,Tenang,0.1,Selatan,0.65,-1.29,,26.157894736842106,82.0,6.684210526315789,14.842105263157896,0.5789473684210527,0.9310526315789475,,,,
3530,AF004,Pelabuhan Kolaka,2026-09-28 12:00:00,2026-09-29,2026-10-02,2026-09-29 01:00:00,Berawan Tebal,10.0,29.0,51.0,Timur Laut,6.0,12.0,Tenang,0.1,Selatan,0.67,-1.32,,26.57894736842105,80.3157894736842,6.684210526315789,16.42105263157895,0.5684210526315789,0.9336842105263159,,,,
3531,AF004,Pelabuhan Kolaka,2026-09-28 12:00:00,2026-09-29,2026-10-02,2026-09-29 02:00:00,Berawan Tebal,10.0,30.0,52.0,Barat,6.0,13.0,Tenang,0.1,Tenggara,0.7,-1.05,,26.736842105263158,80.42105263157895,7.7368421052631575,17.42105263157895,0.5526315789473685,0.951578947368421,,,,
3532,AF004,Pelabuhan Kolaka,2026-09-28 12:00:00,2026-09-29,2026-10-02,2026-09-29 03:00:00,Berawan,10.0,30.0,57.0,Barat,6.0,12.0,Tenang,0.1,Timur,0.84,-0.54,,26.894736842105264,80.15789473684211,7.7368421052631575,18.210526315789473,0.5631578947368421,0.9778947368421052,,,,
3533,AF004,Pelabuhan Kolaka,2026-09-28 12:00:00,2026-09-29,2026-10-02,2026-09-29 04:00:00,Cerah Berawan,10.0,30.0,57.0,Barat,6.0,15.0,Tenang,0.1,Timur,0.85,-0.04,,26.94736842105263,79.47368421052632,7.7368421052631575,18.842105263157894,0.5578947368421052,1.0005263157894735,,,,
3534,AF004,Pelabuhan Kolaka,2026-09-28 12:00:00,2026-09-29,2026-10-02,2026-09-29 05:00:00,Cerah Berawan,10.0,30.0,61.0,Barat,10.0,16.0,Tenang,0.1,Timur,0.91,0.35,,27.263157894736842,79.15789473684211,9.368421052631579,19.42105263157895,0.5526315789473685,1.0089473684210528,,,,
3535,AF004,Pelabuhan Kolaka,2026-09-28 12:00:00,2026-09-29,2026-10-02,2026-09-29 06:00:00,Berawan,10.0,30.0,63.0,Barat,10.0,16.0,Tenang,0.1,Timur,0.94,0.67,,27.31578947368421,78.6842105263158,9.368421052631579,19.842105263157894,0.5421052631578948,1.0047368421052632,,,,
3536,AF004,Pelabuhan Kolaka,2026-09-28 12:00:00,2026-09-29,2026-10-02,2026-09-29 07:00:00,Berawan,10.0,28.0,73.0,Barat,10.0,18.0,Tenang,0.1,Timur,0.89,0.68,,27.36842105263158,78.21052631578948,9.368421052631579,20.526315789473685,0.5526315789473685,0.9984210526315789,,,,
3537,AF004,Pelabuhan Kolaka,2026-09-28 12:00:00,2026-09-29,2026-10-02,2026-09-29 08:00:00,Berawan,10.0,27.0,76.0,Barat,3.0,17.0,Tenang,0.1,Timur,0.8,0.49,,27.42105263157895,77.78947368421052,10.105263157894736,20.42105263157895,0.5947368421052632,0.9994736842105262,,,,
3538,AF004,Pelabuhan Kolaka,2026-09-28 12:00:00,2026-09-29,2026-10-02,2026-09-29 09:00:00,Berawan,10.0,27.0,77.0,Barat,3.0,12.0,Tenang,0.1,Timur,0.76,0.14,,27.31578947368421,77.89473684210526,10.105263157894736,20.0,0.6578947368421053,0.9957894736842107,,,,
3539,AF004,Pelabuhan Kolaka,2026-09-28 12:00:00,2026-09-29,2026-10-02,2026-09-29 10:00:00,Berawan,10.0,26.0,81.0,Barat,3.0,7.0,Tenang,0.1,Timur,0.69,-0.38,,27.157894736842106,78.52631578947368,10.105263157894736,19.473684210526315,0.6894736842105263,0.9857894736842105,,,,
3540,AF004,Pelabuhan Kolaka,2026-09-28 12:00:00,2026-09-29,2026-10-02,2026-09-29 11:00:00,Berawan Tebal,10.0,26.0,81.0,Timur,0.0,5.0,Tenang,0.1,Selatan,0.63,-0.71,,26.94736842105263,79.0,10.578947368421053,18.789473684210527,0.7526315789473684,0.9778947368421054,,,,
3541,AF004,Pelabuhan Kolaka,2026-09-28 12:00:00,2026-09-29,2026-10-02,2026-09-29 12:00:00,Berawan Tebal,10.0,26.0,81.0,Timur,0.0,5.0,Tenang,0.1,Tenggara,0.62,-0.92,,26.789473684210527,79.6842105263158,10.578947368421053,18.94736842105263,0.7684210526315789,0.9626315789473684,,,,
3542,AF004,Pelabuhan Kolaka,2026-09-28 12:00:00,2026-09-29,2026-10-02,2026-09-29 13:00:00,Berawan,10.0,26.0,80.0,Timur,0.0,6.0,Tenang,0.1,Timur,0.66,-0.96,,26.68421052631579,80.15789473684211,10.578947368421053,19.263157894736842,0.7684210526315789,0.961578947368421,,,,
3543,AF004,Pelabuhan Kolaka,2026-09-28 12:00:00,2026-09-29,2026-10-02,2026-09-29 14:00:00,Berawan,10.0,25.0,78.0,Timur,8.0,9.0,Tenang,0.1,Timur,0.65,-0.82,,26.36842105263158,80.3157894736842,9.210526315789474,18.57894736842105,0.7736842105263158,0.9505263157894737,,,,
3544,AF004,Pelabuhan Kolaka,2026-09-28 12:00:00,2026-09-29,2026-10-02,2026-09-29 15:00:00,Berawan,10.0,24.0,79.0,Timur,8.0,10.0,Tenang,0.1,Tenggara,0.6,-0.44,,26.263157894736842,80.94736842105263,9.210526315789474,18.0,0.7684210526315789,0.9568421052631578,24.272727272727273,0.0,7.290909090909091,86.9090909090909
3545,AF004,Pelabuhan Kolaka,2026-09-28 12:00:00,2026-09-29,2026-10-02,2026-09-29 16:00:00,Cerah Berawan,10.0,24.0,81.0,Timur,8.0,10.0,Tenang,0.1,Tenggara,0.61,0.03,,25.94736842105263,81.57894736842105,9.210526315789474,16.68421052631579,0.7631578947368421,0.9563157894736843,23.0,0.0,5.683333333333334,93.66666666666667
3546,AF004,Pelabuhan Kolaka,2026-09-28 12:00:00,2026-09-29,2026-10-02,2026-09-29 17:00:00,Cerah Berawan,10.0,24.0,83.0,Timur,8.0,10.0,Tenang,0.1,Barat Daya,0.6,0.49,,25.842105263157894,82.52631578947368,7.2631578947368425,15.631578947368421,0.7210526315789473,0.9378947368421052,,,,
3547,AF004,Pelabuhan Kolaka,2026-09-28 12:00:00,2026-09-29,2026-10-02,2026-09-29 18:00:00,Cerah Berawan,10.0,23.0,84.0,Timur,8.0,9.0,Tenang,0.1,Barat Daya,0.61,0.83,,25.63157894736842,83.15789473684211,7.2631578947368425,14.842105263157896,0.7000000000000001,0.9068421052631579,23.363636363636363,0.0,7.2,89.72727272727273
3548,AF004,Pelabuhan Kolaka,2026-09-28 12:00:00,2026-09-29,2026-10-02,2026-09-29 19:00:00,Cerah Berawan,10.0,23.0,84.0,Timur,8.0,8.0,Tenang,0.1,Barat Daya,0.68,0.8,,25.57894736842105,83.78947368421052,7.2631578947368425,14.157894736842104,0.6736842105263158,0.8805263157894737,22.666666666666668,0.0,5.266666666666667,95.0
3549,AF004,Pelabuhan Kolaka,2026-09-28 12:00:00,2026-09-29,2026-10-02,2026-09-29 20:00:00,Cerah Berawan,10.0,23.0,85.0,Timur,8.0,8.0,Tenang,0.1,Barat Daya,0.68,0.63,,25.526315789473685,84.3157894736842,6.7368421052631575,13.789473684210526,0.6631578947368421,0.8947368421052632,,,,
3550,AF004,Pelabuhan Kolaka,2026-09-28 12:00:00,2026-09-29,2026-10-02,2026-09-29 21:00:00,Cerah Berawan,10.0,23.0,86.0,Timur,8.0,8.0,Tenang,0.1,Barat Daya,0.65,0.3,,25.36842105263158,84.52631578947368,6.7368421052631575,13.736842105263158,0.6473684210526316,0.9184210526315789,23.363636363636363,0.0,6.572727272727272,90.45454545454545
3551,AF004,Pelabuhan Kolaka,2026-09-28 12:00:00,2026-09-29,2026-10-02,2026-09-29 22:00:00,Cerah Berawan,10.0,23.0,85.0,Timur,8.0,8.0,Tenang,0.1,Barat Daya,0.62,-0.36,,25.42105263157895,84.47368421052632,6.7368421052631575,13.789473684210526,0.6210526315789474,0.9405263157894738,24.5,0.0,9.85,85.0
3552,AF004,Pelabuhan Kolaka,2026-09-28 12:00:00,2026-09-29,2026-10-02,2026-09-29 23:00:00,Cerah,10.0,25.0,76.0,Timur,8.0,9.0,Tenang,0.1,Barat Daya,0.63,-0.92,,25.736842105263158,81.52631578947368,7.157894736842105,14.368421052631579,0.6157894736842104,0.9536842105263158,,,,
3553,AF005,Pelabuhan Pomalaa/Dawi-dawi,2026-09-28 12:00:00,2026-09-29,2026-10-02,2026-09-29 00:00:00,Cerah,10.0,28.0,64.0,Timur Laut,8.0,17.0,Tenang,0.1,Barat,0.67,-1.37,,26.157894736842106,82.0,6.684210526315789,14.842105263157896,0.5789473684210527,0.9310526315789475,,,,
3554,AF005,Pelabuhan Pomalaa/Dawi-dawi,2026-09-28 12:00:00,2026-09-29,2026-10-02,2026-09-29 01:00:00,Berawan Tebal,10.0,30.0,54.0,Timur Laut,8.0,16.0,Tenang,0.1,Barat,0.7,-1.3,,26.57894736842105,80.3157894736842,6.684210526315789,16.42105263157895,0.5684210526315789,0.9336842105263159,,,,
3555,AF005,Pelabuhan Pomalaa/Dawi-dawi,2026-09-28 12:00:00,2026-09-29,2026-10-02,2026-09-29 02:00:00,Berawan,10.0,30.0,52.0,Barat,7.0,15.0,Tenang,0.1,Barat Daya,0.69,-1.02,,26.736842105263158,80.42105263157895,7.7368421052631575,17.42105263157895,0.5526315789473685,0.951578947368421,,,,
3556,AF005,Pelabuhan Pomalaa/Dawi-dawi,2026-09-28 12:00:00,2026-09-29,2026-10-02,2026-09-29 03:00:00,Cerah Berawan,10.0,29.0,64.0,Barat,7.0,13.0,Tenang,0.1,Tenggara,0.67,-0.53,,26.894736842105264,80.15789473684211,7.7368421052631575,18.210526315789473,0.5631578947368421,0.9778947368421052,,,,
3557,AF005,Pelabuhan Pomalaa/Dawi-dawi,2026-09-28 12:00:00,2026-09-29,2026-10-02,2026-09-29 04:00:00,Cerah Berawan,10.0,29.0,67.0,Barat,7.0,15.0,Tenang,0.1,Tenggara,0.73,-0.06,,26.94736842105263,79.47368421052632,7.7368421052631575,18.842105263157894,0.5578947368421052,1.0005263157894735,,,,
3558,AF005,Pelabuhan Pomalaa/Dawi-dawi,2026-09-28 12:00:00,2026-09-29,2026-10-02,2026-09-29 05:00:00,Cerah Berawan,10.0,30.0,68.0,Barat,11.0,16.0,Tenang,0.1,Tenggara,0.75,0.36,,27.263157894736842,79.15789473684211,9.368421052631579,19.42105263157895,0.5526315789473685,1.0089473684210528,,,,
3559,AF005,Pelabuhan Pomalaa/Dawi-dawi,2026-09-28 12:00:00,2026-09-29,2026-10-02,2026-09-29 06:00:00,Berawan,10.0,29.0,74.0,Barat,11.0,19.0,Tenang,0.1,Timur,0.77,0.65,,27.31578947368421,78.6842105263158,9.368421052631579,19.842105263157894,0.5421052631578948,1.0047368421052632,,,,
3560,AF005,Pelabuhan Pomalaa/Dawi-dawi,2026-09-28 12:00:00,2026-09-29,2026-10-02,2026-09-29 07:00:00,Berawan,10.0,28.0,74.0,Barat,11.0,22.0,Tenang,0.1,Timur,0.76,0.66,,27.36842105263158,78.21052631578948,9.368421052631579,20.526315789473685,0.5526315789473685,0.9984210526315789,,,,
3561,AF005,Pelabuhan Pomalaa/Dawi-dawi,2026-09-28 12:00:00,2026-09-29,2026-10-02,2026-09-29 08:00:00,Berawan Tebal,10.0,28.0,74.0,Barat Laut,3.0,20.0,Tenang,0.1,Timur,0.72,0.49,,27.42105263157895,77.78947368421052,10.105263157894736,20.42105263157895,0.5947368421052632,0.9994736842105262,,,,
3562,AF005,Pelabuhan Pomalaa/Dawi-dawi,2026-09-28 12:00:00,2026-09-29,2026-10-02,2026-09-29 09:00:00,Berawan,10.0,27.0,77.0,Barat Laut,3.0,15.0,Tenang,0.1,Timur,0.66,0.13,,27.31578947368421,77.89473684210526,10.105263157894736,20.0,0.6578947368421053,0.9957894736842107,,,,
3563,AF005,Pelabuhan Pomalaa/Dawi-dawi,2026-09-28 12:00:00,2026-09-29,2026-10-02,2026-09-29 10:00:00,Berawan,10.0,27.0,78.0,Barat Laut,3.0,10.0,Tenang,0.1,Barat,0.6,-0.38,,27.157894736842106,78.52631578947368,10.105263157894736,19.473684210526315,0.6894736842105263,0.9857894736842105,,,,
3564,AF005,Pelabuhan Pomalaa/Dawi-dawi,2026-09-28 12:00:00,2026-09-29,2026-10-02,2026-09-29 11:00:00,Berawan,10.0,27.0,76.0,Timur,2.0,6.0,Tenang,0.1,Barat Laut,0.6,-0.75,,26.94736842105263,79.0,10.578947368421053,18.789473684210527,0.7526315789473684,0.9778947368421054,,,,
3565,AF005,Pelabuhan Pomalaa/Dawi-dawi,2026-09-28 12:00:00,2026-09-29,2026-10-02,2026-09-29 12:00:00,Berawan,10.0,27.0,75.0,Timur,2.0,4.0,Tenang,0.1,Tenggara,0.62,-0.88,,26.789473684210527,79.6842105263158,10.578947368421053,18.94736842105263,0.7684210526315789,0.9626315789473684,,,,
3566,AF005,Pelabuhan Pomalaa/Dawi-dawi,2026-09-28 12:00:00,2026-09-29,2026-10-02,2026-09-29 13:00:00,Berawan,10.0,28.0,71.0,Timur,2.0,8.0,Tenang,0.1,Tenggara,0.64,-0.99,,26.68421052631579,80.15789473684211,10.578947368421053,19.263157894736842,0.7684210526315789,0.961578947368421,,,,
3567,AF005,Pelabuhan Pomalaa/Dawi-dawi,2026-09-28 12:00:00,2026-09-29,2026-10-02,2026-09-29 14:00:00,Berawan,10.0,27.0,74.0,Timur,10.0,14.0,Tenang,0.1,Selatan,0.61,-0.86,,26.36842105263158,80.3157894736842,9.210526315789474,18.57894736842105,0.7736842105263158,0.9505263157894737,,,,
3568,AF005,Pelabuhan Pomalaa/Dawi-dawi,2026-09-28 12:00:00,2026-09-29,2026-10-02,2026-09-29 15:00:00,Cerah Berawan,10.0,26.0,78.0,Timur,10.0,16.0,Tenang,0.1,Barat Laut,0.59,-0.45,,26.263157894736842,80.94736842105263,9.210526315789474,18.0,0.7684210526315789,0.9568421052631578,24.272727272727273,0.0,7.290909090909091,86.9090909090909
3569,AF005,Pelabuhan Pomalaa/Dawi-dawi,2026-09-28 12:00:00,2026-09-29,2026-10-02,2026-09-29 16:00:00,Cerah Berawan,10.0,26.0,81.0,Timur,10.0,17.0,Tenang,0.1,Barat Laut,0.61,0.05,,25.94736842105263,81.57894736842105,9.210526315789474,16.68421052631579,0.7631578947368421,0.9563157894736843,23.0,0.0,5.683333333333334,93.66666666666667
3570,AF005,Pelabuhan Pomalaa/Dawi-dawi,2026-09-28 12:00:00,2026-09-29,2026-10-02,2026-09-29 17:00:00,Cerah Berawan,10.0,25.0,82.0,Timur,10.0,17.0,Tenang,0.1,Barat,0.64,0.52,,25.842105263157894,82.52631578947368,7.2631578947368425,15.631578947368421,0.7210526315789473,0.9378947368421052,,,,
3571,AF005,Pelabuhan Pomalaa/Dawi-dawi,2026-09-28 12:00:00,2026-09-29,2026-10-02,2026-09-29 18:00:00,Cerah Berawan,10.0,25.0,84.0,Timur,10.0,17.0,Tenang,0.1,Barat,0.67,0.77,,25.63157894736842,83.15789473684211,7.2631578947368425,14.842105263157896,0.7000000000000001,0.9068421052631579,23.363636363636363,0.0,7.2,89.72727272727273
3572,AF005,Pelabuhan Pomalaa/Dawi-dawi,2026-09-28 12:00:00,2026-09-29,2026-10-02,2026-09-29 19:00:00,Cerah,10.0,25.0,84.0,Timur,10.0,17.0,Tenang,0.1,Barat,0.69,0.81,,25.57894736842105,83.78947368421052,7.2631578947368425,14.157894736842104,0.6736842105263158,0.8805263157894737,22.666666666666668,0.0,5.266666666666667,95.0
3573,AF005,Pelabuhan Pomalaa/Dawi-dawi,2026-09-28 12:00:00,2026-09-29,2026-10-02,2026-09-29 20:00:00,Cerah Berawan,10.0,25.0,85.0,Timur,10.0,16.0,Tenang,0.1,Barat,0.72,0.67,,25.526315789473685,84.3157894736842,6.7368421052631575,13.789473684210526,0.6631578947368421,0.8947368421052632,,,,
3574,AF005,Pelabuhan Pomalaa/Dawi-dawi,2026-09-28 12:00:00,2026-09-29,2026-10-02,2026-09-29 21:00:00,Cerah Berawan,10.0,25.0,85.0,Timur,10.0,16.0,Tenang,0.1,Barat,0.73,0.31,,25.36842105263158,84.52631578947368,6.7368421052631575,13.736842105263158,0.6473684210526316,0.9184210526315789,23.363636363636363,0.0,6.572727272727272,90.45454545454545
3575,AF005,Pelabuhan Pomalaa/Dawi-dawi,2026-09-28 12:00:00,2026-09-29,2026-10-02,2026-09-29 22:00:00,Cerah,10.0,25.0,84.0,Timur,10.0,16.0,Tenang,0.1,Barat,0.71,-0.36,,25.42105263157895,84.47368421052632,6.7368421052631575,13.789473684210526,0.6210526315789474,0.9405263157894738,24.5,0.0,9.85,85.0
3576,AF005,Pelabuhan Pomalaa/Dawi-dawi,2026-09-28 12:00:00,2026-09-29,2026-10-02,2026-09-29 23:00:00,Cerah,10.0,26.0,77.0,Timur,9.0,18.0,Tenang,0.1,Barat,0.69,-0.92,,25.736842105263158,81.52631578947368,7.157894736842105,14.368421052631579,0.6157894736842104,0.9536842105263158,,,,
3577,AF006,Pelabuhan Raha,2026-09-28 12:00:00,2026-09-29,2026-10-02,2026-09-29 00:00:00,Cerah Berawan,10.0,28.0,73.0,Timur,5.0,11.0,Tenang,0.1,Barat Laut,0.66,-1.44,,26.157894736842106,82.0,6.684210526315789,14.842105263157896,0.5789473684210527,0.9310526315789475,,,,
3578,AF006,Pelabuhan Raha,2026-09-28 12:00:00,2026-09-29,2026-10-02,2026-09-29 01:00:00,Cerah Berawan,10.0,29.0,64.0,Timur,5.0,15.0,Tenang,0.1,Barat Laut,0.69,-1.62,,26.57894736842105,80.3157894736842,6.684210526315789,16.42105263157895,0.5684210526315789,0.9336842105263159,,,,
3579,AF006,Pelabuhan Raha,2026-09-28 12:00:00,2026-09-29,2026-10-02,2026-09-29 02:00:00,Cerah Berawan,10.0,30.0,59.0,Timur,7.0,17.0,Tenang,0.1,Barat,0.71,-1.52,,26.736842105263158,80.42105263157895,7.7368421052631575,17.42105263157895,0.5526315789473685,0.951578947368421,,,,
3580,AF006,Pelabuhan Raha,2026-09-28 12:00:00,2026-09-29,2026-10-02,2026-09-29 03:00:00,Cerah Berawan,10.0,31.0,55.0,Timur,7.0,18.0,Tenang,0.1,Barat Daya,0.76,-1.06,,26.894736842105264,80.15789473684211,7.7368421052631575,18.210526315789473,0.5631578947368421,0.9778947368421052,,,,
3581,AF006,Pelabuhan Raha,2026-09-28 12:00:00,2026-09-29,2026-10-02,2026-09-29 04:00:00,Cerah Berawan,10.0,31.0,54.0,Timur,7.0,18.0,Tenang,0.1,Selatan,0.88,-0.42,,26.94736842105263,79.47368421052632,7.7368421052631575,18.842105263157894,0.5578947368421052,1.0005263157894735,,,,
3582,AF006,Pelabuhan Raha,2026-09-28 12:00:00,2026-09-29,2026-10-02,2026-09-29 05:00:00,Cerah Berawan,10.0,31.0,54.0,Timur,8.0,19.0,Tenang,0.1,Selatan,0.91,0.21,,27.263157894736842,79.15789473684211,9.368421052631579,19.42105263157895,0.5526315789473685,1.0089473684210528,,,,
3583,AF006,Pelabuhan Raha,2026-09-28 12:00:00,2026-09-29,2026-10-02,2026-09-29 06:00:00,Berawan,10.0,31.0,53.0,Timur,8.0,20.0,Tenang,0.1,Selatan,0.95,0.71,,27.31578947368421,78.6842105263158,9.368421052631579,19.842105263157894,0.5421052631578948,1.0047368421052632,,,,
3584,AF006,Pelabuhan Raha,2026-09-28 12:00:00,2026-09-29,2026-10-02,2026-09-29 07:00:00,Berawan,10.0,30.0,54.0,Timur,8.0,20.0,Tenang,0.1,Barat Daya,0.85,0.98,,27.36842105263158,78.21052631578948,9.368421052631579,20.526315789473685,0.5526315789473685,0.9984210526315789,,,,
3585,AF006,Pelabuhan Raha,2026-09-28 12:00:00,2026-09-29,2026-10-02,2026-09-29 08:00:00,Berawan,10.0,29.0,58.0,Timur,10.0,20.0,Tenang,0.1,Barat Daya,0.76,0.88,,27.42105263157895,77.78947368421052,10.105263157894736,20.42105263157895,0.5947368421052632,0.9994736842105262,,,,
3586,AF006,Pelabuhan Raha,2026-09-28 12:00:00,2026-09-29,2026-10-02,2026-09-29 09:00:00,Berawan,10.0,28.0,66.0,Timur,10.0,20.0,Tenang,0.1,Barat,0.75,0.47,,27.31578947368421,77.89473684210526,10.105263157894736,20.0,0.6578947368421053,0.9957894736842107,,,,
3587,AF006,Pelabuhan Raha,2026-09-28 12:00:00,2026-09-29,2026-10-02,2026-09-29 10:00:00,Berawan,10.0,26.0,75.0,Timur,10.0,20.0,Tenang,0.1,Barat Laut,0.75,-0.09,,27.157894736842106,78.52631578947368,10.105263157894736,19.473684210526315,0.6894736842105263,0.9857894736842105,,,,
3588,AF006,Pelabuhan Raha,2026-09-28 12:00:00,2026-09-29,2026-10-02,2026-09-29 11:00:00,Cerah Berawan,10.0,26.0,80.0,Timur,7.0,18.0,Tenang,0.1,Barat Laut,0.74,-0.59,,26.94736842105263,79.0,10.578947368421053,18.789473684210527,0.7526315789473684,0.9778947368421054,,,,
3589,AF006,Pelabuhan Raha,2026-09-28 12:00:00,2026-09-29,2026-10-02,2026-09-29 12:00:00,Cerah Berawan,10.0,26.0,80.0,Timur,7.0,15.0,Tenang,0.1,Barat Laut,0.73,-1.06,,26.789473684210527,79.6842105263158,10.578947368421053,18.94736842105263,0.7684210526315789,0.9626315789473684,,,,
3590,AF006,Pelabuhan Raha,2026-09-28 12:00:00,2026-09-29,2026-10-02,2026-09-29 13:00:00,Cerah Berawan,10.0,26.0,80.0,Timur,7.0,15.0,Tenang,0.1,Barat Laut,0.7,-1.32,,26.68421052631579,80.15789473684211,10.578947368421053,19.263157894736842,0.7684210526315789,0.961578947368421,,,,
3591,AF006,Pelabuhan Raha,2026-09-28 12:00:00,2026-09-29,2026-10-02,2026-09-29 14:00:00,Cerah Berawan,10.0,26.0,81.0,Timur,6.0,14.0,Tenang,0.1,Barat Laut,0.67,-1.26,,26.36842105263158,80.3157894736842,9.210526315789474,18.57894736842105,0.7736842105263158,0.9505263157894737,,,,
3592,AF006,Pelabuhan Raha,2026-09-28 12:00:00,2026-09-29,2026-10-02,2026-09-29 15:00:00,Cerah,10.0,25.0,82.0,Timur,6.0,13.0,Tenang,0.1,Barat Daya,0.66,-0.86,,26.263157894736842,80.94736842105263,9.210526315789474,18.0,0.7684210526315789,0.9568421052631578,24.272727272727273,0.0,7.290909090909091,86.9090909090909
3593,AF006,Pelabuhan Raha,2026-09-28 12:00:00,2026-09-29,2026-10-02,2026-09-29 16:00:00,Cerah Berawan,10.0,25.0,84.0,Timur,6.0,11.0,Tenang,0.1,Barat Daya,0.66,-0.28,,25.94736842105263,81.57894736842105,9.210526315789474,16.68421052631579,0.7631578947368421,0.9563157894736843,23.0,0.0,5.683333333333334,93.66666666666667
3594,AF006,Pelabuhan Raha,2026-09-28 12:00:00,2026-09-29,2026-10-02,2026-09-29 17:00:00,Cerah Berawan,10.0,25.0,85.0,Timur,3.0,9.0,Tenang,0.1,Barat Daya,0.66,0.29,,25.842105263157894,82.52631578947368,7.2631578947368425,15.631578947368421,0.7210526315789473,0.9378947368421052,,,,
3595,AF006,Pelabuhan Raha,2026-09-28 12:00:00,2026-09-29,2026-10-02,2026-09-29 18:00:00,Cerah Berawan,10.0,24.0,88.0,Timur,3.0,8.0,Tenang,0.1,Selatan,0.66,0.81,,25.63157894736842,83.15789473684211,7.2631578947368425,14.842105263157896,0.7000000000000001,0.9068421052631579,23.363636363636363,0.0,7.2,89.72727272727273
3596,AF006,Pelabuhan Raha,2026-09-28 12:00:00,2026-09-29,2026-10-02,2026-09-29 19:00:00,Cerah Berawan,10.0,24.0,89.0,Timur,3.0,6.0,Tenang,0.1,Barat Daya,0.63,1.06,,25.57894736842105,83.78947368421052,7.2631578947368425,14.157894736842104,0.6736842105263158,0.8805263157894737,22.666666666666668,0.0,5.266666666666667,95.0
3597,AF006,Pelabuhan Raha,2026-09-28 12:00:00,2026-09-29,2026-10-02,2026-09-29 20:00:00,Berawan,10.0,24.0,90.0,Timur Laut,2.0,5.0,Tenang,0.1,Barat Laut,0.61,0.98,,25.526315789473685,84.3157894736842,6.7368421052631575,13.789473684210526,0.6631578947368421,0.8947368421052632,,,,
3598,AF006,Pelabuhan Raha,2026-09-28 12:00:00,2026-09-29,2026-10-02,2026-09-29 21:00:00,Cerah Berawan,10.0,24.0,90.0,Timur Laut,2.0,4.0,Tenang,0.1,Utara,0.68,0.54,,25.36842105263158,84.52631578947368,6.7368421052631575,13.736842105263158,0.6473684210526316,0.9184210526315789,23.363636363636363,0.0,6.572727272727272,90.45454545454545
3599,AF006,Pelabuhan Raha,2026-09-28 12:00:00,2026-09-29,2026-10-02,2026-09-29 22:00:00,Cerah Berawan,10.0,24.0,89.0,Timur Laut,2.0,4.0,Tenang,0.1,Utara,0.7,-0.07,,25.42105263157895,84.47368421052632,6.7368421052631575,13.789473684210526,0.6210526315789474,0.9405263157894738,24.5,0.0,9.85,85.0
3600,AF006,Pelabuhan Raha,2026-09-28 12:00:00,2026-09-29,2026-10-02,2026-09-29 23:00:00,Cerah Berawan,10.0,26.0,78.0,Timur,6.0,10.0,Tenang,0.1,Utara,0.72,-0.7,,25.736842105263158,81.52631578947368,7.157894736842105,14.368421052631579,0.6157894736842104,0.9536842105263158,,,,
3601,AF007,Pelabuhan Tampo,2026-09-28 12:00:00,2026-09-29,2026-10-02,2026-09-29 00:00:00,Cerah Berawan,10.0,26.0,84.0,Timur Laut,2.0,6.0,Tenang,0.1,Barat Laut,0.76,-1.41,,26.157894736842106,82.0,6.684210526315789,14.842105263157896,0.5789473684210527,0.9310526315789475,,,,
3602,AF007,Pelabuhan Tampo,2026-09-28 12:00:00,2026-09-29,2026-10-02,2026-09-29 01:00:00,Berawan,10.0,27.0,79.0,Timur Laut,2.0,7.0,Tenang,0.1,Barat Laut,0.89,-1.57,,26.57894736842105,80.3157894736842,6.684210526315789,16.42105263157895,0.5684210526315789,0.9336842105263159,,,,
3603,AF007,Pelabuhan Tampo,2026-09-28 12:00:00,2026-09-29,2026-10-02,2026-09-29 02:00:00,Cerah Berawan,10.0,28.0,78.0,Barat Laut,4.0,9.0,Tenang,0.1,Barat Laut,0.98,-1.43,,26.736842105263158,80.42105263157895,7.7368421052631575,17.42105263157895,0.5526315789473685,0.951578947368421,,,,
3604,AF007,Pelabuhan Tampo,2026-09-28 12:00:00,2026-09-29,2026-10-02,2026-09-29 03:00:00,Cerah Berawan,10.0,29.0,72.0,Barat Laut,4.0,10.0,Tenang,0.1,Barat Laut,1.05,-1.0,,26.894736842105264,80.15789473684211,7.7368421052631575,18.210526315789473,0.5631578947368421,0.9778947368421052,,,,
3605,AF007,Pelabuhan Tampo,2026-09-28 12:00:00,2026-09-29,2026-10-02,2026-09-29 04:00:00,Cerah Berawan,10.0,29.0,72.0,Barat Laut,4.0,8.0,Tenang,0.2,Barat,1.0,-0.38,,26.94736842105263,79.47368421052632,7.7368421052631575,18.842105263157894,0.5578947368421052,1.0005263157894735,,,,
3606,AF007,Pelabuhan Tampo,2026-09-28 12:00:00,2026-09-29,2026-10-02,2026-09-29 05:00:00,Cerah Berawan,10.0,30.0,69.0,Timur,6.0,6.0,Tenang,0.3,Barat,0.9,0.24,,27.263157894736842,79.15789473684211,9.368421052631579,19.42105263157895,0.5526315789473685,1.0089473684210528,,,,
3607,AF007,Pelabuhan Tampo,2026-09-28 12:00:00,2026-09-29,2026-10-02,2026-09-29 06:00:00,Berawan,10.0,30.0,65.0,Timur,6.0,10.0,Tenang,0.3,Barat Daya,0.81,0.72,,27.31578947368421,78.6842105263158,9.368421052631579,19.842105263157894,0.5421052631578948,1.0047368421052632,,,,
3608,AF007,Pelabuhan Tampo,2026-09-28 12:00:00,2026-09-29,2026-10-02,2026-09-29 07:00:00,Berawan Tebal,10.0,30.0,61.0,Timur,6.0,12.0,Tenang,0.2,Selatan,0.86,0.96,,27.36842105263158,78.21052631578948,9.368421052631579,20.526315789473685,0.5526315789473685,0.9984210526315789,,,,
3609,AF007,Pelabuhan Tampo,2026-09-28 12:00:00,2026-09-29,2026-10-02,2026-09-29 08:00:00,Berawan,10.0,30.0,62.0,Timur,10.0,14.0,Tenang,0.3,Selatan,0.86,0.82,,27.42105263157895,77.78947368421052,10.105263157894736,20.42105263157895,0.5947368421052632,0.9994736842105262,,,,
3610,AF007,Pelabuhan Tampo,2026-09-28 12:00:00,2026-09-29,2026-10-02,2026-09-29 09:00:00,Berawan,10.0,29.0,66.0,Timur,10.0,15.0,Tenang,0.4,Selatan,0.81,0.42,,27.31578947368421,77.89473684210526,10.105263157894736,20.0,0.6578947368421053,0.9957894736842107,,,,
3611,AF007,Pelabuhan Tampo,2026-09-28 12:00:00,2026-09-29,2026-10-02,2026-09-29 10:00:00,Berawan,10.0,28.0,71.0,Timur,10.0,15.0,Tenang,0.3,Selatan,0.68,-0.1,,27.157894736842106,78.52631578947368,10.105263157894736,19.473684210526315,0.6894736842105263,0.9857894736842105,,,,
3612,AF007,Pelabuhan Tampo,2026-09-28 12:00:00,2026-09-29,2026-10-02,2026-09-29 11:00:00,Cerah Berawan,10.0,27.0,75.0,Timur,8.0,14.0,Tenang,0.3,Barat,0.67,-0.61,,26.94736842105263,79.0,10.578947368421053,18.789473684210527,0.7526315789473684,0.9778947368421054,,,,
3613,AF007,Pelabuhan Tampo,2026-09-28 12:00:00,2026-09-29,2026-10-02,2026-09-29 12:00:00,Cerah Berawan,10.0,26.0,80.0,Timur,8.0,13.0,Tenang,0.4,Barat Laut,0.8,-1.06,,26.789473684210527,79.6842105263158,10.578947368421053,18.94736842105263,0.7684210526315789,0.9626315789473684,,,,
3614,AF007,Pelabuhan Tampo,2026-09-28 12:00:00,2026-09-29,2026-10-02,2026-09-29 13:00:00,Cerah Berawan,10.0,26.0,82.0,Timur,8.0,12.0,Tenang,0.4,Barat Laut,0.88,-1.27,,26.68421052631579,80.15789473684211,10.578947368421053,19.263157894736842,0.7684210526315789,0.961578947368421,,,,
3615,AF007,Pelabuhan Tampo,2026-09-28 12:00:00,2026-09-29,2026-10-02,2026-09-29 14:00:00,Cerah Berawan,10.0,26.0,81.0,Timur,7.0,12.0,Tenang,0.3,Barat Laut,0.99,-1.2,,26.36842105263158,80.3157894736842,9.210526315789474,18.57894736842105,0.7736842105263158,0.9505263157894737,,,,
3616,AF007,Pelabuhan Tampo,2026-09-28 12:00:00,2026-09-29,2026-10-02,2026-09-29 15:00:00,Cerah Berawan,10.0,26.0,82.0,Timur,7.0,12.0,Tenang,0.2,Barat Laut,1.04,-0.82,,26.263157894736842,80.94736842105263,9.210526315789474,18.0,0.7684210526315789,0.9568421052631578,24.272727272727273,0.0,7.290909090909091,86.9090909090909
3617,AF007,Pelabuhan Tampo,2026-09-28 12:00:00,2026-09-29,2026-10-02,2026-09-29 16:00:00,Cerah,10.0,26.0,81.0,Timur,7.0,10.0,Tenang,0.2,Barat Laut,1.01,-0.26,,25.94736842105263,81.57894736842105,9.210526315789474,16.68421052631579,0.7631578947368421,0.9563157894736843,23.0,0.0,5.683333333333334,93.66666666666667
3618,AF007,Pelabuhan Tampo,2026-09-28 12:00:00,2026-09-29,2026-10-02,2026-09-29 17:00:00,Cerah,10.0,26.0,82.0,Timur,3.0,10.0,Tenang,0.1,Barat Laut,0.9,0.34,,25.842105263157894,82.52631578947368,7.2631578947368425,15.631578947368421,0.7210526315789473,0.9378947368421052,,,,
3619,AF007,Pelabuhan Tampo,2026-09-28 12:00:00,2026-09-29,2026-10-02,2026-09-29 18:00:00,Cerah,10.0,25.0,84.0,Timur,3.0,8.0,Tenang,0.1,Barat,0.71,0.79,,25.63157894736842,83.15789473684211,7.2631578947368425,14.842105263157896,0.7000000000000001,0.9068421052631579,23.363636363636363,0.0,7.2,89.72727272727273
3620,AF007,Pelabuhan Tampo,2026-09-28 12:00:00,2026-09-29,2026-10-02,2026-09-29 19:00:00,Cerah Berawan,10.0,25.0,88.0,Timur,3.0,7.0,Tenang,0.2,Selatan,0.67,1.01,,25.57894736842105,83.78947368421052,7.2631578947368425,14.157894736842104,0.6736842105263158,0.8805263157894737,22.666666666666668,0.0,5.266666666666667,95.0
3621,AF007,Pelabuhan Tampo,2026-09-28 12:00:00,2026-09-29,2026-10-02,2026-09-29 20:00:00,Berawan,10.0,25.0,90.0,Timur Laut,2.0,6.0,Tenang,0.2,Tenggara,0.74,0.9,,25.526315789473685,84.3157894736842,6.7368421052631575,13.789473684210526,0.6631578947368421,0.8947368421052632,,,,
3622,AF007,Pelabuhan Tampo,2026-09-28 12:00:00,2026-09-29,2026-10-02,2026-09-29 21:00:00,Cerah Berawan,10.0,25.0,91.0,Timur Laut,2.0,6.0,Tenang,0.2,Tenggara,0.71,0.45,,25.36842105263158,84.52631578947368,6.7368421052631575,13.736842105263158,0.6473684210526316,0.9184210526315789,23.363636363636363,0.0,6.572727272727272,90.45454545454545
3623,AF007,Pelabuhan Tampo,2026-09-28 12:00:00,2026-09-29,2026-10-02,2026-09-29 22:00:00,Cerah,10.0,25.0,90.0,Timur Laut,2.0,6.0,Tenang,0.2,Tenggara,0.63,-0.12,,25.42105263157895,84.47368421052632,6.7368421052631575,13.789473684210526,0.6210526315789474,0.9405263157894738,24.5,0.0,9.85,85.0
3624,AF007,Pelabuhan Tampo,2026-09-28 12:00:00,2026-09-29,2026-10-02,2026-09-29 23:00:00,Cerah Berawan,10.0,26.0,84.0,Timur Laut,3.0,7.0,Tenang,0.2,Barat Laut,0.61,-0.73,,25.736842105263158,81.52631578947368,7.157894736842105,14.368421052631579,0.6157894736842104,0.9536842105263158,,,,
3625,AF008,Pelabuhan Pure,2026-09-28 12:00:00,2026-09-29,2026-10-02,2026-09-29 00:00:00,Berawan,10.0,26.0,79.0,Timur,4.0,14.0,Tenang,0.1,Utara,0.8,-1.41,,26.157894736842106,82.0,6.684210526315789,14.842105263157896,0.5789473684210527,0.9310526315789475,,,,
3626,AF008,Pelabuhan Pure,2026-09-28 12:00:00,2026-09-29,2026-10-02,2026-09-29 01:00:00,Cerah Berawan,10.0,28.0,73.0,Timur,4.0,17.0,Tenang,0.1,Utara,0.81,-1.63,,26.57894736842105,80.3157894736842,6.684210526315789,16.42105263157895,0.5684210526315789,0.9336842105263159,,,,
3627,AF008,Pelabuhan Pure,2026-09-28 12:00:00,2026-09-29,2026-10-02,2026-09-29 02:00:00,Cerah Berawan,10.0,28.0,71.0,Timur,7.0,18.0,Tenang,0.1,Barat Laut,0.75,-1.5,,26.736842105263158,80.42105263157895,7.7368421052631575,17.42105263157895,0.5526315789473685,0.951578947368421,,,,
3628,AF008,Pelabuhan Pure,2026-09-28 12:00:00,2026-09-29,2026-10-02,2026-09-29 03:00:00,Cerah Berawan,10.0,29.0,68.0,Timur,7.0,18.0,Tenang,0.1,Barat,0.74,-1.05,,26.894736842105264,80.15789473684211,7.7368421052631575,18.210526315789473,0.5631578947368421,0.9778947368421052,,,,
3629,AF008,Pelabuhan Pure,2026-09-28 12:00:00,2026-09-29,2026-10-02,2026-09-29 04:00:00,Cerah Berawan,10.0,29.0,68.0,Timur,7.0,20.0,Tenang,0.1,Barat Daya,0.81,-0.4,,26.94736842105263,79.47368421052632,7.7368421052631575,18.842105263157894,0.5578947368421052,1.0005263157894735,,,,
3630,AF008,Pelabuhan Pure,2026-09-28 12:00:00,2026-09-29,2026-10-02,2026-09-29 05:00:00,Cerah Berawan,10.0,29.0,65.0,Timur,9.0,21.0,Tenang,0.1,Barat Daya,0.95,0.2,,27.263157894736842,79.15789473684211,9.368421052631579,19.42105263157895,0.5526315789473685,1.0089473684210528,,,,
3631,AF008,Pelabuhan Pure,2026-09-28 12:00:00,2026-09-29,2026-10-02,2026-09-29 06:00:00,Berawan,10.0,29.0,64.0,Timur,9.0,22.0,Tenang,0.1,Selatan,1.01,0.7,,27.31578947368421,78.6842105263158,9.368421052631579,19.842105263157894,0.5421052631578948,1.0047368421052632,,,,
3632,AF008,Pelabuhan Pure,2026-09-28 12:00:00,2026-09-29,2026-10-02,2026-09-29 07:00:00,Berawan,10.0,28.0,65.0,Timur,9.0,22.0,Tenang,0.1,Barat Daya,1.02,0.97,,27.36842105263158,78.21052631578948,9.368421052631579,20.526315789473685,0.5526315789473685,0.9984210526315789,,,,
3633,AF008,Pelabuhan Pure,2026-09-28 12:00:00,2026-09-29,2026-10-02,2026-09-29 08:00:00,Berawan,10.0,28.0,68.0,Timur,9.0,21.0,Tenang,0.1,Barat Daya,0.95,0.87,,27.42105263157895,77.78947368421052,10.105263157894736,20.42105263157895,0.5947368421052632,0.9994736842105262,,,,
3634,AF008,Pelabuhan Pure,2026-09-28 12:00:00,2026-09-29,2026-10-02,2026-09-29 09:00:00,Berawan,10.0,27.0,76.0,Timur,9.0,20.0,Tenang,0.1,Barat Daya,0.84,0.46,,27.31578947368421,77.89473684210526,10.105263157894736,20.0,0.6578947368421053,0.9957894736842107,,,,
3635,AF008,Pelabuhan Pure,2026-09-28 12:00:00,2026-09-29,2026-10-02,2026-09-29 10:00:00,Berawan,10.0,25.0,83.0,Timur,9.0,19.0,Tenang,0.1,Barat,0.76,-0.08,,27.157894736842106,78.52631578947368,10.105263157894736,19.473684210526315,0.6894736842105263,0.9857894736842105,,,,
3636,AF008,Pelabuhan Pure,2026-09-28 12:00:00,2026-09-29,2026-10-02,2026-09-29 11:00:00,Berawan,10.0,25.0,84.0,Timur,8.0,16.0,Tenang,0.1,Barat,0.72,-0.62,,26.94736842105263,79.0,10.578947368421053,18.789473684210527,0.7526315789473684,0.9778947368421054,,,,
3637,AF008,Pelabuhan Pure,2026-09-28 12:00:00,2026-09-29,2026-10-02,2026-09-29 12:00:00,Cerah Berawan,10.0,25.0,83.0,Timur,8.0,16.0,Tenang,0.1,Barat Laut,0.7,-1.06,,26.789473684210527,79.6842105263158,10.578947368421053,18.94736842105263,0.7684210526315789,0.9626315789473684,,,,
3638,AF008,Pelabuhan Pure,2026-09-28 12:00:00,2026-09-29,2026-10-02,2026-09-29 13:00:00,Cerah Berawan,10.0,25.0,83.0,Timur,8.0,15.0,Tenang,0.1,Barat Laut,0.79,-1.3,,26.68421052631579,80.15789473684211,10.578947368421053,19.263157894736842,0.7684210526315789,0.961578947368421,,,,
3639,AF008,Pelabuhan Pure,2026-09-28 12:00:00,2026-09-29,2026-10-02,2026-09-29 14:00:00,Cerah Berawan,10.0,25.0,84.0,Timur,6.0,14.0,Tenang,0.1,Utara,0.8,-1.25,,26.36842105263158,80.3157894736842,9.210526315789474,18.57894736842105,0.7736842105263158,0.9505263157894737,,,,
3640,AF008,Pelabuhan Pure,2026-09-28 12:00:00,2026-09-29,2026-10-02,2026-09-29 15:00:00,Cerah Berawan,10.0,25.0,86.0,Timur,6.0,14.0,Tenang,0.1,Barat Laut,0.72,-0.87,,26.263157894736842,80.94736842105263,9.210526315789474,18.0,0.7684210526315789,0.9568421052631578,24.272727272727273,0.0,7.290909090909091,86.9090909090909
3641,AF008,Pelabuhan Pure,2026-09-28 12:00:00,2026-09-29,2026-10-02,2026-09-29 16:00:00,Cerah Berawan,10.0,24.0,88.0,Timur,6.0,12.0,Tenang,0.1,Barat Daya,0.66,-0.29,,25.94736842105263,81.57894736842105,9.210526315789474,16.68421052631579,0.7631578947368421,0.9563157894736843,23.0,0.0,5.683333333333334,93.66666666666667
3642,AF008,Pelabuhan Pure,2026-09-28 12:00:00,2026-09-29,2026-10-02,2026-09-29 17:00:00,Cerah Berawan,10.0,24.0,88.0,Timur Laut,3.0,10.0,Tenang,0.1,Selatan,0.77,0.31,,25.842105263157894,82.52631578947368,7.2631578947368425,15.631578947368421,0.7210526315789473,0.9378947368421052,,,,
3643,AF008,Pelabuhan Pure,2026-09-28 12:00:00,2026-09-29,2026-10-02,2026-09-29 18:00:00,Cerah Berawan,10.0,24.0,90.0,Timur Laut,3.0,9.0,Tenang,0.1,Selatan,0.81,0.79,,25.63157894736842,83.15789473684211,7.2631578947368425,14.842105263157896,0.7000000000000001,0.9068421052631579,23.363636363636363,0.0,7.2,89.72727272727273
3644,AF008,Pelabuhan Pure,2026-09-28 12:00:00,2026-09-29,2026-10-02,2026-09-29 19:00:00,Cerah Berawan,10.0,24.0,90.0,Timur Laut,3.0,7.0,Tenang,0.1,Selatan,0.85,1.05,,25.57894736842105,83.78947368421052,7.2631578947368425,14.157894736842104,0.6736842105263158,0.8805263157894737,22.666666666666668,0.0,5.266666666666667,95.0
3645,AF008,Pelabuhan Pure,2026-09-28 12:00:00,2026-09-29,2026-10-02,2026-09-29 20:00:00,Berawan Tebal,10.0,24.0,91.0,Timur,3.0,7.0,Tenang,0.1,Selatan,0.78,0.98,,25.526315789473685,84.3157894736842,6.7368421052631575,13.789473684210526,0.6631578947368421,0.8947368421052632,,,,
3646,AF008,Pelabuhan Pure,2026-09-28 12:00:00,2026-09-29,2026-10-02,2026-09-29 21:00:00,Cerah Berawan,10.0,24.0,90.0,Timur,3.0,6.0,Tenang,0.1,Barat Daya,0.64,0.53,,25.36842105263158,84.52631578947368,6.7368421052631575,13.736842105263158,0.6473684210526316,0.9184210526315789,23.363636363636363,0.0,6.572727272727272,90.45454545454545
3647,AF008,Pelabuhan Pure,2026-09-28 12:00:00,2026-09-29,2026-10-02,2026-09-29 22:00:00,Cerah Berawan,10.0,24.0,91.0,Timur,3.0,7.0,Tenang,0.1,Utara,0.69,-0.07,,25.42105263157895,84.47368421052632,6.7368421052631575,13.789473684210526,0.6210526315789474,0.9405263157894738,24.5,0.0,9.85,85.0
3648,AF008,Pelabuhan Pure,2026-09-28 12:00:00,2026-09-29,2026-10-02,2026-09-29 23:00:00,Cerah Berawan,10.0,25.0,81.0,Timur,6.0,12.0,Tenang,0.1,Utara,0.74,-0.69,,25.736842105263158,81.52631578947368,7.157894736842105,14.368421052631579,0.6157894736842104,0.9536842105263158,,,,
3649,AF009,Pelabuhan Tondasi,2026-09-28 12:00:00,2026-09-29,2026-10-02,2026-09-29 00:00:00,Berawan,10.0,27.0,79.0,Timur Laut,5.0,9.0,Tenang,0.1,Barat Daya,1.5,-1.53,,26.157894736842106,82.0,6.684210526315789,14.842105263157896,0.5789473684210527,0.9310526315789475,,,,
3650,AF009,Pelabuhan Tondasi,2026-09-28 12:00:00,2026-09-29,2026-10-02,2026-09-29 01:00:00,Berawan,10.0,27.0,78.0,Timur Laut,5.0,11.0,Tenang,0.1,Barat Daya,0.88,-1.69,,26.57894736842105,80.3157894736842,6.684210526315789,16.42105263157895,0.5684210526315789,0.9336842105263159,,,,
3651,AF009,Pelabuhan Tondasi,2026-09-28 12:00:00,2026-09-29,2026-10-02,2026-09-29 02:00:00,Berawan,10.0,27.0,78.0,Utara,5.0,13.0,Tenang,0.1,Timur,0.96,-1.5,,26.736842105263158,80.42105263157895,7.7368421052631575,17.42105263157895,0.5526315789473685,0.951578947368421,,,,
3652,AF009,Pelabuhan Tondasi,2026-09-28 12:00:00,2026-09-29,2026-10-02,2026-09-29 03:00:00,Cerah Berawan,10.0,28.0,74.0,Utara,5.0,14.0,Tenang,0.1,Timur,1.59,-1.02,,26.894736842105264,80.15789473684211,7.7368421052631575,18.210526315789473,0.5631578947368421,0.9778947368421052,,,,
3653,AF009,Pelabuhan Tondasi,2026-09-28 12:00:00,2026-09-29,2026-10-02,2026-09-29 04:00:00,Cerah Berawan,10.0,29.0,69.0,Utara,5.0,12.0,Tenang,0.1,Timur,1.92,-0.35,,26.94736842105263,79.47368421052632,7.7368421052631575,18.842105263157894,0.5578947368421052,1.0005263157894735,,,,
3654,AF009,Pelabuhan Tondasi,2026-09-28 12:00:00,2026-09-29,2026-10-02,2026-09-29 05:00:00,Cerah Berawan,10.0,30.0,66.0,Timur Laut,7.0,12.0,Tenang,0.1,Timur,1.81,0.36,,27.263157894736842,79.15789473684211,9.368421052631579,19.42105263157895,0.5526315789473685,1.0089473684210528,,,,
3655,AF009,Pelabuhan Tondasi,2026-09-28 12:00:00,2026-09-29,2026-10-02,2026-09-29 06:00:00,Berawan,10.0,30.0,66.0,Timur Laut,7.0,11.0,Tenang,0.1,Timur,1.4,0.88,,27.31578947368421,78.6842105263158,9.368421052631579,19.842105263157894,0.5421052631578948,1.0047368421052632,,,,
3656,AF009,Pelabuhan Tondasi,2026-09-28 12:00:00,2026-09-29,2026-10-02,2026-09-29 07:00:00,Berawan,10.0,31.0,62.0,Timur Laut,7.0,13.0,Tenang,0.1,Tenggara,0.78,1.02,,27.36842105263158,78.21052631578948,9.368421052631579,20.526315789473685,0.5526315789473685,0.9984210526315789,,,,
3657,AF009,Pelabuhan Tondasi,2026-09-28 12:00:00,2026-09-29,2026-10-02,2026-09-29 08:00:00,Berawan Tebal,10.0,31.0,58.0,Timur,9.0,13.0,Tenang,0.1,Barat Daya,1.24,0.86,,27.42105263157895,77.78947368421052,10.105263157894736,20.42105263157895,0.5947368421052632,0.9994736842105262,,,,
3658,AF009,Pelabuhan Tondasi,2026-09-28 12:00:00,2026-09-29,2026-10-02,2026-09-29 09:00:00,Berawan,10.0,30.0,56.0,Timur,9.0,14.0,Tenang,0.1,Barat Daya,1.69,0.42,,27.31578947368421,77.89473684210526,10.105263157894736,20.0,0.6578947368421053,0.9957894736842107,,,,
3659,AF009,Pelabuhan Tondasi,2026-09-28 12:00:00,2026-09-29,2026-10-02,2026-09-29 10:00:00,Berawan,10.0,29.0,64.0,Timur,9.0,15.0,Tenang,0.1,Barat,1.89,-0.14,,27.157894736842106,78.52631578947368,10.105263157894736,19.473684210526315,0.6894736842105263,0.9857894736842105,,,,
3660,AF009,Pelabuhan Tondasi,2026-09-28 12:00:00,2026-09-29,2026-10-02,2026-09-29 11:00:00,Cerah Berawan,10.0,27.0,71.0,Timur,8.0,15.0,Tenang,0.1,Barat,1.9,-0.7,,26.94736842105263,79.0,10.578947368421053,18.789473684210527,0.7526315789473684,0.9778947368421054,,,,
3661,AF009,Pelabuhan Tondasi,2026-09-28 12:00:00,2026-09-29,2026-10-02,2026-09-29 12:00:00,Cerah Berawan,10.0,27.0,76.0,Timur,8.0,14.0,Tenang,0.1,Barat,1.57,-1.16,,26.789473684210527,79.6842105263158,10.578947368421053,18.94736842105263,0.7684210526315789,0.9626315789473684,,,,
3662,AF009,Pelabuhan Tondasi,2026-09-28 12:00:00,2026-09-29,2026-10-02,2026-09-29 13:00:00,Cerah Berawan,10.0,26.0,79.0,Timur,8.0,13.0,Tenang,0.1,Barat,1.01,-1.37,,26.68421052631579,80.15789473684211,10.578947368421053,19.263157894736842,0.7684210526315789,0.961578947368421,,,,
3663,AF009,Pelabuhan Tondasi,2026-09-28 12:00:00,2026-09-29,2026-10-02,2026-09-29 14:00:00,Cerah Berawan,10.0,26.0,81.0,Timur,5.0,12.0,Tenang,0.1,Timur,0.93,-1.24,,26.36842105263158,80.3157894736842,9.210526315789474,18.57894736842105,0.7736842105263158,0.9505263157894737,,,,
3664,AF009,Pelabuhan Tondasi,2026-09-28 12:00:00,2026-09-29,2026-10-02,2026-09-29 15:00:00,Cerah Berawan,10.0,26.0,83.0,Timur,5.0,11.0,Tenang,0.1,Timur,1.54,-0.81,,26.263157894736842,80.94736842105263,9.210526315789474,18.0,0.7684210526315789,0.9568421052631578,24.272727272727273,0.0,7.290909090909091,86.9090909090909
3665,AF009,Pelabuhan Tondasi,2026-09-28 12:00:00,2026-09-29,2026-10-02,2026-09-29 16:00:00,Cerah,10.0,26.0,84.0,Timur,5.0,10.0,Tenang,0.1,Timur,1.81,-0.21,,25.94736842105263,81.57894736842105,9.210526315789474,16.68421052631579,0.7631578947368421,0.9563157894736843,23.0,0.0,5.683333333333334,93.66666666666667
3666,AF009,Pelabuhan Tondasi,2026-09-28 12:00:00,2026-09-29,2026-10-02,2026-09-29 17:00:00,Cerah,10.0,25.0,85.0,Timur Laut,5.0,10.0,Tenang,0.1,Timur,1.74,0.43,,25.842105263157894,82.52631578947368,7.2631578947368425,15.631578947368421,0.7210526315789473,0.9378947368421052,,,,
3667,AF009,Pelabuhan Tondasi,2026-09-28 12:00:00,2026-09-29,2026-10-02,2026-09-29 18:00:00,Cerah,10.0,25.0,84.0,Timur Laut,5.0,11.0,Tenang,0.1,Timur,1.35,0.93,,25.63157894736842,83.15789473684211,7.2631578947368425,14.842105263157896,0.7000000000000001,0.9068421052631579,23.363636363636363,0.0,7.2,89.72727272727273
3668,AF009,Pelabuhan Tondasi,2026-09-28 12:00:00,2026-09-29,2026-10-02,2026-09-29 19:00:00,Cerah Berawan,10.0,25.0,85.0,Timur Laut,5.0,11.0,Tenang,0.2,Timur,0.78,1.14,,25.57894736842105,83.78947368421052,7.2631578947368425,14.157894736842104,0.6736842105263158,0.8805263157894737,22.666666666666668,0.0,5.266666666666667,95.0
3669,AF009,Pelabuhan Tondasi,2026-09-28 12:00:00,2026-09-29,2026-10-02,2026-09-29 20:00:00,Cerah Berawan,10.0,25.0,87.0,Timur,4.0,10.0,Tenang,0.2,Barat,1.12,0.98,,25.526315789473685,84.3157894736842,6.7368421052631575,13.789473684210526,0.6631578947368421,0.8947368421052632,,,,
3670,AF009,Pelabuhan Tondasi,2026-09-28 12:00:00,2026-09-29,2026-10-02,2026-09-29 21:00:00,Cerah Berawan,10.0,25.0,88.0,Timur,4.0,9.0,Tenang,0.2,Barat,1.63,0.51,,25.36842105263158,84.52631578947368,6.7368421052631575,13.736842105263158,0.6473684210526316,0.9184210526315789,23.363636363636363,0.0,6.572727272727272,90.45454545454545
3671,AF009,Pelabuhan Tondasi,2026-09-28 12:00:00,2026-09-29,2026-10-02,2026-09-29 22:00:00,Cerah,10.0,25.0,88.0,Timur,4.0,8.0,Tenang,0.1,Barat,1.86,-0.14,,25.42105263157895,84.47368421052632,6.7368421052631575,13.789473684210526,0.6210526315789474,0.9405263157894738,24.5,0.0,9.85,85.0
3672,AF009,Pelabuhan Tondasi,2026-09-28 12:00:00,2026-09-29,2026-10-02,2026-09-29 23:00:00,Cerah,10.0,26.0,82.0,Timur Laut,6.0,9.0,Tenang,0.1,Barat,1.98,-0.84,,25.736842105263158,81.52631578947368,7.157894736842105,14.368421052631579,0.6157894736842104,0.9536842105263158,,,,
3673,AF010,Pelabuhan Tobaku,2026-09-28 12:00:00,2026-09-29,2026-10-02,2026-09-29 00:00:00,Cerah Berawan,10.0,26.0,77.0,Utara,5.0,9.0,Tenang,0.4,Selatan,0.69,-1.27,,26.157894736842106,82.0,6.684210526315789,14.842105263157896,0.5789473684210527,0.9310526315789475,,,,
3674,AF010,Pelabuhan Tobaku,2026-09-28 12:00:00,2026-09-29,2026-10-02,2026-09-29 01:00:00,Cerah Berawan,10.0,26.0,79.0,Utara,5.0,8.0,Tenang,0.4,Selatan,0.74,-1.26,,26.57894736842105,80.3157894736842,6.684210526315789,16.42105263157895,0.5684210526315789,0.9336842105263159,,,,
3675,AF010,Pelabuhan Tobaku,2026-09-28 12:00:00,2026-09-29,2026-10-02,2026-09-29 02:00:00,Cerah Berawan,10.0,26.0,80.0,Barat Laut,3.0,8.0,Tenang,0.4,Selatan,0.77,-1.0,,26.736842105263158,80.42105263157895,7.7368421052631575,17.42105263157895,0.5526315789473685,0.951578947368421,,,,
3676,AF010,Pelabuhan Tobaku,2026-09-28 12:00:00,2026-09-29,2026-10-02,2026-09-29 03:00:00,Cerah Berawan,10.0,26.0,80.0,Barat Laut,3.0,7.0,Tenang,0.4,Selatan,0.77,-0.55,,26.894736842105264,80.15789473684211,7.7368421052631575,18.210526315789473,0.5631578947368421,0.9778947368421052,,,,
3677,AF010,Pelabuhan Tobaku,2026-09-28 12:00:00,2026-09-29,2026-10-02,2026-09-29 04:00:00,Cerah Berawan,10.0,27.0,78.0,Barat Laut,3.0,5.0,Tenang,0.3,Selatan,0.76,-0.02,,26.94736842105263,79.47368421052632,7.7368421052631575,18.842105263157894,0.5578947368421052,1.0005263157894735,,,,
3678,AF010,Pelabuhan Tobaku,2026-09-28 12:00:00,2026-09-29,2026-10-02,2026-09-29 05:00:00,Cerah Berawan,10.0,27.0,73.0,Barat Daya,3.0,4.0,Tenang,0.3,Selatan,0.72,0.41,,27.263157894736842,79.15789473684211,9.368421052631579,19.42105263157895,0.5526315789473685,1.0089473684210528,,,,
3679,AF010,Pelabuhan Tobaku,2026-09-28 12:00:00,2026-09-29,2026-10-02,2026-09-29 06:00:00,Cerah Berawan,10.0,27.0,74.0,Barat Daya,3.0,6.0,Tenang,0.3,Selatan,0.65,0.65,,27.31578947368421,78.6842105263158,9.368421052631579,19.842105263157894,0.5421052631578948,1.0047368421052632,,,,
3680,AF010,Pelabuhan Tobaku,2026-09-28 12:00:00,2026-09-29,2026-10-02,2026-09-29 07:00:00,Cerah Berawan,10.0,28.0,75.0,Barat Daya,3.0,10.0,Tenang,0.4,Timur Laut,0.66,0.7,,27.36842105263158,78.21052631578948,9.368421052631579,20.526315789473685,0.5526315789473685,0.9984210526315789,,,,
3681,AF010,Pelabuhan Tobaku,2026-09-28 12:00:00,2026-09-29,2026-10-02,2026-09-29 08:00:00,Cerah Berawan,10.0,28.0,72.0,Barat Daya,7.0,13.0,Tenang,0.4,Utara,0.73,0.54,,27.42105263157895,77.78947368421052,10.105263157894736,20.42105263157895,0.5947368421052632,0.9994736842105262,,,,
3682,AF010,Pelabuhan Tobaku,2026-09-28 12:00:00,2026-09-29,2026-10-02,2026-09-29 09:00:00,Berawan,10.0,28.0,69.0,Barat Daya,7.0,13.0,Rendah,0.5,Utara,0.8,0.17,,27.31578947368421,77.89473684210526,10.105263157894736,20.0,0.6578947368421053,0.9957894736842107,,,,
3683,AF010,Pelabuhan Tobaku,2026-09-28 12:00:00,2026-09-29,2026-10-02,2026-09-29 10:00:00,Berawan,10.0,27.0,67.0,Barat Daya,7.0,13.0,Tenang,0.4,Utara,0.78,-0.31,,27.157894736842106,78.52631578947368,10.105263157894736,19.473684210526315,0.6894736842105263,0.9857894736842105,,,,
3684,AF010,Pelabuhan Tobaku,2026-09-28 12:00:00,2026-09-29,2026-10-02,2026-09-29 11:00:00,Berawan,10.0,27.0,72.0,Selatan,4.0,13.0,Tenang,0.4,Utara,0.77,-0.72,,26.94736842105263,79.0,10.578947368421053,18.789473684210527,0.7526315789473684,0.9778947368421054,,,,
3685,AF010,Pelabuhan Tobaku,2026-09-28 12:00:00,2026-09-29,2026-10-02,2026-09-29 12:00:00,Berawan Tebal,10.0,26.0,78.0,Selatan,4.0,11.0,Tenang,0.4,Utara,0.74,-0.94,,26.789473684210527,79.6842105263158,10.578947368421053,18.94736842105263,0.7684210526315789,0.9626315789473684,,,,
3686,AF010,Pelabuhan Tobaku,2026-09-28 12:00:00,2026-09-29,2026-10-02,2026-09-29 13:00:00,Berawan Tebal,10.0,26.0,81.0,Selatan,4.0,10.0,Tenang,0.4,Utara,0.76,-0.94,,26.68421052631579,80.15789473684211,10.578947368421053,19.263157894736842,0.7684210526315789,0.961578947368421,,,,
3687,AF010,Pelabuhan Tobaku,2026-09-28 12:00:00,2026-09-29,2026-10-02,2026-09-29 14:00:00,Berawan Tebal,10.0,26.0,82.0,Timur,3.0,6.0,Tenang,0.4,Utara,0.76,-0.76,,26.36842105263158,80.3157894736842,9.210526315789474,18.57894736842105,0.7736842105263158,0.9505263157894737,,,,
3688,AF010,Pelabuhan Tobaku,2026-09-28 12:00:00,2026-09-29,2026-10-02,2026-09-29 15:00:00,Berawan Tebal,10.0,26.0,79.0,Timur,3.0,6.0,Tenang,0.4,Utara,0.79,-0.4,,26.263157894736842,80.94736842105263,9.210526315789474,18.0,0.7684210526315789,0.9568421052631578,24.272727272727273,0.0,7.290909090909091,86.9090909090909
3689,AF010,Pelabuhan Tobaku,2026-09-28 12:00:00,2026-09-29,2026-10-02,2026-09-29 16:00:00,Berawan,10.0,26.0,77.0,Timur,3.0,6.0,Tenang,0.4,Utara,0.82,0.09,,25.94736842105263,81.57894736842105,9.210526315789474,16.68421052631579,0.7631578947368421,0.9563157894736843,23.0,0.0,5.683333333333334,93.66666666666667
3690,AF010,Pelabuhan Tobaku,2026-09-28 12:00:00,2026-09-29,2026-10-02,2026-09-29 17:00:00,Cerah Berawan,10.0,25.0,76.0,Timur Laut,6.0,8.0,Tenang,0.4,Utara,0.82,0.53,,25.842105263157894,82.52631578947368,7.2631578947368425,15.631578947368421,0.7210526315789473,0.9378947368421052,,,,
3691,AF010,Pelabuhan Tobaku,2026-09-28 12:00:00,2026-09-29,2026-10-02,2026-09-29 18:00:00,Cerah Berawan,10.0,25.0,79.0,Timur Laut,6.0,10.0,Tenang,0.3,Utara,0.78,0.8,,25.63157894736842,83.15789473684211,7.2631578947368425,14.842105263157896,0.7000000000000001,0.9068421052631579,23.363636363636363,0.0,7.2,89.72727272727273
3692,AF010,Pelabuhan Tobaku,2026-09-28 12:00:00,2026-09-29,2026-10-02,2026-09-29 19:00:00,Cerah Berawan,10.0,25.0,81.0,Timur Laut,6.0,12.0,Tenang,0.3,Utara,0.74,0.82,,25.57894736842105,83.78947368421052,7.2631578947368425,14.157894736842104,0.6736842105263158,0.8805263157894737,22.666666666666668,0.0,5.266666666666667,95.0
3693,AF010,Pelabuhan Tobaku,2026-09-28 12:00:00,2026-09-29,2026-10-02,2026-09-29 20:00:00,Cerah Berawan,10.0,24.0,82.0,Timur Laut,7.0,13.0,Tenang,0.3,Utara,0.69,0.6,,25.526315789473685,84.3157894736842,6.7368421052631575,13.789473684210526,0.6631578947368421,0.8947368421052632,,,,
3694,AF010,Pelabuhan Tobaku,2026-09-28 12:00:00,2026-09-29,2026-10-02,2026-09-29 21:00:00,Cerah Berawan,10.0,24.0,83.0,Timur Laut,7.0,13.0,Tenang,0.4,Barat Laut,0.62,0.19,,25.36842105263158,84.52631578947368,6.7368421052631575,13.736842105263158,0.6473684210526316,0.9184210526315789,23.363636363636363,0.0,6.572727272727272,90.45454545454545
3695,AF010,Pelabuhan Tobaku,2026-09-28 12:00:00,2026-09-29,2026-10-02,2026-09-29 22:00:00,Cerah Berawan,10.0,24.0,84.0,Timur Laut,7.0,12.0,Tenang,0.4,Barat Daya,0.63,-0.38,,25.42105263157895,84.47368421052632,6.7368421052631575,13.789473684210526,0.6210526315789474,0.9405263157894738,24.5,0.0,9.85,85.0
3696,AF010,Pelabuhan Tobaku,2026-09-28 12:00:00,2026-09-29,2026-10-02,2026-09-29 23:00:00,Cerah Berawan,10.0,25.0,83.0,Utara,4.0,10.0,Tenang,0.4,Selatan,0.68,-0.92,,25.736842105263158,81.52631578947368,7.157894736842105,14.368421052631579,0.6157894736842104,0.9536842105263158,,,,
3697,AF011,Pelabuhan Kasipute,2026-09-28 12:00:00,2026-09-29,2026-10-02,2026-09-29 00:00:00,Cerah Berawan,10.0,26.0,82.0,Utara,6.0,9.0,Tenang,0.1,Tenggara,0.76,-1.5,,26.157894736842106,82.0,6.684210526315789,14.842105263157896,0.5789473684210527,0.9310526315789475,,,,
3698,AF011,Pelabuhan Kasipute,2026-09-28 12:00:00,2026-09-29,2026-10-02,2026-09-29 01:00:00,Cerah Berawan,10.0,27.0,78.0,Utara,6.0,9.0,Tenang,0.1,Selatan,0.68,-1.62,,26.57894736842105,80.3157894736842,6.684210526315789,16.42105263157895,0.5684210526315789,0.9336842105263159,,,,
3699,AF011,Pelabuhan Kasipute,2026-09-28 12:00:00,2026-09-29,2026-10-02,2026-09-29 02:00:00,Cerah Berawan,10.0,27.0,75.0,Utara,5.0,8.0,Tenang,0.1,Barat Daya,0.69,-1.4,,26.736842105263158,80.42105263157895,7.7368421052631575,17.42105263157895,0.5526315789473685,0.951578947368421,,,,
3700,AF011,Pelabuhan Kasipute,2026-09-28 12:00:00,2026-09-29,2026-10-02,2026-09-29 03:00:00,Cerah Berawan,10.0,28.0,71.0,Utara,5.0,7.0,Tenang,0.1,Barat,0.73,-0.91,,26.894736842105264,80.15789473684211,7.7368421052631575,18.210526315789473,0.5631578947368421,0.9778947368421052,,,,
3701,AF011,Pelabuhan Kasipute,2026-09-28 12:00:00,2026-09-29,2026-10-02,2026-09-29 04:00:00,Cerah Berawan,10.0,29.0,65.0,Utara,5.0,6.0,Tenang,0.1,Barat,0.76,-0.24,,26.94736842105263,79.47368421052632,7.7368421052631575,18.842105263157894,0.5578947368421052,1.0005263157894735,,,,
3702,AF011,Pelabuhan Kasipute,2026-09-28 12:00:00,2026-09-29,2026-10-02,2026-09-29 05:00:00,Berawan,10.0,29.0,62.0,Timur Laut,5.0,6.0,Tenang,0.1,Barat,0.74,0.39,,27.263157894736842,79.15789473684211,9.368421052631579,19.42105263157895,0.5526315789473685,1.0089473684210528,,,,
3703,AF011,Pelabuhan Kasipute,2026-09-28 12:00:00,2026-09-29,2026-10-02,2026-09-29 06:00:00,Berawan,10.0,29.0,64.0,Timur Laut,5.0,7.0,Tenang,0.1,Barat Daya,0.69,0.81,,27.31578947368421,78.6842105263158,9.368421052631579,19.842105263157894,0.5421052631578948,1.0047368421052632,,,,
3704,AF011,Pelabuhan Kasipute,2026-09-28 12:00:00,2026-09-29,2026-10-02,2026-09-29 07:00:00,Berawan,10.0,29.0,66.0,Timur Laut,5.0,10.0,Tenang,0.1,Selatan,0.72,0.92,,27.36842105263158,78.21052631578948,9.368421052631579,20.526315789473685,0.5526315789473685,0.9984210526315789,,,,
3705,AF011,Pelabuhan Kasipute,2026-09-28 12:00:00,2026-09-29,2026-10-02,2026-09-29 08:00:00,Berawan,10.0,29.0,68.0,Timur Laut,5.0,13.0,Tenang,0.1,Selatan,0.78,0.79,,27.42105263157895,77.78947368421052,10.105263157894736,20.42105263157895,0.5947368421052632,0.9994736842105262,,,,
3706,AF011,Pelabuhan Kasipute,2026-09-28 12:00:00,2026-09-29,2026-10-02,2026-09-29 09:00:00,Berawan Tebal,10.0,29.0,73.0,Timur Laut,5.0,13.0,Tenang,0.1,Tenggara,0.84,0.4,,27.31578947368421,77.89473684210526,10.105263157894736,20.0,0.6578947368421053,0.9957894736842107,,,,
3707,AF011,Pelabuhan Kasipute,2026-09-28 12:00:00,2026-09-29,2026-10-02,2026-09-29 10:00:00,Berawan,10.0,28.0,79.0,Timur Laut,5.0,13.0,Tenang,0.1,Tenggara,0.84,-0.16,,27.157894736842106,78.52631578947368,10.105263157894736,19.473684210526315,0.6894736842105263,0.9857894736842105,,,,
3708,AF011,Pelabuhan Kasipute,2026-09-28 12:00:00,2026-09-29,2026-10-02,2026-09-29 11:00:00,Berawan,10.0,27.0,75.0,Timur,12.0,16.0,Tenang,0.2,Tenggara,0.79,-0.73,,26.94736842105263,79.0,10.578947368421053,18.789473684210527,0.7526315789473684,0.9778947368421054,,,,
3709,AF011,Pelabuhan Kasipute,2026-09-28 12:00:00,2026-09-29,2026-10-02,2026-09-29 12:00:00,Cerah Berawan,10.0,27.0,76.0,Timur,12.0,18.0,Tenang,0.3,Selatan,0.72,-1.15,,26.789473684210527,79.6842105263158,10.578947368421053,18.94736842105263,0.7684210526315789,0.9626315789473684,,,,
3710,AF011,Pelabuhan Kasipute,2026-09-28 12:00:00,2026-09-29,2026-10-02,2026-09-29 13:00:00,Cerah Berawan,10.0,26.0,79.0,Timur,12.0,17.0,Tenang,0.3,Barat Daya,0.65,-1.28,,26.68421052631579,80.15789473684211,10.578947368421053,19.263157894736842,0.7684210526315789,0.961578947368421,,,,
3711,AF011,Pelabuhan Kasipute,2026-09-28 12:00:00,2026-09-29,2026-10-02,2026-09-29 14:00:00,Cerah Berawan,10.0,26.0,82.0,Timur Laut,7.0,15.0,Tenang,0.3,Barat,0.69,-1.14,,26.36842105263158,80.3157894736842,9.210526315789474,18.57894736842105,0.7736842105263158,0.9505263157894737,,,,
3712,AF011,Pelabuhan Kasipute,2026-09-28 12:00:00,2026-09-29,2026-10-02,2026-09-29 15:00:00,Berawan,10.0,25.0,84.0,Timur Laut,7.0,12.0,Tenang,0.3,Barat Laut,0.75,-0.7,,26.263157894736842,80.94736842105263,9.210526315789474,18.0,0.7684210526315789,0.9568421052631578,24.272727272727273,0.0,7.290909090909091,86.9090909090909
3713,AF011,Pelabuhan Kasipute,2026-09-28 12:00:00,2026-09-29,2026-10-02,2026-09-29 16:00:00,Cerah Berawan,10.0,25.0,84.0,Timur Laut,7.0,13.0,Tenang,0.3,Barat Laut,0.77,-0.11,,25.94736842105263,81.57894736842105,9.210526315789474,16.68421052631579,0.7631578947368421,0.9563157894736843,23.0,0.0,5.683333333333334,93.66666666666667
3714,AF011,Pelabuhan Kasipute,2026-09-28 12:00:00,2026-09-29,2026-10-02,2026-09-29 17:00:00,Cerah Berawan,10.0,25.0,83.0,Timur Laut,9.0,13.0,Tenang,0.3,Barat,0.73,0.48,,25.842105263157894,82.52631578947368,7.2631578947368425,15.631578947368421,0.7210526315789473,0.9378947368421052,,,,
3715,AF011,Pelabuhan Kasipute,2026-09-28 12:00:00,2026-09-29,2026-10-02,2026-09-29 18:00:00,Cerah Berawan,10.0,25.0,85.0,Timur Laut,9.0,13.0,Tenang,0.3,Barat,0.66,0.94,,25.63157894736842,83.15789473684211,7.2631578947368425,14.842105263157896,0.7000000000000001,0.9068421052631579,23.363636363636363,0.0,7.2,89.72727272727273
3716,AF011,Pelabuhan Kasipute,2026-09-28 12:00:00,2026-09-29,2026-10-02,2026-09-29 19:00:00,Cerah Berawan,10.0,25.0,84.0,Timur Laut,9.0,13.0,Tenang,0.3,Selatan,0.68,1.1,,25.57894736842105,83.78947368421052,7.2631578947368425,14.157894736842104,0.6736842105263158,0.8805263157894737,22.666666666666668,0.0,5.266666666666667,95.0
3717,AF011,Pelabuhan Kasipute,2026-09-28 12:00:00,2026-09-29,2026-10-02,2026-09-29 20:00:00,Cerah Berawan,10.0,25.0,85.0,Timur Laut,7.0,12.0,Tenang,0.4,Selatan,0.76,0.88,,25.526315789473685,84.3157894736842,6.7368421052631575,13.789473684210526,0.6631578947368421,0.8947368421052632,,,,
3718,AF011,Pelabuhan Kasipute,2026-09-28 12:00:00,2026-09-29,2026-10-02,2026-09-29 21:00:00,Cerah Berawan,10.0,25.0,85.0,Timur Laut,7.0,10.0,Tenang,0.4,Tenggara,0.83,0.4,,25.36842105263158,84.52631578947368,6.7368421052631575,13.736842105263158,0.6473684210526316,0.9184210526315789,23.363636363636363,0.0,6.572727272727272,90.45454545454545
3719,AF011,Pelabuhan Kasipute,2026-09-28 12:00:00,2026-09-29,2026-10-02,2026-09-29 22:00:00,Cerah Berawan,10.0,25.0,86.0,Timur Laut,7.0,9.0,Tenang,0.3,Tenggara,0.86,-0.26,,25.42105263157895,84.47368421052632,6.7368421052631575,13.789473684210526,0.6210526315789474,0.9405263157894738,24.5,0.0,9.85,85.0
3720,AF011,Pelabuhan Kasipute,2026-09-28 12:00:00,2026-09-29,2026-10-02,2026-09-29 23:00:00,Cerah Berawan,10.0,25.0,81.0,Timur Laut,7.0,9.0,Tenang,0.3,Tenggara,0.87,-0.88,,25.736842105263158,81.52631578947368,7.157894736842105,14.368421052631579,0.6157894736842104,0.9536842105263158,,,,
3721,AF012,Pelabuhan Tanjung Pising,2026-09-28 12:00:00,2026-09-29,2026-10-02,2026-09-29 00:00:00,Cerah Berawan,10.0,27.0,76.0,Timur,10.0,18.0,Tenang,0.1,Barat Daya,0.65,-1.35,,26.157894736842106,82.0,6.684210526315789,14.842105263157896,0.5789473684210527,0.9310526315789475,,,,
3722,AF012,Pelabuhan Tanjung Pising,2026-09-28 12:00:00,2026-09-29,2026-10-02,2026-09-29 01:00:00,Cerah Berawan,10.0,28.0,74.0,Timur,10.0,19.0,Tenang,0.1,Barat Daya,0.66,-1.31,,26.57894736842105,80.3157894736842,6.684210526315789,16.42105263157895,0.5684210526315789,0.9336842105263159,,,,
3723,AF012,Pelabuhan Tanjung Pising,2026-09-28 12:00:00,2026-09-29,2026-10-02,2026-09-29 02:00:00,Cerah Berawan,10.0,28.0,72.0,Timur Laut,7.0,19.0,Tenang,0.1,Selatan,0.69,-1.07,,26.736842105263158,80.42105263157895,7.7368421052631575,17.42105263157895,0.5526315789473685,0.951578947368421,,,,
3724,AF012,Pelabuhan Tanjung Pising,2026-09-28 12:00:00,2026-09-29,2026-10-02,2026-09-29 03:00:00,Berawan,10.0,29.0,69.0,Timur Laut,7.0,18.0,Tenang,0.1,Selatan,0.72,-0.62,,26.894736842105264,80.15789473684211,7.7368421052631575,18.210526315789473,0.5631578947368421,0.9778947368421052,,,,
3725,AF012,Pelabuhan Tanjung Pising,2026-09-28 12:00:00,2026-09-29,2026-10-02,2026-09-29 04:00:00,Berawan,10.0,30.0,66.0,Timur Laut,7.0,14.0,Tenang,0.1,Selatan,0.72,-0.13,,26.94736842105263,79.47368421052632,7.7368421052631575,18.842105263157894,0.5578947368421052,1.0005263157894735,,,,
3726,AF012,Pelabuhan Tanjung Pising,2026-09-28 12:00:00,2026-09-29,2026-10-02,2026-09-29 05:00:00,Berawan,10.0,30.0,64.0,Barat Laut,1.0,11.0,Tenang,0.1,Selatan,0.7,0.37,,27.263157894736842,79.15789473684211,9.368421052631579,19.42105263157895,0.5526315789473685,1.0089473684210528,,,,
3727,AF012,Pelabuhan Tanjung Pising,2026-09-28 12:00:00,2026-09-29,2026-10-02,2026-09-29 06:00:00,Berawan,10.0,30.0,62.0,Barat Laut,1.0,9.0,Tenang,0.1,Selatan,0.68,0.61,,27.31578947368421,78.6842105263158,9.368421052631579,19.842105263157894,0.5421052631578948,1.0047368421052632,,,,
3728,AF012,Pelabuhan Tanjung Pising,2026-09-28 12:00:00,2026-09-29,2026-10-02,2026-09-29 07:00:00,Berawan,10.0,30.0,64.0,Barat Laut,1.0,11.0,Tenang,0.1,Barat Daya,0.66,0.67,,27.36842105263158,78.21052631578948,9.368421052631579,20.526315789473685,0.5526315789473685,0.9984210526315789,,,,
3729,AF012,Pelabuhan Tanjung Pising,2026-09-28 12:00:00,2026-09-29,2026-10-02,2026-09-29 08:00:00,Berawan Tebal,10.0,30.0,67.0,Timur Laut,2.0,10.0,Tenang,0.1,Barat Daya,0.65,0.53,,27.42105263157895,77.78947368421052,10.105263157894736,20.42105263157895,0.5947368421052632,0.9994736842105262,,,,
3730,AF012,Pelabuhan Tanjung Pising,2026-09-28 12:00:00,2026-09-29,2026-10-02,2026-09-29 09:00:00,Berawan Tebal,10.0,29.0,68.0,Timur Laut,2.0,8.0,Tenang,0.1,Barat,0.63,0.17,,27.31578947368421,77.89473684210526,10.105263157894736,20.0,0.6578947368421053,0.9957894736842107,,,,
3731,AF012,Pelabuhan Tanjung Pising,2026-09-28 12:00:00,2026-09-29,2026-10-02,2026-09-29 10:00:00,Berawan,10.0,29.0,71.0,Timur Laut,2.0,7.0,Tenang,0.1,Barat Laut,0.64,-0.29,,27.157894736842106,78.52631578947368,10.105263157894736,19.473684210526315,0.6894736842105263,0.9857894736842105,,,,
3732,AF012,Pelabuhan Tanjung Pising,2026-09-28 12:00:00,2026-09-29,2026-10-02,2026-09-29 11:00:00,Cerah Berawan,10.0,29.0,69.0,Timur,13.0,10.0,Tenang,0.1,Barat Laut,0.66,-0.72,,26.94736842105263,79.0,10.578947368421053,18.789473684210527,0.7526315789473684,0.9778947368421054,,,,
3733,AF012,Pelabuhan Tanjung Pising,2026-09-28 12:00:00,2026-09-29,2026-10-02,2026-09-29 12:00:00,Cerah Berawan,10.0,28.0,69.0,Timur,13.0,19.0,Tenang,0.1,Barat Laut,0.65,-0.95,,26.789473684210527,79.6842105263158,10.578947368421053,18.94736842105263,0.7684210526315789,0.9626315789473684,,,,
3734,AF012,Pelabuhan Tanjung Pising,2026-09-28 12:00:00,2026-09-29,2026-10-02,2026-09-29 13:00:00,Cerah Berawan,10.0,27.0,74.0,Timur,13.0,22.0,Tenang,0.1,Barat,0.62,-1.01,,26.68421052631579,80.15789473684211,10.578947368421053,19.263157894736842,0.7684210526315789,0.961578947368421,,,,
3735,AF012,Pelabuhan Tanjung Pising,2026-09-28 12:00:00,2026-09-29,2026-10-02,2026-09-29 14:00:00,Cerah Berawan,10.0,26.0,79.0,Timur,11.0,20.0,Tenang,0.1,Barat,0.61,-0.86,,26.36842105263158,80.3157894736842,9.210526315789474,18.57894736842105,0.7736842105263158,0.9505263157894737,,,,
3736,AF012,Pelabuhan Tanjung Pising,2026-09-28 12:00:00,2026-09-29,2026-10-02,2026-09-29 15:00:00,Cerah Berawan,10.0,26.0,82.0,Timur,11.0,19.0,Tenang,0.1,Barat,0.6,-0.5,,26.263157894736842,80.94736842105263,9.210526315789474,18.0,0.7684210526315789,0.9568421052631578,24.272727272727273,0.0,7.290909090909091,86.9090909090909
3737,AF012,Pelabuhan Tanjung Pising,2026-09-28 12:00:00,2026-09-29,2026-10-02,2026-09-29 16:00:00,Cerah Berawan,10.0,26.0,83.0,Timur,11.0,18.0,Tenang,0.1,Barat Laut,0.6,-0.04,,25.94736842105263,81.57894736842105,9.210526315789474,16.68421052631579,0.7631578947368421,0.9563157894736843,23.0,0.0,5.683333333333334,93.66666666666667
3738,AF012,Pelabuhan Tanjung Pising,2026-09-28 12:00:00,2026-09-29,2026-10-02,2026-09-29 17:00:00,Cerah Berawan,10.0,26.0,84.0,Timur,9.0,16.0,Tenang,0.1,Barat Laut,0.6,0.44,,25.842105263157894,82.52631578947368,7.2631578947368425,15.631578947368421,0.7210526315789473,0.9378947368421052,,,,
3739,AF012,Pelabuhan Tanjung Pising,2026-09-28 12:00:00,2026-09-29,2026-10-02,2026-09-29 18:00:00,Cerah Berawan,10.0,25.0,85.0,Timur,9.0,15.0,Tenang,0.1,Utara,0.61,0.75,,25.63157894736842,83.15789473684211,7.2631578947368425,14.842105263157896,0.7000000000000001,0.9068421052631579,23.363636363636363,0.0,7.2,89.72727272727273
3740,AF012,Pelabuhan Tanjung Pising,2026-09-28 12:00:00,2026-09-29,2026-10-02,2026-09-29 19:00:00,Cerah Berawan,10.0,25.0,86.0,Timur,9.0,14.0,Tenang,0.1,Barat Laut,0.61,0.81,,25.57894736842105,83.78947368421052,7.2631578947368425,14.157894736842104,0.6736842105263158,0.8805263157894737,22.666666666666668,0.0,5.266666666666667,95.0
3741,AF012,Pelabuhan Tanjung Pising,2026-09-28 12:00:00,2026-09-29,2026-10-02,2026-09-29 20:00:00,Cerah Berawan,10.0,25.0,87.0,Timur,9.0,14.0,Tenang,0.1,Barat,0.61,0.61,,25.526315789473685,84.3157894736842,6.7368421052631575,13.789473684210526,0.6631578947368421,0.8947368421052632,,,,
3742,AF012,Pelabuhan Tanjung Pising,2026-09-28 12:00:00,2026-09-29,2026-10-02,2026-09-29 21:00:00,Cerah Berawan,10.0,25.0,86.0,Timur,9.0,14.0,Tenang,0.1,Barat,0.61,0.22,,25.36842105263158,84.52631578947368,6.7368421052631575,13.736842105263158,0.6473684210526316,0.9184210526315789,23.363636363636363,0.0,6.572727272727272,90.45454545454545
3743,AF012,Pelabuhan Tanjung Pising,2026-09-28 12:00:00,2026-09-29,2026-10-02,2026-09-29 22:00:00,Cerah Berawan,10.0,25.0,85.0,Timur,9.0,14.0,Tenang,0.1,Barat Daya,0.62,-0.36,,25.42105263157895,84.47368421052632,6.7368421052631575,13.789473684210526,0.6210526315789474,0.9405263157894738,24.5,0.0,9.85,85.0
3744,AF012,Pelabuhan Tanjung Pising,2026-09-28 12:00:00,2026-09-29,2026-10-02,2026-09-29 23:00:00,Cerah Berawan,10.0,26.0,80.0,Timur,10.0,15.0,Tenang,0.1,Barat Daya,0.63,-0.9,,25.736842105263158,81.52631578947368,7.157894736842105,14.368421052631579,0.6157894736842104,0.9536842105263158,,,,
3745,AF013,Pelabuhan Sikeli,2026-09-28 12:00:00,2026-09-29,2026-10-02,2026-09-29 00:00:00,Cerah Berawan,10.0,27.0,78.0,Timur Laut,1.0,9.0,Tenang,0.1,Selatan,0.99,-1.28,,26.157894736842106,82.0,6.684210526315789,14.842105263157896,0.5789473684210527,0.9310526315789475,,,,
3746,AF013,Pelabuhan Sikeli,2026-09-28 12:00:00,2026-09-29,2026-10-02,2026-09-29 01:00:00,Cerah Berawan,10.0,27.0,74.0,Timur Laut,1.0,7.0,Tenang,0.1,Selatan,0.88,-1.26,,26.57894736842105,80.3157894736842,6.684210526315789,16.42105263157895,0.5684210526315789,0.9336842105263159,,,,
3747,AF013,Pelabuhan Sikeli,2026-09-28 12:00:00,2026-09-29,2026-10-02,2026-09-29 02:00:00,Berawan,10.0,27.0,76.0,Barat Daya,9.0,6.0,Tenang,0.1,Barat Daya,0.7,-1.0,,26.736842105263158,80.42105263157895,7.7368421052631575,17.42105263157895,0.5526315789473685,0.951578947368421,,,,
3748,AF013,Pelabuhan Sikeli,2026-09-28 12:00:00,2026-09-29,2026-10-02,2026-09-29 03:00:00,Berawan,10.0,27.0,80.0,Barat Daya,9.0,9.0,Tenang,0.1,Utara,0.81,-0.57,,26.894736842105264,80.15789473684211,7.7368421052631575,18.210526315789473,0.5631578947368421,0.9778947368421052,,,,
3749,AF013,Pelabuhan Sikeli,2026-09-28 12:00:00,2026-09-29,2026-10-02,2026-09-29 04:00:00,Berawan,10.0,27.0,82.0,Barat Daya,9.0,14.0,Tenang,0.2,Utara,1.08,-0.09,,26.94736842105263,79.47368421052632,7.7368421052631575,18.842105263157894,0.5578947368421052,1.0005263157894735,,,,
3750,AF013,Pelabuhan Sikeli,2026-09-28 12:00:00,2026-09-29,2026-10-02,2026-09-29 05:00:00,Berawan,10.0,26.0,87.0,Selatan,9.0,15.0,Tenang,0.3,Utara,1.15,0.33,,27.263157894736842,79.15789473684211,9.368421052631579,19.42105263157895,0.5526315789473685,1.0089473684210528,,,,
3751,AF013,Pelabuhan Sikeli,2026-09-28 12:00:00,2026-09-29,2026-10-02,2026-09-29 06:00:00,Berawan,10.0,27.0,87.0,Selatan,9.0,15.0,Tenang,0.2,Utara,1.06,0.58,,27.31578947368421,78.6842105263158,9.368421052631579,19.842105263157894,0.5421052631578948,1.0047368421052632,,,,
3752,AF013,Pelabuhan Sikeli,2026-09-28 12:00:00,2026-09-29,2026-10-02,2026-09-29 07:00:00,Berawan,10.0,28.0,81.0,Selatan,9.0,16.0,Tenang,0.2,Utara,0.93,0.62,,27.36842105263158,78.21052631578948,9.368421052631579,20.526315789473685,0.5526315789473685,0.9984210526315789,,,,
3753,AF013,Pelabuhan Sikeli,2026-09-28 12:00:00,2026-09-29,2026-10-02,2026-09-29 08:00:00,Berawan Tebal,10.0,28.0,75.0,Tenggara,11.0,17.0,Tenang,0.3,Utara,0.79,0.45,,27.42105263157895,77.78947368421052,10.105263157894736,20.42105263157895,0.5947368421052632,0.9994736842105262,,,,
3754,AF013,Pelabuhan Sikeli,2026-09-28 12:00:00,2026-09-29,2026-10-02,2026-09-29 09:00:00,Berawan Tebal,10.0,28.0,75.0,Tenggara,11.0,17.0,Tenang,0.3,Utara,0.68,0.1,,27.31578947368421,77.89473684210526,10.105263157894736,20.0,0.6578947368421053,0.9957894736842107,,,,
3755,AF013,Pelabuhan Sikeli,2026-09-28 12:00:00,2026-09-29,2026-10-02,2026-09-29 10:00:00,Berawan,10.0,28.0,78.0,Tenggara,11.0,15.0,Tenang,0.4,Barat Laut,0.61,-0.33,,27.157894736842106,78.52631578947368,10.105263157894736,19.473684210526315,0.6894736842105263,0.9857894736842105,,,,
3756,AF013,Pelabuhan Sikeli,2026-09-28 12:00:00,2026-09-29,2026-10-02,2026-09-29 11:00:00,Cerah Berawan,10.0,28.0,78.0,Tenggara,7.0,14.0,Tenang,0.3,Barat Daya,0.64,-0.71,,26.94736842105263,79.0,10.578947368421053,18.789473684210527,0.7526315789473684,0.9778947368421054,,,,
3757,AF013,Pelabuhan Sikeli,2026-09-28 12:00:00,2026-09-29,2026-10-02,2026-09-29 12:00:00,Cerah Berawan,10.0,27.0,77.0,Tenggara,7.0,12.0,Tenang,0.3,Barat Daya,0.65,-0.93,,26.789473684210527,79.6842105263158,10.578947368421053,18.94736842105263,0.7684210526315789,0.9626315789473684,,,,
3758,AF013,Pelabuhan Sikeli,2026-09-28 12:00:00,2026-09-29,2026-10-02,2026-09-29 13:00:00,Cerah Berawan,10.0,27.0,74.0,Tenggara,7.0,12.0,Tenang,0.2,Barat Laut,0.68,-0.95,,26.68421052631579,80.15789473684211,10.578947368421053,19.263157894736842,0.7684210526315789,0.961578947368421,,,,
3759,AF013,Pelabuhan Sikeli,2026-09-28 12:00:00,2026-09-29,2026-10-02,2026-09-29 14:00:00,Cerah,10.0,26.0,77.0,Timur,3.0,12.0,Tenang,0.2,Utara,0.83,-0.75,,26.36842105263158,80.3157894736842,9.210526315789474,18.57894736842105,0.7736842105263158,0.9505263157894737,,,,
3760,AF013,Pelabuhan Sikeli,2026-09-28 12:00:00,2026-09-29,2026-10-02,2026-09-29 15:00:00,Cerah Berawan,10.0,26.0,80.0,Timur,3.0,11.0,Tenang,0.2,Utara,1.01,-0.41,,26.263157894736842,80.94736842105263,9.210526315789474,18.0,0.7684210526315789,0.9568421052631578,24.272727272727273,0.0,7.290909090909091,86.9090909090909
3761,AF013,Pelabuhan Sikeli,2026-09-28 12:00:00,2026-09-29,2026-10-02,2026-09-29 16:00:00,Cerah Berawan,10.0,25.0,83.0,Timur,3.0,9.0,Tenang,0.2,Utara,1.1,0.04,,25.94736842105263,81.57894736842105,9.210526315789474,16.68421052631579,0.7631578947368421,0.9563157894736843,23.0,0.0,5.683333333333334,93.66666666666667
3762,AF013,Pelabuhan Sikeli,2026-09-28 12:00:00,2026-09-29,2026-10-02,2026-09-29 17:00:00,Cerah,10.0,25.0,86.0,Timur,4.0,10.0,Tenang,0.1,Utara,1.04,0.45,,25.842105263157894,82.52631578947368,7.2631578947368425,15.631578947368421,0.7210526315789473,0.9378947368421052,,,,
3763,AF013,Pelabuhan Sikeli,2026-09-28 12:00:00,2026-09-29,2026-10-02,2026-09-29 18:00:00,Cerah Berawan,10.0,24.0,91.0,Timur,4.0,10.0,Tenang,0.1,Utara,0.86,0.7,,25.63157894736842,83.15789473684211,7.2631578947368425,14.842105263157896,0.7000000000000001,0.9068421052631579,23.363636363636363,0.0,7.2,89.72727272727273
3764,AF013,Pelabuhan Sikeli,2026-09-28 12:00:00,2026-09-29,2026-10-02,2026-09-29 19:00:00,Cerah Berawan,10.0,23.0,95.0,Timur,4.0,10.0,Tenang,0.1,Barat Laut,0.66,0.72,,25.57894736842105,83.78947368421052,7.2631578947368425,14.157894736842104,0.6736842105263158,0.8805263157894737,22.666666666666668,0.0,5.266666666666667,95.0
3765,AF013,Pelabuhan Sikeli,2026-09-28 12:00:00,2026-09-29,2026-10-02,2026-09-29 20:00:00,Cerah Berawan,10.0,23.0,95.0,Timur Laut,4.0,9.0,Tenang,0.1,Selatan,0.71,0.51,,25.526315789473685,84.3157894736842,6.7368421052631575,13.789473684210526,0.6631578947368421,0.8947368421052632,,,,
3766,AF013,Pelabuhan Sikeli,2026-09-28 12:00:00,2026-09-29,2026-10-02,2026-09-29 21:00:00,Cerah Berawan,10.0,23.0,95.0,Timur Laut,4.0,9.0,Tenang,0.1,Selatan,0.87,0.1,,25.36842105263158,84.52631578947368,6.7368421052631575,13.736842105263158,0.6473684210526316,0.9184210526315789,23.363636363636363,0.0,6.572727272727272,90.45454545454545
3767,AF013,Pelabuhan Sikeli,2026-09-28 12:00:00,2026-09-29,2026-10-02,2026-09-29 22:00:00,Cerah Berawan,10.0,23.0,92.0,Timur Laut,4.0,9.0,Tenang,0.1,Selatan,0.98,-0.41,,25.42105263157895,84.47368421052632,6.7368421052631575,13.789473684210526,0.6210526315789474,0.9405263157894738,24.5,0.0,9.85,85.0
3768,AF013,Pelabuhan Sikeli,2026-09-28 12:00:00,2026-09-29,2026-10-02,2026-09-29 23:00:00,Cerah Berawan,10.0,24.0,88.0,Selatan,0.0,9.0,Tenang,0.1,Selatan,1.02,-0.92,,25.736842105263158,81.52631578947368,7.157894736842105,14.368421052631579,0.6157894736842104,0.9536842105263158,,,,
3769,AF014,Pelabuhan Dongkala,2026-09-28 12:00:00,2026-09-29,2026-10-02,2026-09-29 00:00:00,Cerah Berawan,10.0,26.0,81.0,Timur Laut,4.0,15.0,Tenang,0.1,Barat,0.65,-1.26,,26.157894736842106,82.0,6.684210526315789,14.842105263157896,0.5789473684210527,0.9310526315789475,,,,
3770,AF014,Pelabuhan Dongkala,2026-09-28 12:00:00,2026-09-29,2026-10-02,2026-09-29 01:00:00,Cerah Berawan,10.0,27.0,75.0,Timur Laut,4.0,16.0,Tenang,0.1,Barat,0.64,-1.26,,26.57894736842105,80.3157894736842,6.684210526315789,16.42105263157895,0.5684210526315789,0.9336842105263159,,,,
3771,AF014,Pelabuhan Dongkala,2026-09-28 12:00:00,2026-09-29,2026-10-02,2026-09-29 02:00:00,Cerah Berawan,10.0,28.0,69.0,Barat Laut,1.0,18.0,Tenang,0.1,Barat Daya,0.62,-1.01,,26.736842105263158,80.42105263157895,7.7368421052631575,17.42105263157895,0.5526315789473685,0.951578947368421,,,,
3772,AF014,Pelabuhan Dongkala,2026-09-28 12:00:00,2026-09-29,2026-10-02,2026-09-29 03:00:00,Cerah Berawan,10.0,29.0,63.0,Barat Laut,1.0,19.0,Tenang,0.1,Selatan,0.66,-0.59,,26.894736842105264,80.15789473684211,7.7368421052631575,18.210526315789473,0.5631578947368421,0.9778947368421052,,,,
3773,AF014,Pelabuhan Dongkala,2026-09-28 12:00:00,2026-09-29,2026-10-02,2026-09-29 04:00:00,Berawan,10.0,29.0,63.0,Barat Laut,1.0,19.0,Tenang,0.1,Tenggara,0.7,-0.14,,26.94736842105263,79.47368421052632,7.7368421052631575,18.842105263157894,0.5578947368421052,1.0005263157894735,,,,
3774,AF014,Pelabuhan Dongkala,2026-09-28 12:00:00,2026-09-29,2026-10-02,2026-09-29 05:00:00,Berawan,10.0,28.0,67.0,Selatan,6.0,20.0,Tenang,0.1,Selatan,0.66,0.28,,27.263157894736842,79.15789473684211,9.368421052631579,19.42105263157895,0.5526315789473685,1.0089473684210528,,,,
3775,AF014,Pelabuhan Dongkala,2026-09-28 12:00:00,2026-09-29,2026-10-02,2026-09-29 06:00:00,Cerah Berawan,10.0,29.0,69.0,Selatan,6.0,19.0,Tenang,0.2,Barat Daya,0.6,0.55,,27.31578947368421,78.6842105263158,9.368421052631579,19.842105263157894,0.5421052631578948,1.0047368421052632,,,,
3776,AF014,Pelabuhan Dongkala,2026-09-28 12:00:00,2026-09-29,2026-10-02,2026-09-29 07:00:00,Berawan,10.0,29.0,71.0,Selatan,6.0,20.0,Tenang,0.2,Barat,0.62,0.61,,27.36842105263158,78.21052631578948,9.368421052631579,20.526315789473685,0.5526315789473685,0.9984210526315789,,,,
3777,AF014,Pelabuhan Dongkala,2026-09-28 12:00:00,2026-09-29,2026-10-02,2026-09-29 08:00:00,Berawan,10.0,28.0,74.0,Selatan,9.0,19.0,Tenang,0.3,Barat Laut,0.66,0.46,,27.42105263157895,77.78947368421052,10.105263157894736,20.42105263157895,0.5947368421052632,0.9994736842105262,,,,
3778,AF014,Pelabuhan Dongkala,2026-09-28 12:00:00,2026-09-29,2026-10-02,2026-09-29 09:00:00,Berawan,10.0,27.0,80.0,Selatan,9.0,18.0,Tenang,0.3,Barat Laut,0.68,0.12,,27.31578947368421,77.89473684210526,10.105263157894736,20.0,0.6578947368421053,0.9957894736842107,,,,
3779,AF014,Pelabuhan Dongkala,2026-09-28 12:00:00,2026-09-29,2026-10-02,2026-09-29 10:00:00,Berawan,10.0,27.0,83.0,Selatan,9.0,15.0,Tenang,0.4,Barat Laut,0.69,-0.3,,27.157894736842106,78.52631578947368,10.105263157894736,19.473684210526315,0.6894736842105263,0.9857894736842105,,,,
3780,AF014,Pelabuhan Dongkala,2026-09-28 12:00:00,2026-09-29,2026-10-02,2026-09-29 11:00:00,Cerah Berawan,10.0,26.0,82.0,Timur,8.0,15.0,Tenang,0.4,Barat Laut,0.71,-0.67,,26.94736842105263,79.0,10.578947368421053,18.789473684210527,0.7526315789473684,0.9778947368421054,,,,
3781,AF014,Pelabuhan Dongkala,2026-09-28 12:00:00,2026-09-29,2026-10-02,2026-09-29 12:00:00,Cerah Berawan,10.0,26.0,78.0,Timur,8.0,17.0,Tenang,0.4,Barat Laut,0.75,-0.92,,26.789473684210527,79.6842105263158,10.578947368421053,18.94736842105263,0.7684210526315789,0.9626315789473684,,,,
3782,AF014,Pelabuhan Dongkala,2026-09-28 12:00:00,2026-09-29,2026-10-02,2026-09-29 13:00:00,Cerah Berawan,10.0,25.0,80.0,Timur,8.0,17.0,Tenang,0.3,Barat Laut,0.75,-0.95,,26.68421052631579,80.15789473684211,10.578947368421053,19.263157894736842,0.7684210526315789,0.961578947368421,,,,
3783,AF014,Pelabuhan Dongkala,2026-09-28 12:00:00,2026-09-29,2026-10-02,2026-09-29 14:00:00,Cerah,10.0,24.0,84.0,Timur,3.0,15.0,Tenang,0.3,Barat Laut,0.71,-0.77,,26.36842105263158,80.3157894736842,9.210526315789474,18.57894736842105,0.7736842105263158,0.9505263157894737,,,,
3784,AF014,Pelabuhan Dongkala,2026-09-28 12:00:00,2026-09-29,2026-10-02,2026-09-29 15:00:00,Cerah,10.0,24.0,88.0,Timur,3.0,12.0,Tenang,0.3,Utara,0.64,-0.44,,26.263157894736842,80.94736842105263,9.210526315789474,18.0,0.7684210526315789,0.9568421052631578,24.272727272727273,0.0,7.290909090909091,86.9090909090909
3785,AF014,Pelabuhan Dongkala,2026-09-28 12:00:00,2026-09-29,2026-10-02,2026-09-29 16:00:00,Cerah Berawan,10.0,23.0,92.0,Timur,3.0,11.0,Tenang,0.3,Timur Laut,0.63,-0.01,,25.94736842105263,81.57894736842105,9.210526315789474,16.68421052631579,0.7631578947368421,0.9563157894736843,23.0,0.0,5.683333333333334,93.66666666666667
3786,AF014,Pelabuhan Dongkala,2026-09-28 12:00:00,2026-09-29,2026-10-02,2026-09-29 17:00:00,Cerah Berawan,10.0,23.0,94.0,Utara,2.0,10.0,Tenang,0.2,Timur,0.65,0.41,,25.842105263157894,82.52631578947368,7.2631578947368425,15.631578947368421,0.7210526315789473,0.9378947368421052,,,,
3787,AF014,Pelabuhan Dongkala,2026-09-28 12:00:00,2026-09-29,2026-10-02,2026-09-29 18:00:00,Berawan,10.0,22.0,96.0,Utara,2.0,9.0,Tenang,0.2,Tenggara,0.65,0.67,,25.63157894736842,83.15789473684211,7.2631578947368425,14.842105263157896,0.7000000000000001,0.9068421052631579,23.363636363636363,0.0,7.2,89.72727272727273
3788,AF014,Pelabuhan Dongkala,2026-09-28 12:00:00,2026-09-29,2026-10-02,2026-09-29 19:00:00,Berawan,10.0,22.0,96.0,Utara,2.0,9.0,Tenang,0.2,Selatan,0.66,0.72,,25.57894736842105,83.78947368421052,7.2631578947368425,14.157894736842104,0.6736842105263158,0.8805263157894737,22.666666666666668,0.0,5.266666666666667,95.0
3789,AF014,Pelabuhan Dongkala,2026-09-28 12:00:00,2026-09-29,2026-10-02,2026-09-29 20:00:00,Berawan,10.0,22.0,96.0,Barat Laut,1.0,9.0,Tenang,0.2,Selatan,0.68,0.54,,25.526315789473685,84.3157894736842,6.7368421052631575,13.789473684210526,0.6631578947368421,0.8947368421052632,,,,
3790,AF014,Pelabuhan Dongkala,2026-09-28 12:00:00,2026-09-29,2026-10-02,2026-09-29 21:00:00,Berawan,10.0,22.0,98.0,Barat Laut,1.0,10.0,Tenang,0.2,Selatan,0.7,0.13,,25.36842105263158,84.52631578947368,6.7368421052631575,13.736842105263158,0.6473684210526316,0.9184210526315789,23.363636363636363,0.0,6.572727272727272,90.45454545454545
3791,AF014,Pelabuhan Dongkala,2026-09-28 12:00:00,2026-09-29,2026-10-02,2026-09-29 22:00:00,Berawan,10.0,22.0,97.0,Barat Laut,1.0,10.0,Tenang,0.2,Selatan,0.7,-0.37,,25.42105263157895,84.47368421052632,6.7368421052631575,13.789473684210526,0.6210526315789474,0.9405263157894738,24.5,0.0,9.85,85.0
3792,AF014,Pelabuhan Dongkala,2026-09-28 12:00:00,2026-09-29,2026-10-02,2026-09-29 23:00:00,Cerah Berawan,10.0,24.0,90.0,Timur Laut,3.0,11.0,Tenang,0.2,Barat Daya,0.67,-0.87,,25.736842105263158,81.52631578947368,7.157894736842105,14.368421052631579,0.6157894736842104,0.9536842105263158,,,,
3793,AF015,Pelabuhan Lameruru,2026-09-28 12:00:00,2026-09-29,2026-10-02,2026-09-29 00:00:00,Berawan,10.0,25.0,78.0,Barat,3.0,8.0,Tenang,0.3,Tenggara,0.62,-1.1,,26.157894736842106,82.0,6.684210526315789,14.842105263157896,0.5789473684210527,0.9310526315789475,,,,
3794,AF015,Pelabuhan Lameruru,2026-09-28 12:00:00,2026-09-29,2026-10-02,2026-09-29 01:00:00,Cerah Berawan,10.0,27.0,71.0,Barat,3.0,8.0,Tenang,0.3,Timur Laut,0.59,-1.29,,26.57894736842105,80.3157894736842,6.684210526315789,16.42105263157895,0.5684210526315789,0.9336842105263159,,,,
3795,AF015,Pelabuhan Lameruru,2026-09-28 12:00:00,2026-09-29,2026-10-02,2026-09-29 02:00:00,Cerah,10.0,28.0,67.0,Timur,5.0,11.0,Tenang,0.3,Barat Daya,0.64,-1.03,,26.736842105263158,80.42105263157895,7.7368421052631575,17.42105263157895,0.5526315789473685,0.951578947368421,,,,
3796,AF015,Pelabuhan Lameruru,2026-09-28 12:00:00,2026-09-29,2026-10-02,2026-09-29 03:00:00,Cerah,10.0,28.0,66.0,Timur,5.0,15.0,Tenang,0.3,Barat,0.68,-0.61,,26.894736842105264,80.15789473684211,7.7368421052631575,18.210526315789473,0.5631578947368421,0.9778947368421052,,,,
3797,AF015,Pelabuhan Lameruru,2026-09-28 12:00:00,2026-09-29,2026-10-02,2026-09-29 04:00:00,Cerah Berawan,10.0,28.0,68.0,Timur,5.0,17.0,Tenang,0.3,Barat,0.73,-0.21,,26.94736842105263,79.47368421052632,7.7368421052631575,18.842105263157894,0.5578947368421052,1.0005263157894735,,,,
3798,AF015,Pelabuhan Lameruru,2026-09-28 12:00:00,2026-09-29,2026-10-02,2026-09-29 05:00:00,Cerah Berawan,10.0,27.0,69.0,Timur,6.0,18.0,Tenang,0.3,Barat,0.77,0.08,,27.263157894736842,79.15789473684211,9.368421052631579,19.42105263157895,0.5526315789473685,1.0089473684210528,,,,
3799,AF015,Pelabuhan Lameruru,2026-09-28 12:00:00,2026-09-29,2026-10-02,2026-09-29 06:00:00,Berawan Tebal,10.0,27.0,71.0,Timur,6.0,17.0,Tenang,0.4,Barat,0.77,0.45,,27.31578947368421,78.6842105263158,9.368421052631579,19.842105263157894,0.5421052631578948,1.0047368421052632,,,,
3800,AF015,Pelabuhan Lameruru,2026-09-28 12:00:00,2026-09-29,2026-10-02,2026-09-29 07:00:00,Berawan Tebal,10.0,27.0,77.0,Timur,6.0,16.0,Tenang,0.4,Barat,0.78,0.64,,27.36842105263158,78.21052631578948,9.368421052631579,20.526315789473685,0.5526315789473685,0.9984210526315789,,,,
3801,AF015,Pelabuhan Lameruru,2026-09-28 12:00:00,2026-09-29,2026-10-02,2026-09-29 08:00:00,Berawan,10.0,26.0,83.0,Timur,5.0,14.0,Tenang,0.4,Barat Daya,0.74,0.55,,27.42105263157895,77.78947368421052,10.105263157894736,20.42105263157895,0.5947368421052632,0.9994736842105262,,,,
3802,AF015,Pelabuhan Lameruru,2026-09-28 12:00:00,2026-09-29,2026-10-02,2026-09-29 09:00:00,Berawan,10.0,25.0,87.0,Timur,5.0,13.0,Tenang,0.4,Barat Daya,0.73,0.25,,27.31578947368421,77.89473684210526,10.105263157894736,20.0,0.6578947368421053,0.9957894736842107,,,,
3803,AF015,Pelabuhan Lameruru,2026-09-28 12:00:00,2026-09-29,2026-10-02,2026-09-29 10:00:00,Berawan Tebal,10.0,25.0,91.0,Timur,5.0,11.0,Tenang,0.3,Barat Daya,0.69,-0.13,,27.157894736842106,78.52631578947368,10.105263157894736,19.473684210526315,0.6894736842105263,0.9857894736842105,,,,
3804,AF015,Pelabuhan Lameruru,2026-09-28 12:00:00,2026-09-29,2026-10-02,2026-09-29 11:00:00,Berawan Tebal,10.0,25.0,91.0,Timur,5.0,6.0,Tenang,0.3,Barat Daya,0.66,-0.5,,26.94736842105263,79.0,10.578947368421053,18.789473684210527,0.7526315789473684,0.9778947368421054,,,,
3805,AF015,Pelabuhan Lameruru,2026-09-28 12:00:00,2026-09-29,2026-10-02,2026-09-29 12:00:00,Berawan Tebal,10.0,25.0,89.0,Timur,5.0,4.0,Tenang,0.3,Barat,0.65,-0.83,,26.789473684210527,79.6842105263158,10.578947368421053,18.94736842105263,0.7684210526315789,0.9626315789473684,,,,
3806,AF015,Pelabuhan Lameruru,2026-09-28 12:00:00,2026-09-29,2026-10-02,2026-09-29 13:00:00,Berawan Tebal,10.0,25.0,90.0,Timur,5.0,4.0,Tenang,0.3,Barat Daya,0.66,-0.97,,26.68421052631579,80.15789473684211,10.578947368421053,19.263157894736842,0.7684210526315789,0.961578947368421,,,,
3807,AF015,Pelabuhan Lameruru,2026-09-28 12:00:00,2026-09-29,2026-10-02,2026-09-29 14:00:00,Berawan Tebal,10.0,25.0,90.0,Tenggara,4.0,4.0,Tenang,0.3,Barat Daya,0.65,-0.85,,26.36842105263158,80.3157894736842,9.210526315789474,18.57894736842105,0.7736842105263158,0.9505263157894737,,,,
3808,AF015,Pelabuhan Lameruru,2026-09-28 12:00:00,2026-09-29,2026-10-02,2026-09-29 15:00:00,Berawan Tebal,10.0,24.0,91.0,Tenggara,4.0,4.0,Tenang,0.4,Barat Daya,0.66,-0.55,,26.263157894736842,80.94736842105263,9.210526315789474,18.0,0.7684210526315789,0.9568421052631578,24.272727272727273,0.0,7.290909090909091,86.9090909090909
3809,AF015,Pelabuhan Lameruru,2026-09-28 12:00:00,2026-09-29,2026-10-02,2026-09-29 16:00:00,Berawan Tebal,10.0,24.0,90.0,Tenggara,4.0,4.0,Tenang,0.4,Barat Daya,0.68,-0.13,,25.94736842105263,81.57894736842105,9.210526315789474,16.68421052631579,0.7631578947368421,0.9563157894736843,23.0,0.0,5.683333333333334,93.66666666666667
3810,AF015,Pelabuhan Lameruru,2026-09-28 12:00:00,2026-09-29,2026-10-02,2026-09-29 17:00:00,Berawan,10.0,24.0,92.0,Timur,2.0,3.0,Tenang,0.4,Barat,0.64,0.24,,25.842105263157894,82.52631578947368,7.2631578947368425,15.631578947368421,0.7210526315789473,0.9378947368421052,,,,
3811,AF015,Pelabuhan Lameruru,2026-09-28 12:00:00,2026-09-29,2026-10-02,2026-09-29 18:00:00,Berawan,10.0,24.0,93.0,Timur,2.0,2.0,Tenang,0.4,Barat,0.61,0.54,,25.63157894736842,83.15789473684211,7.2631578947368425,14.842105263157896,0.7000000000000001,0.9068421052631579,23.363636363636363,0.0,7.2,89.72727272727273
3812,AF015,Pelabuhan Lameruru,2026-09-28 12:00:00,2026-09-29,2026-10-02,2026-09-29 19:00:00,Berawan Tebal,10.0,24.0,92.0,Timur,2.0,2.0,Tenang,0.4,Barat,0.62,0.67,,25.57894736842105,83.78947368421052,7.2631578947368425,14.157894736842104,0.6736842105263158,0.8805263157894737,22.666666666666668,0.0,5.266666666666667,95.0
3813,AF015,Pelabuhan Lameruru,2026-09-28 12:00:00,2026-09-29,2026-10-02,2026-09-29 20:00:00,Berawan,10.0,24.0,94.0,Tenggara,2.0,2.0,Tenang,0.4,Barat Laut,0.62,0.49,,25.526315789473685,84.3157894736842,6.7368421052631575,13.789473684210526,0.6631578947368421,0.8947368421052632,,,,
3814,AF015,Pelabuhan Lameruru,2026-09-28 12:00:00,2026-09-29,2026-10-02,2026-09-29 21:00:00,Berawan,10.0,24.0,95.0,Tenggara,2.0,2.0,Tenang,0.4,Barat Laut,0.62,0.2,,25.36842105263158,84.52631578947368,6.7368421052631575,13.736842105263158,0.6473684210526316,0.9184210526315789,23.363636363636363,0.0,6.572727272727272,90.45454545454545
3815,AF015,Pelabuhan Lameruru,2026-09-28 12:00:00,2026-09-29,2026-10-02,2026-09-29 22:00:00,Berawan Tebal,10.0,24.0,94.0,Tenggara,2.0,3.0,Tenang,0.4,Selatan,0.61,-0.26,,25.42105263157895,84.47368421052632,6.7368421052631575,13.789473684210526,0.6210526315789474,0.9405263157894738,24.5,0.0,9.85,85.0
3816,AF015,Pelabuhan Lameruru,2026-09-28 12:00:00,2026-09-29,2026-10-02,2026-09-29 23:00:00,Berawan,10.0,24.0,91.0,Tenggara,4.0,7.0,Tenang,0.4,Selatan,0.66,-0.7,,25.736842105263158,81.52631578947368,7.157894736842105,14.368421052631579,0.6157894736842104,0.9536842105263158,,,,
3817,AF016,Pelabuhan Molawe,2026-09-28 12:00:00,2026-09-29,2026-10-02,2026-09-29 00:00:00,Berawan Tebal,10.0,27.0,73.0,Timur Laut,2.0,6.0,Tenang,0.1,Timur,0.64,-1.19,,26.157894736842106,82.0,6.684210526315789,14.842105263157896,0.5789473684210527,0.9310526315789475,,,,
3818,AF016,Pelabuhan Molawe,2026-09-28 12:00:00,2026-09-29,2026-10-02,2026-09-29 01:00:00,Berawan,10.0,28.0,67.0,Timur Laut,2.0,7.0,Tenang,0.1,Timur,0.63,-1.11,,26.57894736842105,80.3157894736842,6.684210526315789,16.42105263157895,0.5684210526315789,0.9336842105263159,,,,
3819,AF016,Pelabuhan Molawe,2026-09-28 12:00:00,2026-09-29,2026-10-02,2026-09-29 02:00:00,Berawan,10.0,29.0,61.0,Timur,6.0,9.0,Tenang,0.1,Barat Laut,0.63,-0.94,,26.736842105263158,80.42105263157895,7.7368421052631575,17.42105263157895,0.5526315789473685,0.951578947368421,,,,
3820,AF016,Pelabuhan Molawe,2026-09-28 12:00:00,2026-09-29,2026-10-02,2026-09-29 03:00:00,Cerah Berawan,10.0,29.0,60.0,Timur,6.0,11.0,Tenang,0.1,Barat Laut,0.7,-0.66,,26.894736842105264,80.15789473684211,7.7368421052631575,18.210526315789473,0.5631578947368421,0.9778947368421052,,,,
3821,AF016,Pelabuhan Molawe,2026-09-28 12:00:00,2026-09-29,2026-10-02,2026-09-29 04:00:00,Cerah Berawan,10.0,30.0,58.0,Timur,6.0,11.0,Tenang,0.1,Barat Laut,0.79,-0.23,,26.94736842105263,79.47368421052632,7.7368421052631575,18.842105263157894,0.5578947368421052,1.0005263157894735,,,,
3822,AF016,Pelabuhan Molawe,2026-09-28 12:00:00,2026-09-29,2026-10-02,2026-09-29 05:00:00,Cerah Berawan,10.0,30.0,57.0,Timur,7.0,12.0,Tenang,0.1,Barat Laut,0.84,0.24,,27.263157894736842,79.15789473684211,9.368421052631579,19.42105263157895,0.5526315789473685,1.0089473684210528,,,,
3823,AF016,Pelabuhan Molawe,2026-09-28 12:00:00,2026-09-29,2026-10-02,2026-09-29 06:00:00,Berawan,10.0,29.0,60.0,Timur,7.0,12.0,Tenang,0.2,Barat Laut,0.82,0.46,,27.31578947368421,78.6842105263158,9.368421052631579,19.842105263157894,0.5421052631578948,1.0047368421052632,,,,
3824,AF016,Pelabuhan Molawe,2026-09-28 12:00:00,2026-09-29,2026-10-02,2026-09-29 07:00:00,Berawan,10.0,28.0,65.0,Timur,7.0,12.0,Tenang,0.2,Barat Laut,0.83,0.56,,27.36842105263158,78.21052631578948,9.368421052631579,20.526315789473685,0.5526315789473685,0.9984210526315789,,,,
3825,AF016,Pelabuhan Molawe,2026-09-28 12:00:00,2026-09-29,2026-10-02,2026-09-29 08:00:00,Berawan,10.0,27.0,70.0,Timur,6.0,11.0,Tenang,0.2,Barat Laut,0.76,0.48,,27.42105263157895,77.78947368421052,10.105263157894736,20.42105263157895,0.5947368421052632,0.9994736842105262,,,,
3826,AF016,Pelabuhan Molawe,2026-09-28 12:00:00,2026-09-29,2026-10-02,2026-09-29 09:00:00,Berawan,10.0,26.0,80.0,Timur,6.0,11.0,Tenang,0.2,Barat Laut,0.7,0.23,,27.31578947368421,77.89473684210526,10.105263157894736,20.0,0.6578947368421053,0.9957894736842107,,,,
3827,AF016,Pelabuhan Molawe,2026-09-28 12:00:00,2026-09-29,2026-10-02,2026-09-29 10:00:00,Berawan Tebal,10.0,24.0,92.0,Timur,6.0,10.0,Tenang,0.1,Barat,0.62,-0.15,,27.157894736842106,78.52631578947368,10.105263157894736,19.473684210526315,0.6894736842105263,0.9857894736842105,,,,
3828,AF016,Pelabuhan Molawe,2026-09-28 12:00:00,2026-09-29,2026-10-02,2026-09-29 11:00:00,Berawan Tebal,10.0,24.0,97.0,Timur,3.0,8.0,Tenang,0.1,Barat,0.63,-0.58,,26.94736842105263,79.0,10.578947368421053,18.789473684210527,0.7526315789473684,0.9778947368421054,,,,
3829,AF016,Pelabuhan Molawe,2026-09-28 12:00:00,2026-09-29,2026-10-02,2026-09-29 12:00:00,Berawan Tebal,10.0,24.0,98.0,Timur,3.0,7.0,Tenang,0.1,Barat,0.65,-0.85,,26.789473684210527,79.6842105263158,10.578947368421053,18.94736842105263,0.7684210526315789,0.9626315789473684,,,,
3830,AF016,Pelabuhan Molawe,2026-09-28 12:00:00,2026-09-29,2026-10-02,2026-09-29 13:00:00,Berawan Tebal,10.0,24.0,97.0,Timur,3.0,8.0,Tenang,0.1,Barat,0.64,-0.91,,26.68421052631579,80.15789473684211,10.578947368421053,19.263157894736842,0.7684210526315789,0.961578947368421,,,,
3831,AF016,Pelabuhan Molawe,2026-09-28 12:00:00,2026-09-29,2026-10-02,2026-09-29 14:00:00,Berawan Tebal,10.0,24.0,96.0,Timur,3.0,8.0,Tenang,0.1,Barat,0.67,-0.75,,26.36842105263158,80.3157894736842,9.210526315789474,18.57894736842105,0.7736842105263158,0.9505263157894737,,,,
3832,AF016,Pelabuhan Molawe,2026-09-28 12:00:00,2026-09-29,2026-10-02,2026-09-29 15:00:00,Berawan Tebal,10.0,24.0,95.0,Timur,3.0,8.0,Tenang,0.1,Barat,0.68,-0.48,,26.263157894736842,80.94736842105263,9.210526315789474,18.0,0.7684210526315789,0.9568421052631578,24.272727272727273,0.0,7.290909090909091,86.9090909090909
3833,AF016,Pelabuhan Molawe,2026-09-28 12:00:00,2026-09-29,2026-10-02,2026-09-29 16:00:00,Berawan Tebal,10.0,24.0,95.0,Timur,3.0,8.0,Tenang,0.1,Barat,0.68,-0.16,,25.94736842105263,81.57894736842105,9.210526315789474,16.68421052631579,0.7631578947368421,0.9563157894736843,23.0,0.0,5.683333333333334,93.66666666666667
3834,AF016,Pelabuhan Molawe,2026-09-28 12:00:00,2026-09-29,2026-10-02,2026-09-29 17:00:00,Berawan,10.0,23.0,97.0,Timur Laut,1.0,6.0,Tenang,0.1,Barat,0.64,0.19,,25.842105263157894,82.52631578947368,7.2631578947368425,15.631578947368421,0.7210526315789473,0.9378947368421052,,,,
3835,AF016,Pelabuhan Molawe,2026-09-28 12:00:00,2026-09-29,2026-10-02,2026-09-29 18:00:00,Cerah Berawan,10.0,23.0,96.0,Timur Laut,1.0,5.0,Tenang,0.1,Selatan,0.59,0.5,,25.63157894736842,83.15789473684211,7.2631578947368425,14.842105263157896,0.7000000000000001,0.9068421052631579,23.363636363636363,0.0,7.2,89.72727272727273
3836,AF016,Pelabuhan Molawe,2026-09-28 12:00:00,2026-09-29,2026-10-02,2026-09-29 19:00:00,Berawan,10.0,23.0,97.0,Timur Laut,1.0,5.0,Tenang,0.1,Barat Daya,0.6,0.68,,25.57894736842105,83.78947368421052,7.2631578947368425,14.157894736842104,0.6736842105263158,0.8805263157894737,22.666666666666668,0.0,5.266666666666667,95.0
3837,AF016,Pelabuhan Molawe,2026-09-28 12:00:00,2026-09-29,2026-10-02,2026-09-29 20:00:00,Berawan,10.0,22.0,97.0,Barat,0.0,4.0,Tenang,0.1,Selatan,0.59,0.53,,25.526315789473685,84.3157894736842,6.7368421052631575,13.789473684210526,0.6631578947368421,0.8947368421052632,,,,
3838,AF016,Pelabuhan Molawe,2026-09-28 12:00:00,2026-09-29,2026-10-02,2026-09-29 21:00:00,Berawan,10.0,22.0,97.0,Barat,0.0,4.0,Tenang,0.1,Barat Daya,0.59,0.2,,25.36842105263158,84.52631578947368,6.7368421052631575,13.736842105263158,0.6473684210526316,0.9184210526315789,23.363636363636363,0.0,6.572727272727272,90.45454545454545
3839,AF016,Pelabuhan Molawe,2026-09-28 12:00:00,2026-09-29,2026-10-02,2026-09-29 22:00:00,Berawan,10.0,22.0,97.0,Barat,0.0,4.0,Tenang,0.1,Timur,0.6,-0.25,,25.42105263157895,84.47368421052632,6.7368421052631575,13.789473684210526,0.6210526315789474,0.9405263157894738,24.5,0.0,9.85,85.0
3840,AF016,Pelabuhan Molawe,2026-09-28 12:00:00,2026-09-29,2026-10-02,2026-09-29 23:00:00,Cerah Berawan,10.0,24.0,95.0,Timur,3.0,4.0,Tenang,0.1,Tenggara,0.63,-0.69,,25.736842105263158,81.52631578947368,7.157894736842105,14.368421052631579,0.6157894736842104,0.9536842105263158,,,,
3841,AF017,Pelabuhan Amolengo,2026-09-28 12:00:00,2026-09-29,2026-10-02,2026-09-29 00:00:00,Cerah Berawan,10.0,26.0,78.0,Timur Laut,4.0,11.0,Tenang,0.1,Timur Laut,0.94,-1.25,,26.157894736842106,82.0,6.684210526315789,14.842105263157896,0.5789473684210527,0.9310526315789475,,,,
3842,AF017,Pelabuhan Amolengo,2026-09-28 12:00:00,2026-09-29,2026-10-02,2026-09-29 01:00:00,Berawan,10.0,28.0,72.0,Timur Laut,4.0,14.0,Tenang,0.1,Barat Daya,0.95,-1.36,,26.57894736842105,80.3157894736842,6.684210526315789,16.42105263157895,0.5684210526315789,0.9336842105263159,,,,
3843,AF017,Pelabuhan Amolengo,2026-09-28 12:00:00,2026-09-29,2026-10-02,2026-09-29 02:00:00,Cerah Berawan,10.0,28.0,70.0,Timur Laut,8.0,18.0,Tenang,0.1,Barat Daya,1.65,-1.24,,26.736842105263158,80.42105263157895,7.7368421052631575,17.42105263157895,0.5526315789473685,0.951578947368421,,,,
3844,AF017,Pelabuhan Amolengo,2026-09-28 12:00:00,2026-09-29,2026-10-02,2026-09-29 03:00:00,Cerah Berawan,10.0,29.0,69.0,Timur Laut,8.0,19.0,Tenang,0.1,Barat Daya,2.11,-0.89,,26.894736842105264,80.15789473684211,7.7368421052631575,18.210526315789473,0.5631578947368421,0.9778947368421052,,,,
3845,AF017,Pelabuhan Amolengo,2026-09-28 12:00:00,2026-09-29,2026-10-02,2026-09-29 04:00:00,Cerah Berawan,10.0,29.0,67.0,Timur Laut,8.0,20.0,Tenang,0.1,Barat Daya,2.15,-0.43,,26.94736842105263,79.47368421052632,7.7368421052631575,18.842105263157894,0.5578947368421052,1.0005263157894735,,,,
3846,AF017,Pelabuhan Amolengo,2026-09-28 12:00:00,2026-09-29,2026-10-02,2026-09-29 05:00:00,Cerah Berawan,10.0,29.0,67.0,Timur Laut,10.0,21.0,Tenang,0.1,Barat Daya,1.86,0.07,,27.263157894736842,79.15789473684211,9.368421052631579,19.42105263157895,0.5526315789473685,1.0089473684210528,,,,
3847,AF017,Pelabuhan Amolengo,2026-09-28 12:00:00,2026-09-29,2026-10-02,2026-09-29 06:00:00,Berawan,10.0,29.0,69.0,Timur Laut,10.0,22.0,Tenang,0.1,Barat Daya,1.38,0.54,,27.31578947368421,78.6842105263158,9.368421052631579,19.842105263157894,0.5421052631578948,1.0047368421052632,,,,
3848,AF017,Pelabuhan Amolengo,2026-09-28 12:00:00,2026-09-29,2026-10-02,2026-09-29 07:00:00,Berawan Tebal,10.0,28.0,71.0,Timur Laut,10.0,22.0,Tenang,0.1,Barat Daya,0.78,0.7,,27.36842105263158,78.21052631578948,9.368421052631579,20.526315789473685,0.5526315789473685,0.9984210526315789,,,,
3849,AF017,Pelabuhan Amolengo,2026-09-28 12:00:00,2026-09-29,2026-10-02,2026-09-29 08:00:00,Berawan,10.0,28.0,72.0,Timur Laut,7.0,22.0,Tenang,0.1,Timur Laut,0.98,0.59,,27.42105263157895,77.78947368421052,10.105263157894736,20.42105263157895,0.5947368421052632,0.9994736842105262,,,,
3850,AF017,Pelabuhan Amolengo,2026-09-28 12:00:00,2026-09-29,2026-10-02,2026-09-29 09:00:00,Berawan,10.0,26.0,77.0,Timur Laut,7.0,20.0,Tenang,0.1,Timur Laut,1.36,0.25,,27.31578947368421,77.89473684210526,10.105263157894736,20.0,0.6578947368421053,0.9957894736842107,,,,
3851,AF017,Pelabuhan Amolengo,2026-09-28 12:00:00,2026-09-29,2026-10-02,2026-09-29 10:00:00,Berawan,10.0,25.0,81.0,Timur Laut,7.0,17.0,Tenang,0.2,Timur Laut,1.5,-0.16,,27.157894736842106,78.52631578947368,10.105263157894736,19.473684210526315,0.6894736842105263,0.9857894736842105,,,,
3852,AF017,Pelabuhan Amolengo,2026-09-28 12:00:00,2026-09-29,2026-10-02,2026-09-29 11:00:00,Cerah Berawan,10.0,25.0,84.0,Timur,4.0,13.0,Tenang,0.2,Timur Laut,1.34,-0.6,,26.94736842105263,79.0,10.578947368421053,18.789473684210527,0.7526315789473684,0.9778947368421054,,,,
3853,AF017,Pelabuhan Amolengo,2026-09-28 12:00:00,2026-09-29,2026-10-02,2026-09-29 12:00:00,Cerah Berawan,10.0,24.0,88.0,Timur,4.0,12.0,Tenang,0.2,Timur Laut,0.94,-0.94,,26.789473684210527,79.6842105263158,10.578947368421053,18.94736842105263,0.7684210526315789,0.9626315789473684,,,,
3854,AF017,Pelabuhan Amolengo,2026-09-28 12:00:00,2026-09-29,2026-10-02,2026-09-29 13:00:00,Cerah Berawan,10.0,24.0,91.0,Timur,4.0,10.0,Tenang,0.2,Barat Daya,0.82,-1.12,,26.68421052631579,80.15789473684211,10.578947368421053,19.263157894736842,0.7684210526315789,0.961578947368421,,,,
3855,AF017,Pelabuhan Amolengo,2026-09-28 12:00:00,2026-09-29,2026-10-02,2026-09-29 14:00:00,Berawan,10.0,24.0,91.0,Timur Laut,4.0,10.0,Tenang,0.2,Barat Daya,1.46,-1.02,,26.36842105263158,80.3157894736842,9.210526315789474,18.57894736842105,0.7736842105263158,0.9505263157894737,,,,
3856,AF017,Pelabuhan Amolengo,2026-09-28 12:00:00,2026-09-29,2026-10-02,2026-09-29 15:00:00,Cerah Berawan,10.0,23.0,91.0,Timur Laut,4.0,10.0,Tenang,0.2,Barat Daya,1.93,-0.7,,26.263157894736842,80.94736842105263,9.210526315789474,18.0,0.7684210526315789,0.9568421052631578,24.272727272727273,0.0,7.290909090909091,86.9090909090909
3857,AF017,Pelabuhan Amolengo,2026-09-28 12:00:00,2026-09-29,2026-10-02,2026-09-29 16:00:00,Cerah Berawan,10.0,23.0,92.0,Timur Laut,4.0,9.0,Tenang,0.2,Barat Daya,2.0,-0.27,,25.94736842105263,81.57894736842105,9.210526315789474,16.68421052631579,0.7631578947368421,0.9563157894736843,23.0,0.0,5.683333333333334,93.66666666666667
3858,AF017,Pelabuhan Amolengo,2026-09-28 12:00:00,2026-09-29,2026-10-02,2026-09-29 17:00:00,Cerah Berawan,10.0,23.0,95.0,Timur Laut,2.0,9.0,Tenang,0.2,Barat Daya,1.74,0.25,,25.842105263157894,82.52631578947368,7.2631578947368425,15.631578947368421,0.7210526315789473,0.9378947368421052,,,,
3859,AF017,Pelabuhan Amolengo,2026-09-28 12:00:00,2026-09-29,2026-10-02,2026-09-29 18:00:00,Berawan,10.0,22.0,97.0,Timur Laut,2.0,8.0,Tenang,0.2,Barat Daya,1.25,0.58,,25.63157894736842,83.15789473684211,7.2631578947368425,14.842105263157896,0.7000000000000001,0.9068421052631579,23.363636363636363,0.0,7.2,89.72727272727273
3860,AF017,Pelabuhan Amolengo,2026-09-28 12:00:00,2026-09-29,2026-10-02,2026-09-29 19:00:00,Berawan,10.0,22.0,98.0,Timur Laut,2.0,7.0,Tenang,0.2,Tenggara,0.61,0.79,,25.57894736842105,83.78947368421052,7.2631578947368425,14.157894736842104,0.6736842105263158,0.8805263157894737,22.666666666666668,0.0,5.266666666666667,95.0
3861,AF017,Pelabuhan Amolengo,2026-09-28 12:00:00,2026-09-29,2026-10-02,2026-09-29 20:00:00,Berawan,10.0,22.0,97.0,Timur Laut,2.0,6.0,Tenang,0.2,Timur Laut,1.22,0.65,,25.526315789473685,84.3157894736842,6.7368421052631575,13.789473684210526,0.6631578947368421,0.8947368421052632,,,,
3862,AF017,Pelabuhan Amolengo,2026-09-28 12:00:00,2026-09-29,2026-10-02,2026-09-29 21:00:00,Berawan,10.0,22.0,98.0,Timur Laut,2.0,6.0,Tenang,0.1,Timur Laut,1.72,0.25,,25.36842105263158,84.52631578947368,6.7368421052631575,13.736842105263158,0.6473684210526316,0.9184210526315789,23.363636363636363,0.0,6.572727272727272,90.45454545454545
3863,AF017,Pelabuhan Amolengo,2026-09-28 12:00:00,2026-09-29,2026-10-02,2026-09-29 22:00:00,Berawan,10.0,22.0,97.0,Timur Laut,2.0,6.0,Tenang,0.1,Timur Laut,1.89,-0.28,,25.42105263157895,84.47368421052632,6.7368421052631575,13.789473684210526,0.6210526315789474,0.9405263157894738,24.5,0.0,9.85,85.0
3864,AF017,Pelabuhan Amolengo,2026-09-28 12:00:00,2026-09-29,2026-10-02,2026-09-29 23:00:00,Cerah Berawan,10.0,24.0,87.0,Timur Laut,4.0,7.0,Tenang,0.1,Timur Laut,1.8,-0.76,,25.736842105263158,81.52631578947368,7.157894736842105,14.368421052631579,0.6157894736842104,0.9536842105263158,,,,
3865,AF018,Pelabuhan Torobulu,2026-09-28 12:00:00,2026-09-29,2026-10-02,2026-09-29 00:00:00,Berawan,10.0,27.0,78.0,Timur Laut,2.0,7.0,Tenang,0.1,Barat,0.74,-1.56,,26.157894736842106,82.0,6.684210526315789,14.842105263157896,0.5789473684210527,0.9310526315789475,,,,
3866,AF018,Pelabuhan Torobulu,2026-09-28 12:00:00,2026-09-29,2026-10-02,2026-09-29 01:00:00,Cerah Berawan,10.0,28.0,74.0,Timur Laut,2.0,5.0,Tenang,0.1,Barat,0.78,-1.74,,26.57894736842105,80.3157894736842,6.684210526315789,16.42105263157895,0.5684210526315789,0.9336842105263159,,,,
3867,AF018,Pelabuhan Torobulu,2026-09-28 12:00:00,2026-09-29,2026-10-02,2026-09-29 02:00:00,Cerah Berawan,10.0,28.0,77.0,Selatan,6.0,9.0,Tenang,0.1,Barat,0.8,-1.57,,26.736842105263158,80.42105263157895,7.7368421052631575,17.42105263157895,0.5526315789473685,0.951578947368421,,,,
3868,AF018,Pelabuhan Torobulu,2026-09-28 12:00:00,2026-09-29,2026-10-02,2026-09-29 03:00:00,Cerah Berawan,10.0,28.0,75.0,Selatan,6.0,9.0,Tenang,0.1,Barat Laut,0.79,-1.08,,26.894736842105264,80.15789473684211,7.7368421052631575,18.210526315789473,0.5631578947368421,0.9778947368421052,,,,
3869,AF018,Pelabuhan Torobulu,2026-09-28 12:00:00,2026-09-29,2026-10-02,2026-09-29 04:00:00,Cerah Berawan,10.0,28.0,70.0,Selatan,6.0,10.0,Tenang,0.1,Barat Laut,0.77,-0.38,,26.94736842105263,79.47368421052632,7.7368421052631575,18.842105263157894,0.5578947368421052,1.0005263157894735,,,,
3870,AF018,Pelabuhan Torobulu,2026-09-28 12:00:00,2026-09-29,2026-10-02,2026-09-29 05:00:00,Cerah Berawan,10.0,29.0,69.0,Tenggara,7.0,11.0,Tenang,0.1,Barat Laut,0.77,0.35,,27.263157894736842,79.15789473684211,9.368421052631579,19.42105263157895,0.5526315789473685,1.0089473684210528,,,,
3871,AF018,Pelabuhan Torobulu,2026-09-28 12:00:00,2026-09-29,2026-10-02,2026-09-29 06:00:00,Berawan,10.0,29.0,68.0,Tenggara,7.0,11.0,Tenang,0.1,Barat Laut,0.77,0.88,,27.31578947368421,78.6842105263158,9.368421052631579,19.842105263157894,0.5421052631578948,1.0047368421052632,,,,
3872,AF018,Pelabuhan Torobulu,2026-09-28 12:00:00,2026-09-29,2026-10-02,2026-09-29 07:00:00,Berawan,10.0,30.0,62.0,Tenggara,7.0,10.0,Tenang,0.1,Barat Laut,0.76,1.1,,27.36842105263158,78.21052631578948,9.368421052631579,20.526315789473685,0.5526315789473685,0.9984210526315789,,,,
3873,AF018,Pelabuhan Torobulu,2026-09-28 12:00:00,2026-09-29,2026-10-02,2026-09-29 08:00:00,Berawan Tebal,10.0,30.0,62.0,Timur,11.0,12.0,Tenang,0.1,Barat Laut,0.78,0.91,,27.42105263157895,77.78947368421052,10.105263157894736,20.42105263157895,0.5947368421052632,0.9994736842105262,,,,
3874,AF018,Pelabuhan Torobulu,2026-09-28 12:00:00,2026-09-29,2026-10-02,2026-09-29 09:00:00,Berawan Tebal,10.0,29.0,68.0,Timur,11.0,13.0,Tenang,0.3,Barat,0.79,0.47,,27.31578947368421,77.89473684210526,10.105263157894736,20.0,0.6578947368421053,0.9957894736842107,,,,
3875,AF018,Pelabuhan Torobulu,2026-09-28 12:00:00,2026-09-29,2026-10-02,2026-09-29 10:00:00,Berawan,10.0,28.0,72.0,Timur,11.0,14.0,Tenang,0.3,Barat,0.81,-0.09,,27.157894736842106,78.52631578947368,10.105263157894736,19.473684210526315,0.6894736842105263,0.9857894736842105,,,,
3876,AF018,Pelabuhan Torobulu,2026-09-28 12:00:00,2026-09-29,2026-10-02,2026-09-29 11:00:00,Cerah Berawan,10.0,27.0,73.0,Timur,13.0,16.0,Tenang,0.3,Barat,0.89,-0.69,,26.94736842105263,79.0,10.578947368421053,18.789473684210527,0.7526315789473684,0.9778947368421054,,,,
3877,AF018,Pelabuhan Torobulu,2026-09-28 12:00:00,2026-09-29,2026-10-02,2026-09-29 12:00:00,Cerah Berawan,10.0,27.0,75.0,Timur,13.0,17.0,Tenang,0.3,Barat,0.93,-1.18,,26.789473684210527,79.6842105263158,10.578947368421053,18.94736842105263,0.7684210526315789,0.9626315789473684,,,,
3878,AF018,Pelabuhan Torobulu,2026-09-28 12:00:00,2026-09-29,2026-10-02,2026-09-29 13:00:00,Cerah Berawan,10.0,26.0,80.0,Timur,13.0,17.0,Tenang,0.3,Barat,0.91,-1.42,,26.68421052631579,80.15789473684211,10.578947368421053,19.263157894736842,0.7684210526315789,0.961578947368421,,,,
3879,AF018,Pelabuhan Torobulu,2026-09-28 12:00:00,2026-09-29,2026-10-02,2026-09-29 14:00:00,Berawan,10.0,26.0,83.0,Timur,9.0,16.0,Tenang,0.4,Barat,0.88,-1.32,,26.36842105263158,80.3157894736842,9.210526315789474,18.57894736842105,0.7736842105263158,0.9505263157894737,,,,
3880,AF018,Pelabuhan Torobulu,2026-09-28 12:00:00,2026-09-29,2026-10-02,2026-09-29 15:00:00,Cerah Berawan,10.0,25.0,85.0,Timur,9.0,15.0,Tenang,0.4,Barat,0.76,-0.89,,26.263157894736842,80.94736842105263,9.210526315789474,18.0,0.7684210526315789,0.9568421052631578,24.272727272727273,0.0,7.290909090909091,86.9090909090909
3881,AF018,Pelabuhan Torobulu,2026-09-28 12:00:00,2026-09-29,2026-10-02,2026-09-29 16:00:00,Cerah,10.0,24.0,87.0,Timur,9.0,12.0,Tenang,0.3,Barat Laut,0.62,-0.25,,25.94736842105263,81.57894736842105,9.210526315789474,16.68421052631579,0.7631578947368421,0.9563157894736843,23.0,0.0,5.683333333333334,93.66666666666667
3882,AF018,Pelabuhan Torobulu,2026-09-28 12:00:00,2026-09-29,2026-10-02,2026-09-29 17:00:00,Cerah,10.0,24.0,89.0,Utara,4.0,9.0,Tenang,0.3,Timur,0.69,0.45,,25.842105263157894,82.52631578947368,7.2631578947368425,15.631578947368421,0.7210526315789473,0.9378947368421052,,,,
3883,AF018,Pelabuhan Torobulu,2026-09-28 12:00:00,2026-09-29,2026-10-02,2026-09-29 18:00:00,Cerah,10.0,24.0,91.0,Utara,4.0,8.0,Tenang,0.2,Timur,0.78,0.97,,25.63157894736842,83.15789473684211,7.2631578947368425,14.842105263157896,0.7000000000000001,0.9068421052631579,23.363636363636363,0.0,7.2,89.72727272727273
3884,AF018,Pelabuhan Torobulu,2026-09-28 12:00:00,2026-09-29,2026-10-02,2026-09-29 19:00:00,Cerah,10.0,23.0,92.0,Utara,4.0,7.0,Tenang,0.2,Timur,0.81,1.18,,25.57894736842105,83.78947368421052,7.2631578947368425,14.157894736842104,0.6736842105263158,0.8805263157894737,22.666666666666668,0.0,5.266666666666667,95.0
3885,AF018,Pelabuhan Torobulu,2026-09-28 12:00:00,2026-09-29,2026-10-02,2026-09-29 20:00:00,Cerah Berawan,10.0,23.0,92.0,Utara,3.0,7.0,Tenang,0.2,Timur,0.78,1.04,,25.526315789473685,84.3157894736842,6.7368421052631575,13.789473684210526,0.6631578947368421,0.8947368421052632,,,,
3886,AF018,Pelabuhan Torobulu,2026-09-28 12:00:00,2026-09-29,2026-10-02,2026-09-29 21:00:00,Cerah Berawan,10.0,23.0,92.0,Utara,3.0,6.0,Tenang,0.2,Timur,0.73,0.56,,25.36842105263158,84.52631578947368,6.7368421052631575,13.736842105263158,0.6473684210526316,0.9184210526315789,23.363636363636363,0.0,6.572727272727272,90.45454545454545
3887,AF018,Pelabuhan Torobulu,2026-09-28 12:00:00,2026-09-29,2026-10-02,2026-09-29 22:00:00,Cerah Berawan,10.0,23.0,93.0,Utara,3.0,6.0,Tenang,0.2,Tenggara,0.66,-0.08,,25.42105263157895,84.47368421052632,6.7368421052631575,13.789473684210526,0.6210526315789474,0.9405263157894738,24.5,0.0,9.85,85.0
3888,AF018,Pelabuhan Torobulu,2026-09-28 12:00:00,2026-09-29,2026-10-02,2026-09-29 23:00:00,Cerah,10.0,25.0,87.0,Utara,3.0,7.0,Tenang,0.1,Barat Daya,0.63,-0.79,,25.736842105263158,81.52631578947368,7.157894736842105,14.368421052631579,0.6157894736842104,0.9536842105263158,,,,
3889,AF019,Pelabuhan Langara,2026-09-28 12:00:00,2026-09-29,2026-10-02,2026-09-29 00:00:00,Cerah Berawan,10.0,26.0,80.0,Timur Laut,2.0,5.0,Tenang,0.1,Timur Laut,0.76,-1.16,,26.157894736842106,82.0,6.684210526315789,14.842105263157896,0.5789473684210527,0.9310526315789475,,,,
3890,AF019,Pelabuhan Langara,2026-09-28 12:00:00,2026-09-29,2026-10-02,2026-09-29 01:00:00,Berawan,10.0,27.0,79.0,Timur Laut,2.0,10.0,Tenang,0.1,Timur Laut,0.75,-1.25,,26.57894736842105,80.3157894736842,6.684210526315789,16.42105263157895,0.5684210526315789,0.9336842105263159,,,,
3891,AF019,Pelabuhan Langara,2026-09-28 12:00:00,2026-09-29,2026-10-02,2026-09-29 02:00:00,Cerah Berawan,10.0,27.0,81.0,Timur Laut,5.0,11.0,Tenang,0.1,Timur Laut,0.7,-1.08,,26.736842105263158,80.42105263157895,7.7368421052631575,17.42105263157895,0.5526315789473685,0.951578947368421,,,,
3892,AF019,Pelabuhan Langara,2026-09-28 12:00:00,2026-09-29,2026-10-02,2026-09-29 03:00:00,Cerah Berawan,10.0,27.0,82.0,Timur Laut,5.0,11.0,Tenang,0.1,Tenggara,0.64,-0.72,,26.894736842105264,80.15789473684211,7.7368421052631575,18.210526315789473,0.5631578947368421,0.9778947368421052,,,,
3893,AF019,Pelabuhan Langara,2026-09-28 12:00:00,2026-09-29,2026-10-02,2026-09-29 04:00:00,Cerah Berawan,10.0,27.0,80.0,Timur Laut,5.0,12.0,Tenang,0.1,Selatan,0.81,-0.27,,26.94736842105263,79.47368421052632,7.7368421052631575,18.842105263157894,0.5578947368421052,1.0005263157894735,,,,
3894,AF019,Pelabuhan Langara,2026-09-28 12:00:00,2026-09-29,2026-10-02,2026-09-29 05:00:00,Berawan,10.0,28.0,79.0,Timur Laut,8.0,14.0,Tenang,0.1,Barat Daya,0.89,0.15,,27.263157894736842,79.15789473684211,9.368421052631579,19.42105263157895,0.5526315789473685,1.0089473684210528,,,,
3895,AF019,Pelabuhan Langara,2026-09-28 12:00:00,2026-09-29,2026-10-02,2026-09-29 06:00:00,Berawan Tebal,10.0,28.0,75.0,Timur Laut,8.0,15.0,Tenang,0.1,Barat Daya,0.82,0.47,,27.31578947368421,78.6842105263158,9.368421052631579,19.842105263157894,0.5421052631578948,1.0047368421052632,,,,
3896,AF019,Pelabuhan Langara,2026-09-28 12:00:00,2026-09-29,2026-10-02,2026-09-29 07:00:00,Berawan Tebal,10.0,29.0,70.0,Timur Laut,8.0,14.0,Tenang,0.1,Barat Daya,0.75,0.61,,27.36842105263158,78.21052631578948,9.368421052631579,20.526315789473685,0.5526315789473685,0.9984210526315789,,,,
3897,AF019,Pelabuhan Langara,2026-09-28 12:00:00,2026-09-29,2026-10-02,2026-09-29 08:00:00,Berawan Tebal,10.0,28.0,70.0,Timur,8.0,13.0,Tenang,0.1,Barat,0.69,0.51,,27.42105263157895,77.78947368421052,10.105263157894736,20.42105263157895,0.5947368421052632,0.9994736842105262,,,,
3898,AF019,Pelabuhan Langara,2026-09-28 12:00:00,2026-09-29,2026-10-02,2026-09-29 09:00:00,Berawan,10.0,27.0,74.0,Timur,8.0,13.0,Tenang,0.1,Barat,0.64,0.22,,27.31578947368421,77.89473684210526,10.105263157894736,20.0,0.6578947368421053,0.9957894736842107,,,,
3899,AF019,Pelabuhan Langara,2026-09-28 12:00:00,2026-09-29,2026-10-02,2026-09-29 10:00:00,Berawan,10.0,26.0,78.0,Timur,8.0,13.0,Tenang,0.1,Utara,0.67,-0.16,,27.157894736842106,78.52631578947368,10.105263157894736,19.473684210526315,0.6894736842105263,0.9857894736842105,,,,
3900,AF019,Pelabuhan Langara,2026-09-28 12:00:00,2026-09-29,2026-10-02,2026-09-29 11:00:00,Cerah Berawan,10.0,25.0,82.0,Tenggara,6.0,11.0,Tenang,0.1,Utara,0.73,-0.57,,26.94736842105263,79.0,10.578947368421053,18.789473684210527,0.7526315789473684,0.9778947368421054,,,,
3901,AF019,Pelabuhan Langara,2026-09-28 12:00:00,2026-09-29,2026-10-02,2026-09-29 12:00:00,Cerah Berawan,10.0,25.0,84.0,Tenggara,6.0,10.0,Tenang,0.1,Timur Laut,0.79,-0.86,,26.789473684210527,79.6842105263158,10.578947368421053,18.94736842105263,0.7684210526315789,0.9626315789473684,,,,
3902,AF019,Pelabuhan Langara,2026-09-28 12:00:00,2026-09-29,2026-10-02,2026-09-29 13:00:00,Cerah Berawan,10.0,25.0,85.0,Tenggara,6.0,9.0,Tenang,0.1,Timur Laut,0.8,-0.97,,26.68421052631579,80.15789473684211,10.578947368421053,19.263157894736842,0.7684210526315789,0.961578947368421,,,,
3903,AF019,Pelabuhan Langara,2026-09-28 12:00:00,2026-09-29,2026-10-02,2026-09-29 14:00:00,Berawan,10.0,25.0,85.0,Tenggara,5.0,9.0,Tenang,0.1,Timur Laut,0.77,-0.85,,26.36842105263158,80.3157894736842,9.210526315789474,18.57894736842105,0.7736842105263158,0.9505263157894737,,,,
3904,AF019,Pelabuhan Langara,2026-09-28 12:00:00,2026-09-29,2026-10-02,2026-09-29 15:00:00,Cerah Berawan,10.0,24.0,86.0,Tenggara,5.0,8.0,Tenang,0.1,Timur Laut,0.66,-0.54,,26.263157894736842,80.94736842105263,9.210526315789474,18.0,0.7684210526315789,0.9568421052631578,24.272727272727273,0.0,7.290909090909091,86.9090909090909
3905,AF019,Pelabuhan Langara,2026-09-28 12:00:00,2026-09-29,2026-10-02,2026-09-29 16:00:00,Cerah,10.0,24.0,87.0,Tenggara,5.0,7.0,Tenang,0.1,Selatan,0.72,-0.15,,25.94736842105263,81.57894736842105,9.210526315789474,16.68421052631579,0.7631578947368421,0.9563157894736843,23.0,0.0,5.683333333333334,93.66666666666667
3906,AF019,Pelabuhan Langara,2026-09-28 12:00:00,2026-09-29,2026-10-02,2026-09-29 17:00:00,Cerah,10.0,24.0,88.0,Tenggara,3.0,6.0,Tenang,0.1,Barat Daya,0.82,0.23,,25.842105263157894,82.52631578947368,7.2631578947368425,15.631578947368421,0.7210526315789473,0.9378947368421052,,,,
3907,AF019,Pelabuhan Langara,2026-09-28 12:00:00,2026-09-29,2026-10-02,2026-09-29 18:00:00,Cerah Berawan,10.0,24.0,89.0,Tenggara,3.0,6.0,Tenang,0.1,Barat Daya,0.75,0.53,,25.63157894736842,83.15789473684211,7.2631578947368425,14.842105263157896,0.7000000000000001,0.9068421052631579,23.363636363636363,0.0,7.2,89.72727272727273
3908,AF019,Pelabuhan Langara,2026-09-28 12:00:00,2026-09-29,2026-10-02,2026-09-29 19:00:00,Berawan,10.0,24.0,90.0,Tenggara,3.0,5.0,Tenang,0.1,Barat,0.68,0.67,,25.57894736842105,83.78947368421052,7.2631578947368425,14.157894736842104,0.6736842105263158,0.8805263157894737,22.666666666666668,0.0,5.266666666666667,95.0
3909,AF019,Pelabuhan Langara,2026-09-28 12:00:00,2026-09-29,2026-10-02,2026-09-29 20:00:00,Cerah Berawan,10.0,24.0,91.0,Tenggara,3.0,4.0,Tenang,0.1,Barat Laut,0.68,0.53,,25.526315789473685,84.3157894736842,6.7368421052631575,13.789473684210526,0.6631578947368421,0.8947368421052632,,,,
3910,AF019,Pelabuhan Langara,2026-09-28 12:00:00,2026-09-29,2026-10-02,2026-09-29 21:00:00,Cerah,10.0,23.0,92.0,Tenggara,3.0,5.0,Tenang,0.1,Utara,0.7,0.21,,25.36842105263158,84.52631578947368,6.7368421052631575,13.736842105263158,0.6473684210526316,0.9184210526315789,23.363636363636363,0.0,6.572727272727272,90.45454545454545
3911,AF019,Pelabuhan Langara,2026-09-28 12:00:00,2026-09-29,2026-10-02,2026-09-29 22:00:00,Cerah,10.0,24.0,92.0,Tenggara,3.0,5.0,Tenang,0.1,Timur Laut,0.74,-0.26,,25.42105263157895,84.47368421052632,6.7368421052631575,13.789473684210526,0.6210526315789474,0.9405263157894738,24.5,0.0,9.85,85.0
3912,AF019,Pelabuhan Langara,2026-09-28 12:00:00,2026-09-29,2026-10-02,2026-09-29 23:00:00,Cerah,10.0,25.0,82.0,Timur,3.0,6.0,Tenang,0.1,Timur Laut,0.77,-0.74,,25.736842105263158,81.52631578947368,7.157894736842105,14.368421052631579,0.6157894736842104,0.9536842105263158,,,,
3913,AF020,Pelabuhan Munse,2026-09-28 12:00:00,2026-09-29,2026-10-02,2026-09-29 00:00:00,Cerah Berawan,10.0,26.0,85.0,Tenggara,7.0,9.0,Rendah,0.6,Timur Laut,0.65,-1.14,,26.157894736842106,82.0,6.684210526315789,14.842105263157896,0.5789473684210527,0.9310526315789475,,,,
3914,AF020,Pelabuhan Munse,2026-09-28 12:00:00,2026-09-29,2026-10-02,2026-09-29 01:00:00,Cerah Berawan,10.0,26.0,84.0,Tenggara,7.0,9.0,Rendah,0.5,Utara,0.63,-1.2,,26.57894736842105,80.3157894736842,6.684210526315789,16.42105263157895,0.5684210526315789,0.9336842105263159,,,,
3915,AF020,Pelabuhan Munse,2026-09-28 12:00:00,2026-09-29,2026-10-02,2026-09-29 02:00:00,Cerah Berawan,10.0,26.0,83.0,Tenggara,6.0,9.0,Rendah,0.5,Barat,0.64,-1.02,,26.736842105263158,80.42105263157895,7.7368421052631575,17.42105263157895,0.5526315789473685,0.951578947368421,,,,
3916,AF020,Pelabuhan Munse,2026-09-28 12:00:00,2026-09-29,2026-10-02,2026-09-29 03:00:00,Cerah Berawan,10.0,26.0,81.0,Tenggara,6.0,8.0,Rendah,0.5,Barat,0.66,-0.68,,26.894736842105264,80.15789473684211,7.7368421052631575,18.210526315789473,0.5631578947368421,0.9778947368421052,,,,
3917,AF020,Pelabuhan Munse,2026-09-28 12:00:00,2026-09-29,2026-10-02,2026-09-29 04:00:00,Cerah Berawan,10.0,27.0,80.0,Tenggara,6.0,8.0,Rendah,0.6,Barat,0.66,-0.26,,26.94736842105263,79.47368421052632,7.7368421052631575,18.842105263157894,0.5578947368421052,1.0005263157894735,,,,
3918,AF020,Pelabuhan Munse,2026-09-28 12:00:00,2026-09-29,2026-10-02,2026-09-29 05:00:00,Berawan,10.0,27.0,79.0,Tenggara,9.0,10.0,Rendah,0.6,Barat,0.64,0.13,,27.263157894736842,79.15789473684211,9.368421052631579,19.42105263157895,0.5526315789473685,1.0089473684210528,,,,
3919,AF020,Pelabuhan Munse,2026-09-28 12:00:00,2026-09-29,2026-10-02,2026-09-29 06:00:00,Berawan Tebal,10.0,27.0,79.0,Tenggara,9.0,11.0,Rendah,0.6,Barat Laut,0.63,0.43,,27.31578947368421,78.6842105263158,9.368421052631579,19.842105263157894,0.5421052631578948,1.0047368421052632,,,,
3920,AF020,Pelabuhan Munse,2026-09-28 12:00:00,2026-09-29,2026-10-02,2026-09-29 07:00:00,Berawan Tebal,10.0,27.0,79.0,Tenggara,9.0,11.0,Rendah,0.6,Utara,0.68,0.55,,27.36842105263158,78.21052631578948,9.368421052631579,20.526315789473685,0.5526315789473685,0.9984210526315789,,,,
3921,AF020,Pelabuhan Munse,2026-09-28 12:00:00,2026-09-29,2026-10-02,2026-09-29 08:00:00,Berawan,10.0,26.0,80.0,Tenggara,9.0,11.0,Rendah,0.6,Utara,0.73,0.43,,27.42105263157895,77.78947368421052,10.105263157894736,20.42105263157895,0.5947368421052632,0.9994736842105262,,,,
3922,AF020,Pelabuhan Munse,2026-09-28 12:00:00,2026-09-29,2026-10-02,2026-09-29 09:00:00,Berawan,10.0,26.0,80.0,Tenggara,9.0,11.0,Rendah,0.6,Utara,0.75,0.15,,27.31578947368421,77.89473684210526,10.105263157894736,20.0,0.6578947368421053,0.9957894736842107,,,,
3923,AF020,Pelabuhan Munse,2026-09-28 12:00:00,2026-09-29,2026-10-02,2026-09-29 10:00:00,Cerah Berawan,10.0,26.0,82.0,Tenggara,9.0,11.0,Rendah,0.6,Utara,0.77,-0.21,,27.157894736842106,78.52631578947368,10.105263157894736,19.473684210526315,0.6894736842105263,0.9857894736842105,,,,
3924,AF020,Pelabuhan Munse,2026-09-28 12:00:00,2026-09-29,2026-10-02,2026-09-29 11:00:00,Cerah Berawan,10.0,25.0,82.0,Tenggara,11.0,11.0,Rendah,0.6,Utara,0.74,-0.56,,26.94736842105263,79.0,10.578947368421053,18.789473684210527,0.7526315789473684,0.9778947368421054,,,,
3925,AF020,Pelabuhan Munse,2026-09-28 12:00:00,2026-09-29,2026-10-02,2026-09-29 12:00:00,Cerah Berawan,10.0,25.0,81.0,Tenggara,11.0,11.0,Rendah,0.6,Utara,0.74,-0.83,,26.789473684210527,79.6842105263158,10.578947368421053,18.94736842105263,0.7684210526315789,0.9626315789473684,,,,
3926,AF020,Pelabuhan Munse,2026-09-28 12:00:00,2026-09-29,2026-10-02,2026-09-29 13:00:00,Berawan,10.0,25.0,82.0,Tenggara,11.0,12.0,Rendah,0.6,Utara,0.73,-0.93,,26.68421052631579,80.15789473684211,10.578947368421053,19.263157894736842,0.7684210526315789,0.961578947368421,,,,
3927,AF020,Pelabuhan Munse,2026-09-28 12:00:00,2026-09-29,2026-10-02,2026-09-29 14:00:00,Berawan,10.0,25.0,82.0,Tenggara,9.0,12.0,Rendah,0.6,Barat Laut,0.67,-0.79,,26.36842105263158,80.3157894736842,9.210526315789474,18.57894736842105,0.7736842105263158,0.9505263157894737,,,,
3928,AF020,Pelabuhan Munse,2026-09-28 12:00:00,2026-09-29,2026-10-02,2026-09-29 15:00:00,Cerah Berawan,10.0,25.0,82.0,Tenggara,9.0,11.0,Rendah,0.6,Barat Laut,0.66,-0.5,,26.263157894736842,80.94736842105263,9.210526315789474,18.0,0.7684210526315789,0.9568421052631578,24.272727272727273,0.0,7.290909090909091,86.9090909090909
3929,AF020,Pelabuhan Munse,2026-09-28 12:00:00,2026-09-29,2026-10-02,2026-09-29 16:00:00,Cerah Berawan,10.0,25.0,84.0,Tenggara,9.0,10.0,Rendah,0.6,Barat Laut,0.65,-0.12,,25.94736842105263,81.57894736842105,9.210526315789474,16.68421052631579,0.7631578947368421,0.9563157894736843,23.0,0.0,5.683333333333334,93.66666666666667
3930,AF020,Pelabuhan Munse,2026-09-28 12:00:00,2026-09-29,2026-10-02,2026-09-29 17:00:00,Cerah Berawan,10.0,25.0,85.0,Tenggara,8.0,10.0,Rendah,0.7,Barat Laut,0.63,0.23,,25.842105263157894,82.52631578947368,7.2631578947368425,15.631578947368421,0.7210526315789473,0.9378947368421052,,,,
3931,AF020,Pelabuhan Munse,2026-09-28 12:00:00,2026-09-29,2026-10-02,2026-09-29 18:00:00,Cerah Berawan,10.0,25.0,85.0,Tenggara,8.0,10.0,Rendah,0.6,Utara,0.64,0.5,,25.63157894736842,83.15789473684211,7.2631578947368425,14.842105263157896,0.7000000000000001,0.9068421052631579,23.363636363636363,0.0,7.2,89.72727272727273
3932,AF020,Pelabuhan Munse,2026-09-28 12:00:00,2026-09-29,2026-10-02,2026-09-29 19:00:00,Berawan Tebal,10.0,24.0,85.0,Tenggara,8.0,9.0,Rendah,0.7,Timur Laut,0.69,0.61,,25.57894736842105,83.78947368421052,7.2631578947368425,14.157894736842104,0.6736842105263158,0.8805263157894737,22.666666666666668,0.0,5.266666666666667,95.0
3933,AF020,Pelabuhan Munse,2026-09-28 12:00:00,2026-09-29,2026-10-02,2026-09-29 20:00:00,Cerah Berawan,10.0,24.0,85.0,Tenggara,7.0,8.0,Rendah,0.7,Timur Laut,0.74,0.47,,25.526315789473685,84.3157894736842,6.7368421052631575,13.789473684210526,0.6631578947368421,0.8947368421052632,,,,
3934,AF020,Pelabuhan Munse,2026-09-28 12:00:00,2026-09-29,2026-10-02,2026-09-29 21:00:00,Cerah Berawan,10.0,24.0,85.0,Tenggara,7.0,8.0,Rendah,0.6,Timur Laut,0.76,0.14,,25.36842105263158,84.52631578947368,6.7368421052631575,13.736842105263158,0.6473684210526316,0.9184210526315789,23.363636363636363,0.0,6.572727272727272,90.45454545454545
3935,AF020,Pelabuhan Munse,2026-09-28 12:00:00,2026-09-29,2026-10-02,2026-09-29 22:00:00,Cerah Berawan,10.0,24.0,85.0,Tenggara,7.0,8.0,Rendah,0.6,Timur Laut,0.75,-0.3,,25.42105263157895,84.47368421052632,6.7368421052631575,13.789473684210526,0.6210526315789474,0.9405263157894738,24.5,0.0,9.85,85.0
3936,AF020,Pelabuhan Munse,2026-09-28 12:00:00,2026-09-29,2026-10-02,2026-09-29 23:00:00,Cerah Berawan,10.0,25.0,80.0,Tenggara,9.0,9.0,Rendah,0.6,Utara,0.71,-0.75,,25.736842105263158,81.52631578947368,7.157894736842105,14.368421052631579,0.6157894736842104,0.9536842105263158,,,,
3937,AF021,Pelabuhan Banabungi Pasarwajo,2026-09-28 12:00:00,2026-09-29,2026-10-02,2026-09-29 00:00:00,Cerah Berawan,10.0,25.0,87.0,Timur,7.0,12.0,Tenang,0.1,Barat,0.63,-1.31,,26.157894736842106,82.0,6.684210526315789,14.842105263157896,0.5789473684210527,0.9310526315789475,,,,
3938,AF021,Pelabuhan Banabungi Pasarwajo,2026-09-28 12:00:00,2026-09-29,2026-10-02,2026-09-29 01:00:00,Cerah Berawan,10.0,26.0,78.0,Timur,7.0,15.0,Tenang,0.1,Barat,0.7,-1.29,,26.57894736842105,80.3157894736842,6.684210526315789,16.42105263157895,0.5684210526315789,0.9336842105263159,,,,
3939,AF021,Pelabuhan Banabungi Pasarwajo,2026-09-28 12:00:00,2026-09-29,2026-10-02,2026-09-29 02:00:00,Cerah Berawan,10.0,27.0,71.0,Timur,8.0,15.0,Tenang,0.1,Barat,0.76,-1.01,,26.736842105263158,80.42105263157895,7.7368421052631575,17.42105263157895,0.5526315789473685,0.951578947368421,,,,
3940,AF021,Pelabuhan Banabungi Pasarwajo,2026-09-28 12:00:00,2026-09-29,2026-10-02,2026-09-29 03:00:00,Cerah Berawan,10.0,28.0,69.0,Timur,8.0,16.0,Tenang,0.1,Barat,0.76,-0.59,,26.894736842105264,80.15789473684211,7.7368421052631575,18.210526315789473,0.5631578947368421,0.9778947368421052,,,,
3941,AF021,Pelabuhan Banabungi Pasarwajo,2026-09-28 12:00:00,2026-09-29,2026-10-02,2026-09-29 04:00:00,Cerah Berawan,10.0,28.0,71.0,Timur,8.0,16.0,Tenang,0.1,Barat,0.7,-0.09,,26.94736842105263,79.47368421052632,7.7368421052631575,18.842105263157894,0.5578947368421052,1.0005263157894735,,,,
3942,AF021,Pelabuhan Banabungi Pasarwajo,2026-09-28 12:00:00,2026-09-29,2026-10-02,2026-09-29 05:00:00,Cerah,10.0,27.0,74.0,Timur,9.0,17.0,Tenang,0.1,Barat,0.62,0.28,,27.263157894736842,79.15789473684211,9.368421052631579,19.42105263157895,0.5526315789473685,1.0089473684210528,,,,
3943,AF021,Pelabuhan Banabungi Pasarwajo,2026-09-28 12:00:00,2026-09-29,2026-10-02,2026-09-29 06:00:00,Berawan,10.0,27.0,73.0,Timur,9.0,17.0,Tenang,0.1,Barat,0.6,0.53,,27.31578947368421,78.6842105263158,9.368421052631579,19.842105263157894,0.5421052631578948,1.0047368421052632,,,,
3944,AF021,Pelabuhan Banabungi Pasarwajo,2026-09-28 12:00:00,2026-09-29,2026-10-02,2026-09-29 07:00:00,Berawan Tebal,10.0,27.0,75.0,Timur,9.0,17.0,Tenang,0.1,Barat,0.63,0.56,,27.36842105263158,78.21052631578948,9.368421052631579,20.526315789473685,0.5526315789473685,0.9984210526315789,,,,
3945,AF021,Pelabuhan Banabungi Pasarwajo,2026-09-28 12:00:00,2026-09-29,2026-10-02,2026-09-29 08:00:00,Berawan Tebal,10.0,26.0,79.0,Timur,9.0,18.0,Tenang,0.1,Barat,0.67,0.38,,27.42105263157895,77.78947368421052,10.105263157894736,20.42105263157895,0.5947368421052632,0.9994736842105262,,,,
3946,AF021,Pelabuhan Banabungi Pasarwajo,2026-09-28 12:00:00,2026-09-29,2026-10-02,2026-09-29 09:00:00,Berawan Tebal,10.0,25.0,82.0,Timur,9.0,17.0,Tenang,0.1,Barat,0.7,0.03,,27.31578947368421,77.89473684210526,10.105263157894736,20.0,0.6578947368421053,0.9957894736842107,,,,
3947,AF021,Pelabuhan Banabungi Pasarwajo,2026-09-28 12:00:00,2026-09-29,2026-10-02,2026-09-29 10:00:00,Berawan,10.0,24.0,85.0,Timur,9.0,16.0,Tenang,0.1,Barat,0.7,-0.39,,27.157894736842106,78.52631578947368,10.105263157894736,19.473684210526315,0.6894736842105263,0.9857894736842105,,,,
3948,AF021,Pelabuhan Banabungi Pasarwajo,2026-09-28 12:00:00,2026-09-29,2026-10-02,2026-09-29 11:00:00,Cerah Berawan,10.0,24.0,87.0,Timur,7.0,13.0,Tenang,0.1,Barat,0.68,-0.76,,26.94736842105263,79.0,10.578947368421053,18.789473684210527,0.7526315789473684,0.9778947368421054,,,,
3949,AF021,Pelabuhan Banabungi Pasarwajo,2026-09-28 12:00:00,2026-09-29,2026-10-02,2026-09-29 12:00:00,Cerah,10.0,24.0,88.0,Timur,7.0,12.0,Tenang,0.1,Barat,0.67,-0.99,,26.789473684210527,79.6842105263158,10.578947368421053,18.94736842105263,0.7684210526315789,0.9626315789473684,,,,
3950,AF021,Pelabuhan Banabungi Pasarwajo,2026-09-28 12:00:00,2026-09-29,2026-10-02,2026-09-29 13:00:00,Cerah,10.0,24.0,90.0,Timur,7.0,11.0,Tenang,0.1,Barat,0.69,-1.0,,26.68421052631579,80.15789473684211,10.578947368421053,19.263157894736842,0.7684210526315789,0.961578947368421,,,,
3951,AF021,Pelabuhan Banabungi Pasarwajo,2026-09-28 12:00:00,2026-09-29,2026-10-02,2026-09-29 14:00:00,Cerah Berawan,10.0,24.0,91.0,Timur,7.0,10.0,Tenang,0.1,Barat,0.72,-0.78,,26.36842105263158,80.3157894736842,9.210526315789474,18.57894736842105,0.7736842105263158,0.9505263157894737,,,,
3952,AF021,Pelabuhan Banabungi Pasarwajo,2026-09-28 12:00:00,2026-09-29,2026-10-02,2026-09-29 15:00:00,Cerah Berawan,10.0,23.0,91.0,Timur,7.0,11.0,Tenang,0.1,Barat,0.71,-0.4,,26.263157894736842,80.94736842105263,9.210526315789474,18.0,0.7684210526315789,0.9568421052631578,24.272727272727273,0.0,7.290909090909091,86.9090909090909
3953,AF021,Pelabuhan Banabungi Pasarwajo,2026-09-28 12:00:00,2026-09-29,2026-10-02,2026-09-29 16:00:00,Cerah Berawan,10.0,23.0,91.0,Timur,7.0,11.0,Tenang,0.1,Barat,0.62,0.05,,25.94736842105263,81.57894736842105,9.210526315789474,16.68421052631579,0.7631578947368421,0.9563157894736843,23.0,0.0,5.683333333333334,93.66666666666667
3954,AF021,Pelabuhan Banabungi Pasarwajo,2026-09-28 12:00:00,2026-09-29,2026-10-02,2026-09-29 17:00:00,Cerah Berawan,10.0,23.0,92.0,Timur Laut,5.0,10.0,Tenang,0.1,Timur,0.65,0.43,,25.842105263157894,82.52631578947368,7.2631578947368425,15.631578947368421,0.7210526315789473,0.9378947368421052,,,,
3955,AF021,Pelabuhan Banabungi Pasarwajo,2026-09-28 12:00:00,2026-09-29,2026-10-02,2026-09-29 18:00:00,Berawan,10.0,23.0,92.0,Timur Laut,5.0,10.0,Tenang,0.1,Timur,0.69,0.67,,25.63157894736842,83.15789473684211,7.2631578947368425,14.842105263157896,0.7000000000000001,0.9068421052631579,23.363636363636363,0.0,7.2,89.72727272727273
3956,AF021,Pelabuhan Banabungi Pasarwajo,2026-09-28 12:00:00,2026-09-29,2026-10-02,2026-09-29 19:00:00,Berawan,10.0,23.0,92.0,Timur Laut,5.0,9.0,Tenang,0.1,Timur,0.66,0.68,,25.57894736842105,83.78947368421052,7.2631578947368425,14.157894736842104,0.6736842105263158,0.8805263157894737,22.666666666666668,0.0,5.266666666666667,95.0
3957,AF021,Pelabuhan Banabungi Pasarwajo,2026-09-28 12:00:00,2026-09-29,2026-10-02,2026-09-29 20:00:00,Cerah Berawan,10.0,23.0,93.0,Timur Laut,4.0,8.0,Tenang,0.1,Timur,0.65,0.48,,25.526315789473685,84.3157894736842,6.7368421052631575,13.789473684210526,0.6631578947368421,0.8947368421052632,,,,
3958,AF021,Pelabuhan Banabungi Pasarwajo,2026-09-28 12:00:00,2026-09-29,2026-10-02,2026-09-29 21:00:00,Cerah Berawan,10.0,23.0,95.0,Timur Laut,4.0,7.0,Tenang,0.1,Timur,0.63,0.06,,25.36842105263158,84.52631578947368,6.7368421052631575,13.736842105263158,0.6473684210526316,0.9184210526315789,23.363636363636363,0.0,6.572727272727272,90.45454545454545
3959,AF021,Pelabuhan Banabungi Pasarwajo,2026-09-28 12:00:00,2026-09-29,2026-10-02,2026-09-29 22:00:00,Berawan,10.0,23.0,95.0,Timur Laut,4.0,7.0,Tenang,0.1,Timur,0.61,-0.45,,25.42105263157895,84.47368421052632,6.7368421052631575,13.789473684210526,0.6210526315789474,0.9405263157894738,24.5,0.0,9.85,85.0
3960,AF021,Pelabuhan Banabungi Pasarwajo,2026-09-28 12:00:00,2026-09-29,2026-10-02,2026-09-29 23:00:00,Cerah Berawan,10.0,24.0,87.0,Timur,7.0,11.0,Tenang,0.1,Timur,0.59,-0.95,,25.736842105263158,81.52631578947368,7.157894736842105,14.368421052631579,0.6157894736842104,0.9536842105263158,,,,
3961,AF022,Pelabuhan Kamaru-Lasalimu,2026-09-28 12:00:00,2026-09-29,2026-10-02,2026-09-29 00:00:00,Berawan,10.0,26.0,81.0,Timur,7.0,12.0,Tenang,0.4,Tenggara,0.67,-1.23,,26.157894736842106,82.0,6.684210526315789,14.842105263157896,0.5789473684210527,0.9310526315789475,,,,
3962,AF022,Pelabuhan Kamaru-Lasalimu,2026-09-28 12:00:00,2026-09-29,2026-10-02,2026-09-29 01:00:00,Cerah Berawan,10.0,27.0,76.0,Timur,7.0,13.0,Tenang,0.4,Selatan,0.71,-1.25,,26.57894736842105,80.3157894736842,6.684210526315789,16.42105263157895,0.5684210526315789,0.9336842105263159,,,,
3963,AF022,Pelabuhan Kamaru-Lasalimu,2026-09-28 12:00:00,2026-09-29,2026-10-02,2026-09-29 02:00:00,Cerah Berawan,10.0,28.0,72.0,Timur,7.0,13.0,Tenang,0.4,Selatan,0.72,-1.03,,26.736842105263158,80.42105263157895,7.7368421052631575,17.42105263157895,0.5526315789473685,0.951578947368421,,,,
3964,AF022,Pelabuhan Kamaru-Lasalimu,2026-09-28 12:00:00,2026-09-29,2026-10-02,2026-09-29 03:00:00,Cerah Berawan,10.0,29.0,70.0,Timur,7.0,12.0,Tenang,0.4,Selatan,0.7,-0.65,,26.894736842105264,80.15789473684211,7.7368421052631575,18.210526315789473,0.5631578947368421,0.9778947368421052,,,,
3965,AF022,Pelabuhan Kamaru-Lasalimu,2026-09-28 12:00:00,2026-09-29,2026-10-02,2026-09-29 04:00:00,Cerah Berawan,10.0,29.0,69.0,Timur,7.0,12.0,Tenang,0.4,Barat Daya,0.68,-0.2,,26.94736842105263,79.47368421052632,7.7368421052631575,18.842105263157894,0.5578947368421052,1.0005263157894735,,,,
3966,AF022,Pelabuhan Kamaru-Lasalimu,2026-09-28 12:00:00,2026-09-29,2026-10-02,2026-09-29 05:00:00,Cerah Berawan,10.0,29.0,68.0,Timur Laut,7.0,12.0,Tenang,0.4,Barat,0.7,0.2,,27.263157894736842,79.15789473684211,9.368421052631579,19.42105263157895,0.5526315789473685,1.0089473684210528,,,,
3967,AF022,Pelabuhan Kamaru-Lasalimu,2026-09-28 12:00:00,2026-09-29,2026-10-02,2026-09-29 06:00:00,Berawan,10.0,28.0,69.0,Timur Laut,7.0,12.0,Tenang,0.4,Barat,0.75,0.49,,27.31578947368421,78.6842105263158,9.368421052631579,19.842105263157894,0.5421052631578948,1.0047368421052632,,,,
3968,AF022,Pelabuhan Kamaru-Lasalimu,2026-09-28 12:00:00,2026-09-29,2026-10-02,2026-09-29 07:00:00,Berawan,10.0,28.0,72.0,Timur Laut,7.0,12.0,Tenang,0.4,Barat,0.79,0.59,,27.36842105263158,78.21052631578948,9.368421052631579,20.526315789473685,0.5526315789473685,0.9984210526315789,,,,
3969,AF022,Pelabuhan Kamaru-Lasalimu,2026-09-28 12:00:00,2026-09-29,2026-10-02,2026-09-29 08:00:00,Berawan Tebal,10.0,27.0,75.0,Timur,7.0,14.0,Tenang,0.4,Barat,0.8,0.46,,27.42105263157895,77.78947368421052,10.105263157894736,20.42105263157895,0.5947368421052632,0.9994736842105262,,,,
3970,AF022,Pelabuhan Kamaru-Lasalimu,2026-09-28 12:00:00,2026-09-29,2026-10-02,2026-09-29 09:00:00,Berawan Tebal,10.0,27.0,79.0,Timur,7.0,13.0,Tenang,0.4,Barat,0.77,0.16,,27.31578947368421,77.89473684210526,10.105263157894736,20.0,0.6578947368421053,0.9957894736842107,,,,
3971,AF022,Pelabuhan Kamaru-Lasalimu,2026-09-28 12:00:00,2026-09-29,2026-10-02,2026-09-29 10:00:00,Cerah Berawan,10.0,26.0,83.0,Timur,7.0,12.0,Tenang,0.4,Barat,0.7,-0.25,,27.157894736842106,78.52631578947368,10.105263157894736,19.473684210526315,0.6894736842105263,0.9857894736842105,,,,
3972,AF022,Pelabuhan Kamaru-Lasalimu,2026-09-28 12:00:00,2026-09-29,2026-10-02,2026-09-29 11:00:00,Cerah Berawan,10.0,26.0,83.0,Timur,6.0,12.0,Tenang,0.4,Barat Daya,0.65,-0.63,,26.94736842105263,79.0,10.578947368421053,18.789473684210527,0.7526315789473684,0.9778947368421054,,,,
3973,AF022,Pelabuhan Kamaru-Lasalimu,2026-09-28 12:00:00,2026-09-29,2026-10-02,2026-09-29 12:00:00,Cerah Berawan,10.0,26.0,82.0,Timur,6.0,12.0,Rendah,0.5,Selatan,0.69,-0.92,,26.789473684210527,79.6842105263158,10.578947368421053,18.94736842105263,0.7684210526315789,0.9626315789473684,,,,
3974,AF022,Pelabuhan Kamaru-Lasalimu,2026-09-28 12:00:00,2026-09-29,2026-10-02,2026-09-29 13:00:00,Cerah,10.0,25.0,83.0,Timur,6.0,12.0,Rendah,0.5,Selatan,0.72,-0.98,,26.68421052631579,80.15789473684211,10.578947368421053,19.263157894736842,0.7684210526315789,0.961578947368421,,,,
3975,AF022,Pelabuhan Kamaru-Lasalimu,2026-09-28 12:00:00,2026-09-29,2026-10-02,2026-09-29 14:00:00,Cerah Berawan,10.0,25.0,85.0,Timur,5.0,11.0,Rendah,0.5,Selatan,0.73,-0.83,,26.36842105263158,80.3157894736842,9.210526315789474,18.57894736842105,0.7736842105263158,0.9505263157894737,,,,
3976,AF022,Pelabuhan Kamaru-Lasalimu,2026-09-28 12:00:00,2026-09-29,2026-10-02,2026-09-29 15:00:00,Cerah Berawan,10.0,25.0,86.0,Timur,5.0,12.0,Tenang,0.4,Selatan,0.7,-0.48,,26.263157894736842,80.94736842105263,9.210526315789474,18.0,0.7684210526315789,0.9568421052631578,24.272727272727273,0.0,7.290909090909091,86.9090909090909
3977,AF022,Pelabuhan Kamaru-Lasalimu,2026-09-28 12:00:00,2026-09-29,2026-10-02,2026-09-29 16:00:00,Cerah Berawan,10.0,25.0,86.0,Timur,5.0,12.0,Tenang,0.4,Selatan,0.65,-0.07,,25.94736842105263,81.57894736842105,9.210526315789474,16.68421052631579,0.7631578947368421,0.9563157894736843,23.0,0.0,5.683333333333334,93.66666666666667
3978,AF022,Pelabuhan Kamaru-Lasalimu,2026-09-28 12:00:00,2026-09-29,2026-10-02,2026-09-29 17:00:00,Cerah Berawan,10.0,25.0,87.0,Timur,4.0,11.0,Tenang,0.4,Barat,0.6,0.31,,25.842105263157894,82.52631578947368,7.2631578947368425,15.631578947368421,0.7210526315789473,0.9378947368421052,,,,
3979,AF022,Pelabuhan Kamaru-Lasalimu,2026-09-28 12:00:00,2026-09-29,2026-10-02,2026-09-29 18:00:00,Cerah Berawan,10.0,24.0,87.0,Timur,4.0,11.0,Tenang,0.4,Barat Laut,0.67,0.58,,25.63157894736842,83.15789473684211,7.2631578947368425,14.842105263157896,0.7000000000000001,0.9068421052631579,23.363636363636363,0.0,7.2,89.72727272727273
3980,AF022,Pelabuhan Kamaru-Lasalimu,2026-09-28 12:00:00,2026-09-29,2026-10-02,2026-09-29 19:00:00,Berawan,10.0,24.0,88.0,Timur,4.0,10.0,Tenang,0.4,Barat Laut,0.73,0.68,,25.57894736842105,83.78947368421052,7.2631578947368425,14.157894736842104,0.6736842105263158,0.8805263157894737,22.666666666666668,0.0,5.266666666666667,95.0
3981,AF022,Pelabuhan Kamaru-Lasalimu,2026-09-28 12:00:00,2026-09-29,2026-10-02,2026-09-29 20:00:00,Cerah Berawan,10.0,24.0,88.0,Timur,3.0,9.0,Tenang,0.3,Barat Laut,0.74,0.53,,25.526315789473685,84.3157894736842,6.7368421052631575,13.789473684210526,0.6631578947368421,0.8947368421052632,,,,
3982,AF022,Pelabuhan Kamaru-Lasalimu,2026-09-28 12:00:00,2026-09-29,2026-10-02,2026-09-29 21:00:00,Cerah Berawan,10.0,24.0,88.0,Timur,3.0,8.0,Tenang,0.3,Barat Laut,0.72,0.16,,25.36842105263158,84.52631578947368,6.7368421052631575,13.736842105263158,0.6473684210526316,0.9184210526315789,23.363636363636363,0.0,6.572727272727272,90.45454545454545
3983,AF022,Pelabuhan Kamaru-Lasalimu,2026-09-28 12:00:00,2026-09-29,2026-10-02,2026-09-29 22:00:00,Cerah Berawan,10.0,24.0,88.0,Timur,3.0,9.0,Tenang,0.3,Barat Laut,0.67,-0.31,,25.42105263157895,84.47368421052632,6.7368421052631575,13.789473684210526,0.6210526315789474,0.9405263157894738,24.5,0.0,9.85,85.0
3984,AF022,Pelabuhan Kamaru-Lasalimu,2026-09-28 12:00:00,2026-09-29,2026-10-02,2026-09-29 23:00:00,Cerah Berawan,10.0,26.0,78.0,Timur,6.0,10.0,Tenang,0.3,Utara,0.6,-0.81,,25.736842105263158,81.52631578947368,7.157894736842105,14.368421052631579,0.6157894736842104,0.9536842105263158,,,,
3985,AF023,Pelabuhan Bandar Batauga,2026-09-28 12:00:00,2026-09-29,2026-10-02,2026-09-29 00:00:00,Cerah Berawan,10.0,28.0,71.0,Timur,5.0,13.0,Tenang,0.1,Timur,0.63,-1.27,,26.157894736842106,82.0,6.684210526315789,14.842105263157896,0.5789473684210527,0.9310526315789475,,,,
3986,AF023,Pelabuhan Bandar Batauga,2026-09-28 12:00:00,2026-09-29,2026-10-02,2026-09-29 01:00:00,Cerah Berawan,10.0,29.0,66.0,Timur,5.0,15.0,Tenang,0.1,Timur,0.6,-1.23,,26.57894736842105,80.3157894736842,6.684210526315789,16.42105263157895,0.5684210526315789,0.9336842105263159,,,,
3987,AF023,Pelabuhan Bandar Batauga,2026-09-28 12:00:00,2026-09-29,2026-10-02,2026-09-29 02:00:00,Cerah Berawan,10.0,30.0,59.0,Timur,2.0,16.0,Tenang,0.1,Utara,0.6,-0.98,,26.736842105263158,80.42105263157895,7.7368421052631575,17.42105263157895,0.5526315789473685,0.951578947368421,,,,
3988,AF023,Pelabuhan Bandar Batauga,2026-09-28 12:00:00,2026-09-29,2026-10-02,2026-09-29 03:00:00,Cerah,10.0,30.0,58.0,Timur,2.0,15.0,Tenang,0.1,Utara,0.61,-0.58,,26.894736842105264,80.15789473684211,7.7368421052631575,18.210526315789473,0.5631578947368421,0.9778947368421052,,,,
3989,AF023,Pelabuhan Bandar Batauga,2026-09-28 12:00:00,2026-09-29,2026-10-02,2026-09-29 04:00:00,Cerah,10.0,31.0,54.0,Timur,2.0,18.0,Tenang,0.1,Utara,0.61,-0.13,,26.94736842105263,79.47368421052632,7.7368421052631575,18.842105263157894,0.5578947368421052,1.0005263157894735,,,,
3990,AF023,Pelabuhan Bandar Batauga,2026-09-28 12:00:00,2026-09-29,2026-10-02,2026-09-29 05:00:00,Cerah Berawan,10.0,32.0,50.0,Timur,9.0,21.0,Tenang,0.1,Selatan,0.6,0.26,,27.263157894736842,79.15789473684211,9.368421052631579,19.42105263157895,0.5526315789473685,1.0089473684210528,,,,
3991,AF023,Pelabuhan Bandar Batauga,2026-09-28 12:00:00,2026-09-29,2026-10-02,2026-09-29 06:00:00,Berawan,10.0,31.0,51.0,Timur,9.0,22.0,Tenang,0.1,Selatan,0.66,0.52,,27.31578947368421,78.6842105263158,9.368421052631579,19.842105263157894,0.5421052631578948,1.0047368421052632,,,,
3992,AF023,Pelabuhan Bandar Batauga,2026-09-28 12:00:00,2026-09-29,2026-10-02,2026-09-29 07:00:00,Berawan,10.0,31.0,52.0,Timur,9.0,23.0,Tenang,0.1,Tenggara,0.68,0.57,,27.36842105263158,78.21052631578948,9.368421052631579,20.526315789473685,0.5526315789473685,0.9984210526315789,,,,
3993,AF023,Pelabuhan Bandar Batauga,2026-09-28 12:00:00,2026-09-29,2026-10-02,2026-09-29 08:00:00,Berawan,10.0,29.0,58.0,Timur,11.0,23.0,Tenang,0.1,Selatan,0.65,0.4,,27.42105263157895,77.78947368421052,10.105263157894736,20.42105263157895,0.5947368421052632,0.9994736842105262,,,,
3994,AF023,Pelabuhan Bandar Batauga,2026-09-28 12:00:00,2026-09-29,2026-10-02,2026-09-29 09:00:00,Berawan,10.0,28.0,68.0,Timur,11.0,22.0,Tenang,0.1,Barat Daya,0.65,0.06,,27.31578947368421,77.89473684210526,10.105263157894736,20.0,0.6578947368421053,0.9957894736842107,,,,
3995,AF023,Pelabuhan Bandar Batauga,2026-09-28 12:00:00,2026-09-29,2026-10-02,2026-09-29 10:00:00,Berawan,10.0,26.0,75.0,Timur,11.0,20.0,Tenang,0.1,Barat,0.65,-0.35,,27.157894736842106,78.52631578947368,10.105263157894736,19.473684210526315,0.6894736842105263,0.9857894736842105,,,,
3996,AF023,Pelabuhan Bandar Batauga,2026-09-28 12:00:00,2026-09-29,2026-10-02,2026-09-29 11:00:00,Cerah Berawan,10.0,26.0,79.0,Timur,7.0,18.0,Tenang,0.1,Barat,0.65,-0.71,,26.94736842105263,79.0,10.578947368421053,18.789473684210527,0.7526315789473684,0.9778947368421054,,,,
3997,AF023,Pelabuhan Bandar Batauga,2026-09-28 12:00:00,2026-09-29,2026-10-02,2026-09-29 12:00:00,Cerah,10.0,25.0,81.0,Timur,7.0,16.0,Tenang,0.1,Barat Laut,0.65,-0.94,,26.789473684210527,79.6842105263158,10.578947368421053,18.94736842105263,0.7684210526315789,0.9626315789473684,,,,
3998,AF023,Pelabuhan Bandar Batauga,2026-09-28 12:00:00,2026-09-29,2026-10-02,2026-09-29 13:00:00,Cerah,10.0,25.0,83.0,Timur,7.0,15.0,Tenang,0.1,Barat Laut,0.66,-0.95,,26.68421052631579,80.15789473684211,10.578947368421053,19.263157894736842,0.7684210526315789,0.961578947368421,,,,
3999,AF023,Pelabuhan Bandar Batauga,2026-09-28 12:00:00,2026-09-29,2026-10-02,2026-09-29 14:00:00,Cerah,10.0,25.0,84.0,Timur,5.0,13.0,Tenang,0.1,Barat Laut,0.68,-0.75,,26.36842105263158,80.3157894736842,9.210526315789474,18.57894736842105,0.7736842105263158,0.9505263157894737,,,,
4000,AF023,Pelabuhan Bandar Batauga,2026-09-28 12:00:00,2026-09-29,2026-10-02,2026-09-29 15:00:00,Cerah Berawan,10.0,24.0,86.0,Timur,5.0,12.0,Tenang,0.1,Barat Laut,0.7,-0.39,,26.263157894736842,80.94736842105263,9.210526315789474,18.0,0.7684210526315789,0.9568421052631578,24.272727272727273,0.0,7.290909090909091,86.9090909090909
4001,AF023,Pelabuhan Bandar Batauga,2026-09-28 12:00:00,2026-09-29,2026-10-02,2026-09-29 16:00:00,Cerah,10.0,24.0,87.0,Timur,5.0,11.0,Tenang,0.1,Barat Laut,0.69,0.04,,25.94736842105263,81.57894736842105,9.210526315789474,16.68421052631579,0.7631578947368421,0.9563157894736843,23.0,0.0,5.683333333333334,93.66666666666667
4002,AF023,Pelabuhan Bandar Batauga,2026-09-28 12:00:00,2026-09-29,2026-10-02,2026-09-29 17:00:00,Cerah,10.0,24.0,88.0,Timur,3.0,9.0,Tenang,0.1,Barat,0.66,0.44,,25.842105263157894,82.52631578947368,7.2631578947368425,15.631578947368421,0.7210526315789473,0.9378947368421052,,,,
4003,AF023,Pelabuhan Bandar Batauga,2026-09-28 12:00:00,2026-09-29,2026-10-02,2026-09-29 18:00:00,Cerah Berawan,10.0,24.0,90.0,Timur,3.0,8.0,Tenang,0.1,Barat Daya,0.67,0.67,,25.63157894736842,83.15789473684211,7.2631578947368425,14.842105263157896,0.7000000000000001,0.9068421052631579,23.363636363636363,0.0,7.2,89.72727272727273
4004,AF023,Pelabuhan Bandar Batauga,2026-09-28 12:00:00,2026-09-29,2026-10-02,2026-09-29 19:00:00,Cerah Berawan,10.0,24.0,93.0,Timur,3.0,7.0,Tenang,0.1,Selatan,0.72,0.7,,25.57894736842105,83.78947368421052,7.2631578947368425,14.157894736842104,0.6736842105263158,0.8805263157894737,22.666666666666668,0.0,5.266666666666667,95.0
4005,AF023,Pelabuhan Bandar Batauga,2026-09-28 12:00:00,2026-09-29,2026-10-02,2026-09-29 20:00:00,Cerah Berawan,10.0,23.0,96.0,Timur Laut,2.0,5.0,Tenang,0.1,Selatan,0.73,0.48,,25.526315789473685,84.3157894736842,6.7368421052631575,13.789473684210526,0.6631578947368421,0.8947368421052632,,,,
4006,AF023,Pelabuhan Bandar Batauga,2026-09-28 12:00:00,2026-09-29,2026-10-02,2026-09-29 21:00:00,Cerah Berawan,10.0,23.0,96.0,Timur Laut,2.0,5.0,Tenang,0.1,Tenggara,0.73,0.08,,25.36842105263158,84.52631578947368,6.7368421052631575,13.736842105263158,0.6473684210526316,0.9184210526315789,23.363636363636363,0.0,6.572727272727272,90.45454545454545
4007,AF023,Pelabuhan Bandar Batauga,2026-09-28 12:00:00,2026-09-29,2026-10-02,2026-09-29 22:00:00,Cerah Berawan,10.0,24.0,95.0,Timur Laut,2.0,5.0,Tenang,0.1,Tenggara,0.74,-0.42,,25.42105263157895,84.47368421052632,6.7368421052631575,13.789473684210526,0.6210526315789474,0.9405263157894738,24.5,0.0,9.85,85.0
4008,AF023,Pelabuhan Bandar Batauga,2026-09-28 12:00:00,2026-09-29,2026-10-02,2026-09-29 23:00:00,Cerah Berawan,10.0,25.0,81.0,Timur,5.0,10.0,Tenang,0.1,Tenggara,0.73,-0.9,,25.736842105263158,81.52631578947368,7.157894736842105,14.368421052631579,0.6157894736842104,0.9536842105263158,,,,
4009,AF024,Pelabuhan Siompu,2026-09-28 12:00:00,2026-09-29,2026-10-02,2026-09-29 00:00:00,Cerah Berawan,10.0,27.0,76.0,Timur,3.0,10.0,Tenang,0.1,Selatan,0.65,-1.27,,26.157894736842106,82.0,6.684210526315789,14.842105263157896,0.5789473684210527,0.9310526315789475,,,,
4010,AF024,Pelabuhan Siompu,2026-09-28 12:00:00,2026-09-29,2026-10-02,2026-09-29 01:00:00,Cerah Berawan,10.0,28.0,70.0,Timur,3.0,10.0,Tenang,0.1,Selatan,0.63,-1.24,,26.57894736842105,80.3157894736842,6.684210526315789,16.42105263157895,0.5684210526315789,0.9336842105263159,,,,
4011,AF024,Pelabuhan Siompu,2026-09-28 12:00:00,2026-09-29,2026-10-02,2026-09-29 02:00:00,Cerah Berawan,10.0,28.0,70.0,Barat Daya,6.0,12.0,Tenang,0.1,Selatan,0.6,-0.98,,26.736842105263158,80.42105263157895,7.7368421052631575,17.42105263157895,0.5526315789473685,0.951578947368421,,,,
4012,AF024,Pelabuhan Siompu,2026-09-28 12:00:00,2026-09-29,2026-10-02,2026-09-29 03:00:00,Cerah,10.0,29.0,69.0,Barat Daya,6.0,14.0,Tenang,0.1,Timur,0.61,-0.58,,26.894736842105264,80.15789473684211,7.7368421052631575,18.210526315789473,0.5631578947368421,0.9778947368421052,,,,
4013,AF024,Pelabuhan Siompu,2026-09-28 12:00:00,2026-09-29,2026-10-02,2026-09-29 04:00:00,Cerah,10.0,30.0,63.0,Barat Daya,6.0,18.0,Tenang,0.1,Timur Laut,0.64,-0.13,,26.94736842105263,79.47368421052632,7.7368421052631575,18.842105263157894,0.5578947368421052,1.0005263157894735,,,,
4014,AF024,Pelabuhan Siompu,2026-09-28 12:00:00,2026-09-29,2026-10-02,2026-09-29 05:00:00,Cerah Berawan,10.0,30.0,60.0,Tenggara,10.0,21.0,Tenang,0.1,Utara,0.68,0.27,,27.263157894736842,79.15789473684211,9.368421052631579,19.42105263157895,0.5526315789473685,1.0089473684210528,,,,
4015,AF024,Pelabuhan Siompu,2026-09-28 12:00:00,2026-09-29,2026-10-02,2026-09-29 06:00:00,Cerah Berawan,10.0,30.0,61.0,Tenggara,10.0,22.0,Tenang,0.1,Barat Laut,0.71,0.52,,27.31578947368421,78.6842105263158,9.368421052631579,19.842105263157894,0.5421052631578948,1.0047368421052632,,,,
4016,AF024,Pelabuhan Siompu,2026-09-28 12:00:00,2026-09-29,2026-10-02,2026-09-29 07:00:00,Berawan,10.0,30.0,62.0,Tenggara,10.0,23.0,Tenang,0.1,Barat Laut,0.71,0.57,,27.36842105263158,78.21052631578948,9.368421052631579,20.526315789473685,0.5526315789473685,0.9984210526315789,,,,
4017,AF024,Pelabuhan Siompu,2026-09-28 12:00:00,2026-09-29,2026-10-02,2026-09-29 08:00:00,Berawan,10.0,29.0,62.0,Timur,14.0,25.0,Tenang,0.1,Barat,0.71,0.41,,27.42105263157895,77.78947368421052,10.105263157894736,20.42105263157895,0.5947368421052632,0.9994736842105262,,,,
4018,AF024,Pelabuhan Siompu,2026-09-28 12:00:00,2026-09-29,2026-10-02,2026-09-29 09:00:00,Berawan,10.0,28.0,69.0,Timur,14.0,25.0,Tenang,0.1,Barat,0.69,0.07,,27.31578947368421,77.89473684210526,10.105263157894736,20.0,0.6578947368421053,0.9957894736842107,,,,
4019,AF024,Pelabuhan Siompu,2026-09-28 12:00:00,2026-09-29,2026-10-02,2026-09-29 10:00:00,Cerah Berawan,10.0,27.0,74.0,Timur,14.0,23.0,Tenang,0.1,Barat,0.7,-0.34,,27.157894736842106,78.52631578947368,10.105263157894736,19.473684210526315,0.6894736842105263,0.9857894736842105,,,,
4020,AF024,Pelabuhan Siompu,2026-09-28 12:00:00,2026-09-29,2026-10-02,2026-09-29 11:00:00,Cerah Berawan,10.0,27.0,77.0,Timur,9.0,21.0,Tenang,0.1,Barat,0.7,-0.71,,26.94736842105263,79.0,10.578947368421053,18.789473684210527,0.7526315789473684,0.9778947368421054,,,,
4021,AF024,Pelabuhan Siompu,2026-09-28 12:00:00,2026-09-29,2026-10-02,2026-09-29 12:00:00,Cerah,10.0,26.0,79.0,Timur,9.0,19.0,Tenang,0.2,Barat,0.72,-0.94,,26.789473684210527,79.6842105263158,10.578947368421053,18.94736842105263,0.7684210526315789,0.9626315789473684,,,,
4022,AF024,Pelabuhan Siompu,2026-09-28 12:00:00,2026-09-29,2026-10-02,2026-09-29 13:00:00,Cerah,10.0,26.0,81.0,Timur,9.0,15.0,Tenang,0.2,Barat,0.75,-0.95,,26.68421052631579,80.15789473684211,10.578947368421053,19.263157894736842,0.7684210526315789,0.961578947368421,,,,
4023,AF024,Pelabuhan Siompu,2026-09-28 12:00:00,2026-09-29,2026-10-02,2026-09-29 14:00:00,Cerah,10.0,26.0,82.0,Timur,5.0,12.0,Tenang,0.1,Barat,0.77,-0.75,,26.36842105263158,80.3157894736842,9.210526315789474,18.57894736842105,0.7736842105263158,0.9505263157894737,,,,
4024,AF024,Pelabuhan Siompu,2026-09-28 12:00:00,2026-09-29,2026-10-02,2026-09-29 15:00:00,Cerah Berawan,10.0,26.0,82.0,Timur,5.0,10.0,Tenang,0.1,Barat,0.8,-0.4,,26.263157894736842,80.94736842105263,9.210526315789474,18.0,0.7684210526315789,0.9568421052631578,24.272727272727273,0.0,7.290909090909091,86.9090909090909
4025,AF024,Pelabuhan Siompu,2026-09-28 12:00:00,2026-09-29,2026-10-02,2026-09-29 16:00:00,Cerah,10.0,25.0,83.0,Timur,5.0,9.0,Tenang,0.1,Barat,0.8,0.03,,25.94736842105263,81.57894736842105,9.210526315789474,16.68421052631579,0.7631578947368421,0.9563157894736843,23.0,0.0,5.683333333333334,93.66666666666667
4026,AF024,Pelabuhan Siompu,2026-09-28 12:00:00,2026-09-29,2026-10-02,2026-09-29 17:00:00,Cerah,10.0,25.0,84.0,Timur,4.0,9.0,Tenang,0.1,Barat,0.79,0.44,,25.842105263157894,82.52631578947368,7.2631578947368425,15.631578947368421,0.7210526315789473,0.9378947368421052,,,,
4027,AF024,Pelabuhan Siompu,2026-09-28 12:00:00,2026-09-29,2026-10-02,2026-09-29 18:00:00,Cerah,10.0,25.0,85.0,Timur,4.0,8.0,Tenang,0.1,Barat,0.74,0.67,,25.63157894736842,83.15789473684211,7.2631578947368425,14.842105263157896,0.7000000000000001,0.9068421052631579,23.363636363636363,0.0,7.2,89.72727272727273
4028,AF024,Pelabuhan Siompu,2026-09-28 12:00:00,2026-09-29,2026-10-02,2026-09-29 19:00:00,Cerah Berawan,10.0,25.0,87.0,Timur,4.0,8.0,Tenang,0.1,Barat,0.69,0.7,,25.57894736842105,83.78947368421052,7.2631578947368425,14.157894736842104,0.6736842105263158,0.8805263157894737,22.666666666666668,0.0,5.266666666666667,95.0
4029,AF024,Pelabuhan Siompu,2026-09-28 12:00:00,2026-09-29,2026-10-02,2026-09-29 20:00:00,Cerah Berawan,10.0,25.0,89.0,Timur Laut,4.0,6.0,Tenang,0.1,Selatan,0.66,0.48,,25.526315789473685,84.3157894736842,6.7368421052631575,13.789473684210526,0.6631578947368421,0.8947368421052632,,,,
4030,AF024,Pelabuhan Siompu,2026-09-28 12:00:00,2026-09-29,2026-10-02,2026-09-29 21:00:00,Cerah Berawan,10.0,24.0,90.0,Timur Laut,4.0,6.0,Tenang,0.1,Tenggara,0.69,0.09,,25.36842105263158,84.52631578947368,6.7368421052631575,13.736842105263158,0.6473684210526316,0.9184210526315789,23.363636363636363,0.0,6.572727272727272,90.45454545454545
4031,AF024,Pelabuhan Siompu,2026-09-28 12:00:00,2026-09-29,2026-10-02,2026-09-29 22:00:00,Cerah Berawan,10.0,25.0,90.0,Timur Laut,4.0,6.0,Tenang,0.1,Tenggara,0.73,-0.42,,25.42105263157895,84.47368421052632,6.7368421052631575,13.789473684210526,0.6210526315789474,0.9405263157894738,24.5,0.0,9.85,85.0
4032,AF024,Pelabuhan Siompu,2026-09-28 12:00:00,2026-09-29,2026-10-02,2026-09-29 23:00:00,Cerah Berawan,10.0,26.0,82.0,Timur,3.0,8.0,Tenang,0.1,Tenggara,0.74,-0.9,,25.736842105263158,81.52631578947368,7.157894736842105,14.368421052631579,0.6157894736842104,0.9536842105263158,,,,
4033,AF025,Pelabuhan Kadatua,2026-09-28 12:00:00,2026-09-29,2026-10-02,2026-09-29 00:00:00,Cerah Berawan,10.0,27.0,77.0,Timur Laut,2.0,6.0,Tenang,0.1,Selatan,0.86,-1.28,,26.157894736842106,82.0,6.684210526315789,14.842105263157896,0.5789473684210527,0.9310526315789475,,,,
4034,AF025,Pelabuhan Kadatua,2026-09-28 12:00:00,2026-09-29,2026-10-02,2026-09-29 01:00:00,Cerah Berawan,10.0,28.0,71.0,Timur Laut,2.0,4.0,Tenang,0.1,Selatan,0.81,-1.26,,26.57894736842105,80.3157894736842,6.684210526315789,16.42105263157895,0.5684210526315789,0.9336842105263159,,,,
4035,AF025,Pelabuhan Kadatua,2026-09-28 12:00:00,2026-09-29,2026-10-02,2026-09-29 02:00:00,Cerah Berawan,10.0,28.0,75.0,Barat Daya,11.0,8.0,Tenang,0.1,Selatan,0.71,-1.01,,26.736842105263158,80.42105263157895,7.7368421052631575,17.42105263157895,0.5526315789473685,0.951578947368421,,,,
4036,AF025,Pelabuhan Kadatua,2026-09-28 12:00:00,2026-09-29,2026-10-02,2026-09-29 03:00:00,Cerah,10.0,28.0,79.0,Barat Daya,11.0,14.0,Tenang,0.1,Timur,0.65,-0.58,,26.894736842105264,80.15789473684211,7.7368421052631575,18.210526315789473,0.5631578947368421,0.9778947368421052,,,,
4037,AF025,Pelabuhan Kadatua,2026-09-28 12:00:00,2026-09-29,2026-10-02,2026-09-29 04:00:00,Cerah Berawan,10.0,29.0,72.0,Barat Daya,11.0,15.0,Tenang,0.1,Timur Laut,0.72,-0.12,,26.94736842105263,79.47368421052632,7.7368421052631575,18.842105263157894,0.5578947368421052,1.0005263157894735,,,,
4038,AF025,Pelabuhan Kadatua,2026-09-28 12:00:00,2026-09-29,2026-10-02,2026-09-29 05:00:00,Cerah Berawan,10.0,30.0,67.0,Barat Daya,4.0,13.0,Tenang,0.1,Timur Laut,0.8,0.29,,27.263157894736842,79.15789473684211,9.368421052631579,19.42105263157895,0.5526315789473685,1.0089473684210528,,,,
4039,AF025,Pelabuhan Kadatua,2026-09-28 12:00:00,2026-09-29,2026-10-02,2026-09-29 06:00:00,Cerah Berawan,10.0,30.0,66.0,Barat Daya,4.0,7.0,Tenang,0.1,Timur Laut,0.8,0.54,,27.31578947368421,78.6842105263158,9.368421052631579,19.842105263157894,0.5421052631578948,1.0047368421052632,,,,
4040,AF025,Pelabuhan Kadatua,2026-09-28 12:00:00,2026-09-29,2026-10-02,2026-09-29 07:00:00,Berawan,10.0,30.0,65.0,Barat Daya,4.0,6.0,Tenang,0.1,Timur,0.72,0.6,,27.36842105263158,78.21052631578948,9.368421052631579,20.526315789473685,0.5526315789473685,0.9984210526315789,,,,
4041,AF025,Pelabuhan Kadatua,2026-09-28 12:00:00,2026-09-29,2026-10-02,2026-09-29 08:00:00,Berawan,10.0,30.0,60.0,Timur,14.0,10.0,Tenang,0.1,Tenggara,0.7,0.44,,27.42105263157895,77.78947368421052,10.105263157894736,20.42105263157895,0.5947368421052632,0.9994736842105262,,,,
4042,AF025,Pelabuhan Kadatua,2026-09-28 12:00:00,2026-09-29,2026-10-02,2026-09-29 09:00:00,Berawan,10.0,29.0,67.0,Timur,14.0,18.0,Tenang,0.1,Selatan,0.76,0.1,,27.31578947368421,77.89473684210526,10.105263157894736,20.0,0.6578947368421053,0.9957894736842107,,,,
4043,AF025,Pelabuhan Kadatua,2026-09-28 12:00:00,2026-09-29,2026-10-02,2026-09-29 10:00:00,Berawan,10.0,27.0,75.0,Timur,14.0,18.0,Tenang,0.2,Barat Daya,0.87,-0.34,,27.157894736842106,78.52631578947368,10.105263157894736,19.473684210526315,0.6894736842105263,0.9857894736842105,,,,
4044,AF025,Pelabuhan Kadatua,2026-09-28 12:00:00,2026-09-29,2026-10-02,2026-09-29 11:00:00,Cerah Berawan,10.0,26.0,77.0,Timur,8.0,16.0,Tenang,0.4,Barat Daya,0.95,-0.71,,26.94736842105263,79.0,10.578947368421053,18.789473684210527,0.7526315789473684,0.9778947368421054,,,,
4045,AF025,Pelabuhan Kadatua,2026-09-28 12:00:00,2026-09-29,2026-10-02,2026-09-29 12:00:00,Cerah,10.0,26.0,78.0,Timur,8.0,15.0,Tenang,0.3,Barat Daya,0.99,-0.95,,26.789473684210527,79.6842105263158,10.578947368421053,18.94736842105263,0.7684210526315789,0.9626315789473684,,,,
4046,AF025,Pelabuhan Kadatua,2026-09-28 12:00:00,2026-09-29,2026-10-02,2026-09-29 13:00:00,Cerah,10.0,26.0,79.0,Timur,8.0,11.0,Tenang,0.2,Barat Daya,0.92,-0.94,,26.68421052631579,80.15789473684211,10.578947368421053,19.263157894736842,0.7684210526315789,0.961578947368421,,,,
4047,AF025,Pelabuhan Kadatua,2026-09-28 12:00:00,2026-09-29,2026-10-02,2026-09-29 14:00:00,Cerah,10.0,26.0,81.0,Timur,4.0,8.0,Tenang,0.2,Barat Daya,0.8,-0.77,,26.36842105263158,80.3157894736842,9.210526315789474,18.57894736842105,0.7736842105263158,0.9505263157894737,,,,
4048,AF025,Pelabuhan Kadatua,2026-09-28 12:00:00,2026-09-29,2026-10-02,2026-09-29 15:00:00,Cerah Berawan,10.0,26.0,82.0,Timur,4.0,7.0,Tenang,0.1,Barat,0.67,-0.41,,26.263157894736842,80.94736842105263,9.210526315789474,18.0,0.7684210526315789,0.9568421052631578,24.272727272727273,0.0,7.290909090909091,86.9090909090909
4049,AF025,Pelabuhan Kadatua,2026-09-28 12:00:00,2026-09-29,2026-10-02,2026-09-29 16:00:00,Cerah,10.0,25.0,83.0,Timur,4.0,7.0,Tenang,0.1,Barat Laut,0.65,0.02,,25.94736842105263,81.57894736842105,9.210526315789474,16.68421052631579,0.7631578947368421,0.9563157894736843,23.0,0.0,5.683333333333334,93.66666666666667
4050,AF025,Pelabuhan Kadatua,2026-09-28 12:00:00,2026-09-29,2026-10-02,2026-09-29 17:00:00,Cerah,10.0,25.0,84.0,Timur Laut,4.0,7.0,Tenang,0.1,Utara,0.67,0.44,,25.842105263157894,82.52631578947368,7.2631578947368425,15.631578947368421,0.7210526315789473,0.9378947368421052,,,,
4051,AF025,Pelabuhan Kadatua,2026-09-28 12:00:00,2026-09-29,2026-10-02,2026-09-29 18:00:00,Cerah Berawan,10.0,25.0,85.0,Timur Laut,4.0,7.0,Tenang,0.1,Utara,0.65,0.68,,25.63157894736842,83.15789473684211,7.2631578947368425,14.842105263157896,0.7000000000000001,0.9068421052631579,23.363636363636363,0.0,7.2,89.72727272727273
4052,AF025,Pelabuhan Kadatua,2026-09-28 12:00:00,2026-09-29,2026-10-02,2026-09-29 19:00:00,Cerah Berawan,10.0,25.0,86.0,Timur Laut,4.0,6.0,Tenang,0.1,Barat Daya,0.62,0.71,,25.57894736842105,83.78947368421052,7.2631578947368425,14.157894736842104,0.6736842105263158,0.8805263157894737,22.666666666666668,0.0,5.266666666666667,95.0
4053,AF025,Pelabuhan Kadatua,2026-09-28 12:00:00,2026-09-29,2026-10-02,2026-09-29 20:00:00,Cerah Berawan,10.0,25.0,87.0,Timur Laut,5.0,6.0,Tenang,0.1,Selatan,0.71,0.5,,25.526315789473685,84.3157894736842,6.7368421052631575,13.789473684210526,0.6631578947368421,0.8947368421052632,,,,
4054,AF025,Pelabuhan Kadatua,2026-09-28 12:00:00,2026-09-29,2026-10-02,2026-09-29 21:00:00,Cerah Berawan,10.0,25.0,88.0,Timur Laut,5.0,7.0,Tenang,0.1,Selatan,0.8,0.09,,25.36842105263158,84.52631578947368,6.7368421052631575,13.736842105263158,0.6473684210526316,0.9184210526315789,23.363636363636363,0.0,6.572727272727272,90.45454545454545
4055,AF025,Pelabuhan Kadatua,2026-09-28 12:00:00,2026-09-29,2026-10-02,2026-09-29 22:00:00,Cerah Berawan,10.0,25.0,86.0,Timur Laut,5.0,8.0,Tenang,0.1,Selatan,0.87,-0.42,,25.42105263157895,84.47368421052632,6.7368421052631575,13.789473684210526,0.6210526315789474,0.9405263157894738,24.5,0.0,9.85,85.0
4056,AF025,Pelabuhan Kadatua,2026-09-28 12:00:00,2026-09-29,2026-10-02,2026-09-29 23:00:00,Cerah Berawan,10.0,25.0,83.0,Timur Laut,2.0,8.0,Tenang,0.1,Selatan,0.9,-0.9,,25.736842105263158,81.52631578947368,7.157894736842105,14.368421052631579,0.6157894736842104,0.9536842105263158,,,,
4057,AF026,Pelabuhan Batu Atas Timur,2026-09-28 12:00:00,2026-09-29,2026-10-02,2026-09-29 00:00:00,Cerah Berawan,10.0,26.0,84.0,Timur,12.0,16.0,Rendah,0.7,Barat Daya,1.3,-1.26,,26.157894736842106,82.0,6.684210526315789,14.842105263157896,0.5789473684210527,0.9310526315789475,,,,
4058,AF026,Pelabuhan Batu Atas Timur,2026-09-28 12:00:00,2026-09-29,2026-10-02,2026-09-29 01:00:00,Cerah Berawan,10.0,27.0,83.0,Timur,12.0,16.0,Rendah,0.7,Barat Daya,1.23,-1.26,,26.57894736842105,80.3157894736842,6.684210526315789,16.42105263157895,0.5684210526315789,0.9336842105263159,,,,
4059,AF026,Pelabuhan Batu Atas Timur,2026-09-28 12:00:00,2026-09-29,2026-10-02,2026-09-29 02:00:00,Cerah Berawan,10.0,27.0,83.0,Timur,11.0,16.0,Rendah,0.6,Barat Daya,1.17,-1.03,,26.736842105263158,80.42105263157895,7.7368421052631575,17.42105263157895,0.5526315789473685,0.951578947368421,,,,
4060,AF026,Pelabuhan Batu Atas Timur,2026-09-28 12:00:00,2026-09-29,2026-10-02,2026-09-29 03:00:00,Cerah Berawan,10.0,27.0,82.0,Timur,11.0,16.0,Rendah,0.7,Barat Daya,1.14,-0.63,,26.894736842105264,80.15789473684211,7.7368421052631575,18.210526315789473,0.5631578947368421,0.9778947368421052,,,,
4061,AF026,Pelabuhan Batu Atas Timur,2026-09-28 12:00:00,2026-09-29,2026-10-02,2026-09-29 04:00:00,Cerah Berawan,10.0,27.0,82.0,Timur,11.0,15.0,Rendah,0.7,Barat Daya,1.13,-0.17,,26.94736842105263,79.47368421052632,7.7368421052631575,18.842105263157894,0.5578947368421052,1.0005263157894735,,,,
4062,AF026,Pelabuhan Batu Atas Timur,2026-09-28 12:00:00,2026-09-29,2026-10-02,2026-09-29 05:00:00,Berawan,10.0,27.0,81.0,Timur,12.0,15.0,Rendah,0.7,Barat Daya,1.14,0.25,,27.263157894736842,79.15789473684211,9.368421052631579,19.42105263157895,0.5526315789473685,1.0089473684210528,,,,
4063,AF026,Pelabuhan Batu Atas Timur,2026-09-28 12:00:00,2026-09-29,2026-10-02,2026-09-29 06:00:00,Berawan,10.0,27.0,80.0,Timur,12.0,15.0,Rendah,0.6,Barat Daya,1.25,0.55,,27.31578947368421,78.6842105263158,9.368421052631579,19.842105263157894,0.5421052631578948,1.0047368421052632,,,,
4064,AF026,Pelabuhan Batu Atas Timur,2026-09-28 12:00:00,2026-09-29,2026-10-02,2026-09-29 07:00:00,Berawan Tebal,10.0,27.0,80.0,Timur,12.0,16.0,Rendah,0.6,Barat Daya,1.43,0.64,,27.36842105263158,78.21052631578948,9.368421052631579,20.526315789473685,0.5526315789473685,0.9984210526315789,,,,
4065,AF026,Pelabuhan Batu Atas Timur,2026-09-28 12:00:00,2026-09-29,2026-10-02,2026-09-29 08:00:00,Berawan,10.0,27.0,79.0,Timur,14.0,17.0,Rendah,0.6,Barat Daya,1.6,0.5,,27.42105263157895,77.78947368421052,10.105263157894736,20.42105263157895,0.5947368421052632,0.9994736842105262,,,,
4066,AF026,Pelabuhan Batu Atas Timur,2026-09-28 12:00:00,2026-09-29,2026-10-02,2026-09-29 09:00:00,Berawan,10.0,27.0,79.0,Timur,14.0,17.0,Rendah,0.6,Barat Daya,1.66,0.15,,27.31578947368421,77.89473684210526,10.105263157894736,20.0,0.6578947368421053,0.9957894736842107,,,,
4067,AF026,Pelabuhan Batu Atas Timur,2026-09-28 12:00:00,2026-09-29,2026-10-02,2026-09-29 10:00:00,Cerah Berawan,10.0,27.0,80.0,Timur,14.0,17.0,Rendah,0.6,Barat Daya,1.61,-0.27,,27.157894736842106,78.52631578947368,10.105263157894736,19.473684210526315,0.6894736842105263,0.9857894736842105,,,,
4068,AF026,Pelabuhan Batu Atas Timur,2026-09-28 12:00:00,2026-09-29,2026-10-02,2026-09-29 11:00:00,Cerah Berawan,10.0,27.0,82.0,Timur,14.0,17.0,Rendah,0.6,Barat Daya,1.53,-0.67,,26.94736842105263,79.0,10.578947368421053,18.789473684210527,0.7526315789473684,0.9778947368421054,,,,
4069,AF026,Pelabuhan Batu Atas Timur,2026-09-28 12:00:00,2026-09-29,2026-10-02,2026-09-29 12:00:00,Cerah Berawan,10.0,27.0,82.0,Timur,14.0,17.0,Rendah,0.6,Barat Daya,1.44,-0.92,,26.789473684210527,79.6842105263158,10.578947368421053,18.94736842105263,0.7684210526315789,0.9626315789473684,,,,
4070,AF026,Pelabuhan Batu Atas Timur,2026-09-28 12:00:00,2026-09-29,2026-10-02,2026-09-29 13:00:00,Cerah Berawan,10.0,27.0,83.0,Timur,14.0,17.0,Rendah,0.6,Barat Daya,1.36,-0.97,,26.68421052631579,80.15789473684211,10.578947368421053,19.263157894736842,0.7684210526315789,0.961578947368421,,,,
4071,AF026,Pelabuhan Batu Atas Timur,2026-09-28 12:00:00,2026-09-29,2026-10-02,2026-09-29 14:00:00,Cerah,10.0,27.0,83.0,Timur,14.0,17.0,Rendah,0.7,Barat Daya,1.22,-0.79,,26.36842105263158,80.3157894736842,9.210526315789474,18.57894736842105,0.7736842105263158,0.9505263157894737,,,,
4072,AF026,Pelabuhan Batu Atas Timur,2026-09-28 12:00:00,2026-09-29,2026-10-02,2026-09-29 15:00:00,Cerah Berawan,10.0,27.0,83.0,Timur,14.0,18.0,Rendah,0.7,Barat Daya,1.1,-0.45,,26.263157894736842,80.94736842105263,9.210526315789474,18.0,0.7684210526315789,0.9568421052631578,24.272727272727273,0.0,7.290909090909091,86.9090909090909
4073,AF026,Pelabuhan Batu Atas Timur,2026-09-28 12:00:00,2026-09-29,2026-10-02,2026-09-29 16:00:00,Cerah Berawan,10.0,27.0,83.0,Timur,14.0,17.0,Rendah,0.8,Barat Daya,0.99,-0.04,,25.94736842105263,81.57894736842105,9.210526315789474,16.68421052631579,0.7631578947368421,0.9563157894736843,23.0,0.0,5.683333333333334,93.66666666666667
4074,AF026,Pelabuhan Batu Atas Timur,2026-09-28 12:00:00,2026-09-29,2026-10-02,2026-09-29 17:00:00,Cerah Berawan,10.0,26.0,83.0,Timur,11.0,16.0,Rendah,0.8,Barat Daya,0.91,0.38,,25.842105263157894,82.52631578947368,7.2631578947368425,15.631578947368421,0.7210526315789473,0.9378947368421052,,,,
4075,AF026,Pelabuhan Batu Atas Timur,2026-09-28 12:00:00,2026-09-29,2026-10-02,2026-09-29 18:00:00,Cerah Berawan,10.0,26.0,82.0,Timur,11.0,15.0,Rendah,0.7,Barat Daya,0.92,0.67,,25.63157894736842,83.15789473684211,7.2631578947368425,14.842105263157896,0.7000000000000001,0.9068421052631579,23.363636363636363,0.0,7.2,89.72727272727273
4076,AF026,Pelabuhan Batu Atas Timur,2026-09-28 12:00:00,2026-09-29,2026-10-02,2026-09-29 19:00:00,Cerah Berawan,10.0,26.0,81.0,Timur,11.0,14.0,Rendah,0.7,Barat Daya,1.1,0.74,,25.57894736842105,83.78947368421052,7.2631578947368425,14.157894736842104,0.6736842105263158,0.8805263157894737,22.666666666666668,0.0,5.266666666666667,95.0
4077,AF026,Pelabuhan Batu Atas Timur,2026-09-28 12:00:00,2026-09-29,2026-10-02,2026-09-29 20:00:00,Cerah,10.0,26.0,82.0,Timur,10.0,13.0,Rendah,0.7,Barat Daya,1.3,0.57,,25.526315789473685,84.3157894736842,6.7368421052631575,13.789473684210526,0.6631578947368421,0.8947368421052632,,,,
4078,AF026,Pelabuhan Batu Atas Timur,2026-09-28 12:00:00,2026-09-29,2026-10-02,2026-09-29 21:00:00,Cerah,10.0,26.0,81.0,Timur,10.0,13.0,Rendah,0.7,Barat Daya,1.4,0.17,,25.36842105263158,84.52631578947368,6.7368421052631575,13.736842105263158,0.6473684210526316,0.9184210526315789,23.363636363636363,0.0,6.572727272727272,90.45454545454545
4079,AF026,Pelabuhan Batu Atas Timur,2026-09-28 12:00:00,2026-09-29,2026-10-02,2026-09-29 22:00:00,Cerah,10.0,26.0,81.0,Timur,10.0,14.0,Rendah,0.6,Barat Daya,1.38,-0.34,,25.42105263157895,84.47368421052632,6.7368421052631575,13.789473684210526,0.6210526315789474,0.9405263157894738,24.5,0.0,9.85,85.0
4080,AF026,Pelabuhan Batu Atas Timur,2026-09-28 12:00:00,2026-09-29,2026-10-02,2026-09-29 23:00:00,Cerah,10.0,26.0,81.0,Timur,12.0,15.0,Rendah,0.6,Barat Daya,1.34,-0.85,,25.736842105263158,81.52631578947368,7.157894736842105,14.368421052631579,0.6157894736842104,0.9536842105263158,,,,
4081,AF027,Pelabuhan Wamengkoli/Waara,2026-09-28 12:00:00,2026-09-29,2026-10-02,2026-09-29 00:00:00,Cerah Berawan,10.0,28.0,71.0,Timur,4.0,8.0,Tenang,0.1,Barat Daya,1.05,-1.32,,26.157894736842106,82.0,6.684210526315789,14.842105263157896,0.5789473684210527,0.9310526315789475,,,,
4082,AF027,Pelabuhan Wamengkoli/Waara,2026-09-28 12:00:00,2026-09-29,2026-10-02,2026-09-29 01:00:00,Cerah Berawan,10.0,29.0,64.0,Timur,4.0,8.0,Tenang,0.1,Barat Daya,0.68,-1.32,,26.57894736842105,80.3157894736842,6.684210526315789,16.42105263157895,0.5684210526315789,0.9336842105263159,,,,
4083,AF027,Pelabuhan Wamengkoli/Waara,2026-09-28 12:00:00,2026-09-29,2026-10-02,2026-09-29 02:00:00,Cerah Berawan,10.0,30.0,60.0,Tenggara,2.0,8.0,Tenang,0.1,Timur Laut,0.95,-1.12,,26.736842105263158,80.42105263157895,7.7368421052631575,17.42105263157895,0.5526315789473685,0.951578947368421,,,,
4084,AF027,Pelabuhan Wamengkoli/Waara,2026-09-28 12:00:00,2026-09-29,2026-10-02,2026-09-29 03:00:00,Cerah Berawan,10.0,31.0,57.0,Tenggara,2.0,7.0,Tenang,0.1,Timur Laut,1.3,-0.66,,26.894736842105264,80.15789473684211,7.7368421052631575,18.210526315789473,0.5631578947368421,0.9778947368421052,,,,
4085,AF027,Pelabuhan Wamengkoli/Waara,2026-09-28 12:00:00,2026-09-29,2026-10-02,2026-09-29 04:00:00,Cerah Berawan,10.0,31.0,56.0,Tenggara,2.0,5.0,Tenang,0.1,Timur Laut,1.35,-0.18,,26.94736842105263,79.47368421052632,7.7368421052631575,18.842105263157894,0.5578947368421052,1.0005263157894735,,,,
4086,AF027,Pelabuhan Wamengkoli/Waara,2026-09-28 12:00:00,2026-09-29,2026-10-02,2026-09-29 05:00:00,Cerah Berawan,10.0,31.0,56.0,Timur,1.0,4.0,Tenang,0.1,Timur Laut,1.2,0.26,,27.263157894736842,79.15789473684211,9.368421052631579,19.42105263157895,0.5526315789473685,1.0089473684210528,,,,
4087,AF027,Pelabuhan Wamengkoli/Waara,2026-09-28 12:00:00,2026-09-29,2026-10-02,2026-09-29 06:00:00,Berawan,10.0,31.0,56.0,Timur,1.0,5.0,Tenang,0.1,Timur Laut,0.95,0.55,,27.31578947368421,78.6842105263158,9.368421052631579,19.842105263157894,0.5421052631578948,1.0047368421052632,,,,
4088,AF027,Pelabuhan Wamengkoli/Waara,2026-09-28 12:00:00,2026-09-29,2026-10-02,2026-09-29 07:00:00,Berawan Tebal,10.0,31.0,56.0,Timur,1.0,9.0,Tenang,0.1,Tenggara,0.68,0.64,,27.36842105263158,78.21052631578948,9.368421052631579,20.526315789473685,0.5526315789473685,0.9984210526315789,,,,
4089,AF027,Pelabuhan Wamengkoli/Waara,2026-09-28 12:00:00,2026-09-29,2026-10-02,2026-09-29 08:00:00,Berawan,10.0,30.0,58.0,Timur,11.0,13.0,Tenang,0.1,Barat Daya,1.12,0.5,,27.42105263157895,77.78947368421052,10.105263157894736,20.42105263157895,0.5947368421052632,0.9994736842105262,,,,
4090,AF027,Pelabuhan Wamengkoli/Waara,2026-09-28 12:00:00,2026-09-29,2026-10-02,2026-09-29 09:00:00,Berawan,10.0,28.0,70.0,Timur,11.0,14.0,Tenang,0.1,Barat Daya,1.53,0.14,,27.31578947368421,77.89473684210526,10.105263157894736,20.0,0.6578947368421053,0.9957894736842107,,,,
4091,AF027,Pelabuhan Wamengkoli/Waara,2026-09-28 12:00:00,2026-09-29,2026-10-02,2026-09-29 10:00:00,Berawan,10.0,27.0,77.0,Timur,11.0,14.0,Tenang,0.1,Barat Daya,1.58,-0.31,,27.157894736842106,78.52631578947368,10.105263157894736,19.473684210526315,0.6894736842105263,0.9857894736842105,,,,
4092,AF027,Pelabuhan Wamengkoli/Waara,2026-09-28 12:00:00,2026-09-29,2026-10-02,2026-09-29 11:00:00,Cerah Berawan,10.0,26.0,80.0,Timur,7.0,13.0,Tenang,0.1,Barat Daya,1.44,-0.7,,26.94736842105263,79.0,10.578947368421053,18.789473684210527,0.7526315789473684,0.9778947368421054,,,,
4093,AF027,Pelabuhan Wamengkoli/Waara,2026-09-28 12:00:00,2026-09-29,2026-10-02,2026-09-29 12:00:00,Cerah Berawan,10.0,25.0,82.0,Timur,7.0,11.0,Tenang,0.1,Barat Daya,1.17,-0.97,,26.789473684210527,79.6842105263158,10.578947368421053,18.94736842105263,0.7684210526315789,0.9626315789473684,,,,
4094,AF027,Pelabuhan Wamengkoli/Waara,2026-09-28 12:00:00,2026-09-29,2026-10-02,2026-09-29 13:00:00,Cerah,10.0,25.0,83.0,Timur,7.0,10.0,Tenang,0.1,Barat Daya,0.82,-0.99,,26.68421052631579,80.15789473684211,10.578947368421053,19.263157894736842,0.7684210526315789,0.961578947368421,,,,
4095,AF027,Pelabuhan Wamengkoli/Waara,2026-09-28 12:00:00,2026-09-29,2026-10-02,2026-09-29 14:00:00,Cerah,10.0,25.0,84.0,Timur Laut,4.0,9.0,Tenang,0.1,Timur Laut,0.83,-0.84,,26.36842105263158,80.3157894736842,9.210526315789474,18.57894736842105,0.7736842105263158,0.9505263157894737,,,,
4096,AF027,Pelabuhan Wamengkoli/Waara,2026-09-28 12:00:00,2026-09-29,2026-10-02,2026-09-29 15:00:00,Cerah Berawan,10.0,25.0,84.0,Timur Laut,4.0,7.0,Tenang,0.1,Timur Laut,1.22,-0.47,,26.263157894736842,80.94736842105263,9.210526315789474,18.0,0.7684210526315789,0.9568421052631578,24.272727272727273,0.0,7.290909090909091,86.9090909090909
4097,AF027,Pelabuhan Wamengkoli/Waara,2026-09-28 12:00:00,2026-09-29,2026-10-02,2026-09-29 16:00:00,Cerah,10.0,24.0,86.0,Timur Laut,4.0,6.0,Tenang,0.1,Timur Laut,1.36,-0.03,,25.94736842105263,81.57894736842105,9.210526315789474,16.68421052631579,0.7631578947368421,0.9563157894736843,23.0,0.0,5.683333333333334,93.66666666666667
4098,AF027,Pelabuhan Wamengkoli/Waara,2026-09-28 12:00:00,2026-09-29,2026-10-02,2026-09-29 17:00:00,Cerah,10.0,24.0,89.0,Timur Laut,2.0,6.0,Tenang,0.1,Timur Laut,1.3,0.41,,25.842105263157894,82.52631578947368,7.2631578947368425,15.631578947368421,0.7210526315789473,0.9378947368421052,,,,
4099,AF027,Pelabuhan Wamengkoli/Waara,2026-09-28 12:00:00,2026-09-29,2026-10-02,2026-09-29 18:00:00,Cerah Berawan,10.0,24.0,92.0,Timur Laut,2.0,5.0,Tenang,0.1,Timur Laut,1.05,0.69,,25.63157894736842,83.15789473684211,7.2631578947368425,14.842105263157896,0.7000000000000001,0.9068421052631579,23.363636363636363,0.0,7.2,89.72727272727273
4100,AF027,Pelabuhan Wamengkoli/Waara,2026-09-28 12:00:00,2026-09-29,2026-10-02,2026-09-29 19:00:00,Cerah Berawan,10.0,24.0,93.0,Timur Laut,2.0,5.0,Tenang,0.1,Timur Laut,0.69,0.76,,25.57894736842105,83.78947368421052,7.2631578947368425,14.157894736842104,0.6736842105263158,0.8805263157894737,22.666666666666668,0.0,5.266666666666667,95.0
4101,AF027,Pelabuhan Wamengkoli/Waara,2026-09-28 12:00:00,2026-09-29,2026-10-02,2026-09-29 20:00:00,Cerah Berawan,10.0,23.0,94.0,Timur Laut,3.0,5.0,Tenang,0.1,Barat Daya,0.94,0.58,,25.526315789473685,84.3157894736842,6.7368421052631575,13.789473684210526,0.6631578947368421,0.8947368421052632,,,,
4102,AF027,Pelabuhan Wamengkoli/Waara,2026-09-28 12:00:00,2026-09-29,2026-10-02,2026-09-29 21:00:00,Cerah Berawan,10.0,23.0,94.0,Timur Laut,3.0,5.0,Tenang,0.1,Barat Daya,1.34,0.16,,25.36842105263158,84.52631578947368,6.7368421052631575,13.736842105263158,0.6473684210526316,0.9184210526315789,23.363636363636363,0.0,6.572727272727272,90.45454545454545
4103,AF027,Pelabuhan Wamengkoli/Waara,2026-09-28 12:00:00,2026-09-29,2026-10-02,2026-09-29 22:00:00,Cerah Berawan,10.0,24.0,92.0,Timur Laut,3.0,5.0,Tenang,0.1,Barat Daya,1.47,-0.37,,25.42105263157895,84.47368421052632,6.7368421052631575,13.789473684210526,0.6210526315789474,0.9405263157894738,24.5,0.0,9.85,85.0
4104,AF027,Pelabuhan Wamengkoli/Waara,2026-09-28 12:00:00,2026-09-29,2026-10-02,2026-09-29 23:00:00,Cerah Berawan,10.0,25.0,84.0,Timur Laut,4.0,5.0,Tenang,0.1,Barat Daya,1.41,-0.86,,25.736842105263158,81.52631578947368,7.157894736842105,14.368421052631579,0.6157894736842104,0.9536842105263158,,,,
4105,AF028,Pelabuhan Tolandona,2026-09-28 12:00:00,2026-09-29,2026-10-02,2026-09-29 00:00:00,Cerah Berawan,10.0,28.0,70.0,Timur,4.0,8.0,Tenang,0.1,Selatan,0.69,-1.34,,26.157894736842106,82.0,6.684210526315789,14.842105263157896,0.5789473684210527,0.9310526315789475,,,,
4106,AF028,Pelabuhan Tolandona,2026-09-28 12:00:00,2026-09-29,2026-10-02,2026-09-29 01:00:00,Cerah Berawan,10.0,29.0,63.0,Timur,4.0,8.0,Tenang,0.1,Timur,0.77,-1.38,,26.57894736842105,80.3157894736842,6.684210526315789,16.42105263157895,0.5684210526315789,0.9336842105263159,,,,
4107,AF028,Pelabuhan Tolandona,2026-09-28 12:00:00,2026-09-29,2026-10-02,2026-09-29 02:00:00,Cerah Berawan,10.0,30.0,59.0,Tenggara,2.0,8.0,Tenang,0.1,Timur Laut,1.07,-1.15,,26.736842105263158,80.42105263157895,7.7368421052631575,17.42105263157895,0.5526315789473685,0.951578947368421,,,,
4108,AF028,Pelabuhan Tolandona,2026-09-28 12:00:00,2026-09-29,2026-10-02,2026-09-29 03:00:00,Cerah Berawan,10.0,31.0,55.0,Tenggara,2.0,7.0,Tenang,0.1,Timur Laut,1.43,-0.74,,26.894736842105264,80.15789473684211,7.7368421052631575,18.210526315789473,0.5631578947368421,0.9778947368421052,,,,
4109,AF028,Pelabuhan Tolandona,2026-09-28 12:00:00,2026-09-29,2026-10-02,2026-09-29 04:00:00,Cerah Berawan,10.0,32.0,54.0,Tenggara,2.0,5.0,Tenang,0.1,Timur Laut,1.56,-0.23,,26.94736842105263,79.47368421052632,7.7368421052631575,18.842105263157894,0.5578947368421052,1.0005263157894735,,,,
4110,AF028,Pelabuhan Tolandona,2026-09-28 12:00:00,2026-09-29,2026-10-02,2026-09-29 05:00:00,Cerah Berawan,10.0,32.0,54.0,Timur,1.0,4.0,Tenang,0.1,Timur Laut,1.45,0.26,,27.263157894736842,79.15789473684211,9.368421052631579,19.42105263157895,0.5526315789473685,1.0089473684210528,,,,
4111,AF028,Pelabuhan Tolandona,2026-09-28 12:00:00,2026-09-29,2026-10-02,2026-09-29 06:00:00,Berawan,10.0,32.0,53.0,Timur,1.0,5.0,Tenang,0.1,Timur Laut,1.11,0.58,,27.31578947368421,78.6842105263158,9.368421052631579,19.842105263157894,0.5421052631578948,1.0047368421052632,,,,
4112,AF028,Pelabuhan Tolandona,2026-09-28 12:00:00,2026-09-29,2026-10-02,2026-09-29 07:00:00,Berawan Tebal,10.0,32.0,54.0,Timur,1.0,9.0,Tenang,0.1,Timur,0.71,0.69,,27.36842105263158,78.21052631578948,9.368421052631579,20.526315789473685,0.5526315789473685,0.9984210526315789,,,,
4113,AF028,Pelabuhan Tolandona,2026-09-28 12:00:00,2026-09-29,2026-10-02,2026-09-29 08:00:00,Berawan,10.0,31.0,57.0,Timur,11.0,13.0,Tenang,0.1,Barat Daya,0.95,0.55,,27.42105263157895,77.78947368421052,10.105263157894736,20.42105263157895,0.5947368421052632,0.9994736842105262,,,,
4114,AF028,Pelabuhan Tolandona,2026-09-28 12:00:00,2026-09-29,2026-10-02,2026-09-29 09:00:00,Berawan,10.0,29.0,66.0,Timur,11.0,14.0,Tenang,0.1,Barat Daya,1.1,0.13,,27.31578947368421,77.89473684210526,10.105263157894736,20.0,0.6578947368421053,0.9957894736842107,,,,
4115,AF028,Pelabuhan Tolandona,2026-09-28 12:00:00,2026-09-29,2026-10-02,2026-09-29 10:00:00,Berawan,10.0,27.0,73.0,Timur,11.0,14.0,Tenang,0.1,Barat Daya,1.01,-0.31,,27.157894736842106,78.52631578947368,10.105263157894736,19.473684210526315,0.6894736842105263,0.9857894736842105,,,,
4116,AF028,Pelabuhan Tolandona,2026-09-28 12:00:00,2026-09-29,2026-10-02,2026-09-29 11:00:00,Cerah Berawan,10.0,26.0,77.0,Timur,7.0,13.0,Tenang,0.1,Barat Daya,0.9,-0.72,,26.94736842105263,79.0,10.578947368421053,18.789473684210527,0.7526315789473684,0.9778947368421054,,,,
4117,AF028,Pelabuhan Tolandona,2026-09-28 12:00:00,2026-09-29,2026-10-02,2026-09-29 12:00:00,Cerah Berawan,10.0,26.0,80.0,Timur,7.0,11.0,Tenang,0.1,Selatan,0.77,-0.96,,26.789473684210527,79.6842105263158,10.578947368421053,18.94736842105263,0.7684210526315789,0.9626315789473684,,,,
4118,AF028,Pelabuhan Tolandona,2026-09-28 12:00:00,2026-09-29,2026-10-02,2026-09-29 13:00:00,Cerah,10.0,26.0,81.0,Timur,7.0,10.0,Tenang,0.1,Tenggara,0.71,-1.07,,26.68421052631579,80.15789473684211,10.578947368421053,19.263157894736842,0.7684210526315789,0.961578947368421,,,,
4119,AF028,Pelabuhan Tolandona,2026-09-28 12:00:00,2026-09-29,2026-10-02,2026-09-29 14:00:00,Cerah,10.0,25.0,82.0,Timur Laut,4.0,9.0,Tenang,0.1,Timur Laut,0.97,-0.91,,26.36842105263158,80.3157894736842,9.210526315789474,18.57894736842105,0.7736842105263158,0.9505263157894737,,,,
4120,AF028,Pelabuhan Tolandona,2026-09-28 12:00:00,2026-09-29,2026-10-02,2026-09-29 15:00:00,Cerah Berawan,10.0,25.0,83.0,Timur Laut,4.0,7.0,Tenang,0.1,Timur Laut,1.33,-0.55,,26.263157894736842,80.94736842105263,9.210526315789474,18.0,0.7684210526315789,0.9568421052631578,24.272727272727273,0.0,7.290909090909091,86.9090909090909
4121,AF028,Pelabuhan Tolandona,2026-09-28 12:00:00,2026-09-29,2026-10-02,2026-09-29 16:00:00,Cerah,10.0,25.0,85.0,Timur Laut,4.0,6.0,Tenang,0.1,Timur Laut,1.55,-0.09,,25.94736842105263,81.57894736842105,9.210526315789474,16.68421052631579,0.7631578947368421,0.9563157894736843,23.0,0.0,5.683333333333334,93.66666666666667
4122,AF028,Pelabuhan Tolandona,2026-09-28 12:00:00,2026-09-29,2026-10-02,2026-09-29 17:00:00,Cerah,10.0,24.0,89.0,Timur Laut,2.0,6.0,Tenang,0.1,Timur Laut,1.49,0.36,,25.842105263157894,82.52631578947368,7.2631578947368425,15.631578947368421,0.7210526315789473,0.9378947368421052,,,,
4123,AF028,Pelabuhan Tolandona,2026-09-28 12:00:00,2026-09-29,2026-10-02,2026-09-29 18:00:00,Cerah Berawan,10.0,24.0,92.0,Timur Laut,2.0,5.0,Tenang,0.1,Timur Laut,1.19,0.69,,25.63157894736842,83.15789473684211,7.2631578947368425,14.842105263157896,0.7000000000000001,0.9068421052631579,23.363636363636363,0.0,7.2,89.72727272727273
4124,AF028,Pelabuhan Tolandona,2026-09-28 12:00:00,2026-09-29,2026-10-02,2026-09-29 19:00:00,Cerah Berawan,10.0,24.0,93.0,Timur Laut,2.0,5.0,Tenang,0.1,Timur Laut,0.77,0.82,,25.57894736842105,83.78947368421052,7.2631578947368425,14.157894736842104,0.6736842105263158,0.8805263157894737,22.666666666666668,0.0,5.266666666666667,95.0
4125,AF028,Pelabuhan Tolandona,2026-09-28 12:00:00,2026-09-29,2026-10-02,2026-09-29 20:00:00,Cerah Berawan,10.0,24.0,94.0,Timur Laut,3.0,5.0,Tenang,0.1,Barat Daya,0.83,0.65,,25.526315789473685,84.3157894736842,6.7368421052631575,13.789473684210526,0.6631578947368421,0.8947368421052632,,,,
4126,AF028,Pelabuhan Tolandona,2026-09-28 12:00:00,2026-09-29,2026-10-02,2026-09-29 21:00:00,Cerah Berawan,10.0,23.0,94.0,Timur Laut,3.0,5.0,Tenang,0.1,Barat Daya,1.0,0.24,,25.36842105263158,84.52631578947368,6.7368421052631575,13.736842105263158,0.6473684210526316,0.9184210526315789,23.363636363636363,0.0,6.572727272727272,90.45454545454545
4127,AF028,Pelabuhan Tolandona,2026-09-28 12:00:00,2026-09-29,2026-10-02,2026-09-29 22:00:00,Cerah Berawan,10.0,24.0,92.0,Timur Laut,3.0,5.0,Tenang,0.1,Barat Daya,0.94,-0.35,,25.42105263157895,84.47368421052632,6.7368421052631575,13.789473684210526,0.6210526315789474,0.9405263157894738,24.5,0.0,9.85,85.0
4128,AF028,Pelabuhan Tolandona,2026-09-28 12:00:00,2026-09-29,2026-10-02,2026-09-29 23:00:00,Cerah Berawan,10.0,25.0,83.0,Timur Laut,4.0,5.0,Tenang,0.1,Barat Daya,0.84,-0.9,,25.736842105263158,81.52631578947368,7.157894736842105,14.368421052631579,0.6157894736842104,0.9536842105263158,,,,
4129,AF029,Pelabuhan Mawasangka,2026-09-28 12:00:00,2026-09-29,2026-10-02,2026-09-29 00:00:00,Cerah Berawan,10.0,28.0,72.0,Timur Laut,5.0,7.0,Tenang,0.1,Barat Daya,0.68,-1.32,,26.157894736842106,82.0,6.684210526315789,14.842105263157896,0.5789473684210527,0.9310526315789475,,,,
4130,AF029,Pelabuhan Mawasangka,2026-09-28 12:00:00,2026-09-29,2026-10-02,2026-09-29 01:00:00,Cerah Berawan,10.0,30.0,59.0,Timur Laut,5.0,7.0,Tenang,0.1,Selatan,0.62,-1.3,,26.57894736842105,80.3157894736842,6.684210526315789,16.42105263157895,0.5684210526315789,0.9336842105263159,,,,
4131,AF029,Pelabuhan Mawasangka,2026-09-28 12:00:00,2026-09-29,2026-10-02,2026-09-29 02:00:00,Cerah Berawan,10.0,31.0,54.0,Barat,5.0,8.0,Tenang,0.1,Timur,0.6,-1.04,,26.736842105263158,80.42105263157895,7.7368421052631575,17.42105263157895,0.5526315789473685,0.951578947368421,,,,
4132,AF029,Pelabuhan Mawasangka,2026-09-28 12:00:00,2026-09-29,2026-10-02,2026-09-29 03:00:00,Cerah Berawan,10.0,30.0,60.0,Barat,5.0,11.0,Tenang,0.1,Timur,0.68,-0.61,,26.894736842105264,80.15789473684211,7.7368421052631575,18.210526315789473,0.5631578947368421,0.9778947368421052,,,,
4133,AF029,Pelabuhan Mawasangka,2026-09-28 12:00:00,2026-09-29,2026-10-02,2026-09-29 04:00:00,Cerah Berawan,10.0,29.0,73.0,Barat,5.0,13.0,Tenang,0.1,Timur,0.75,-0.14,,26.94736842105263,79.47368421052632,7.7368421052631575,18.842105263157894,0.5578947368421052,1.0005263157894735,,,,
4134,AF029,Pelabuhan Mawasangka,2026-09-28 12:00:00,2026-09-29,2026-10-02,2026-09-29 05:00:00,Cerah Berawan,10.0,28.0,75.0,Barat,5.0,11.0,Tenang,0.1,Timur,0.76,0.29,,27.263157894736842,79.15789473684211,9.368421052631579,19.42105263157895,0.5526315789473685,1.0089473684210528,,,,
4135,AF029,Pelabuhan Mawasangka,2026-09-28 12:00:00,2026-09-29,2026-10-02,2026-09-29 06:00:00,Berawan,10.0,28.0,74.0,Barat,5.0,11.0,Tenang,0.2,Timur,0.72,0.58,,27.31578947368421,78.6842105263158,9.368421052631579,19.842105263157894,0.5421052631578948,1.0047368421052632,,,,
4136,AF029,Pelabuhan Mawasangka,2026-09-28 12:00:00,2026-09-29,2026-10-02,2026-09-29 07:00:00,Berawan,10.0,30.0,71.0,Barat,5.0,11.0,Tenang,0.2,Tenggara,0.65,0.64,,27.36842105263158,78.21052631578948,9.368421052631579,20.526315789473685,0.5526315789473685,0.9984210526315789,,,,
4137,AF029,Pelabuhan Mawasangka,2026-09-28 12:00:00,2026-09-29,2026-10-02,2026-09-29 08:00:00,Berawan,10.0,30.0,69.0,Tenggara,2.0,11.0,Tenang,0.2,Selatan,0.62,0.48,,27.42105263157895,77.78947368421052,10.105263157894736,20.42105263157895,0.5947368421052632,0.9994736842105262,,,,
4138,AF029,Pelabuhan Mawasangka,2026-09-28 12:00:00,2026-09-29,2026-10-02,2026-09-29 09:00:00,Berawan,10.0,30.0,66.0,Tenggara,2.0,11.0,Tenang,0.1,Barat Daya,0.66,0.13,,27.31578947368421,77.89473684210526,10.105263157894736,20.0,0.6578947368421053,0.9957894736842107,,,,
4139,AF029,Pelabuhan Mawasangka,2026-09-28 12:00:00,2026-09-29,2026-10-02,2026-09-29 10:00:00,Berawan,10.0,29.0,60.0,Tenggara,2.0,8.0,Tenang,0.1,Barat Daya,0.68,-0.29,,27.157894736842106,78.52631578947368,10.105263157894736,19.473684210526315,0.6894736842105263,0.9857894736842105,,,,
4140,AF029,Pelabuhan Mawasangka,2026-09-28 12:00:00,2026-09-29,2026-10-02,2026-09-29 11:00:00,Cerah Berawan,10.0,28.0,64.0,Timur,7.0,12.0,Tenang,0.1,Barat Daya,0.68,-0.7,,26.94736842105263,79.0,10.578947368421053,18.789473684210527,0.7526315789473684,0.9778947368421054,,,,
4141,AF029,Pelabuhan Mawasangka,2026-09-28 12:00:00,2026-09-29,2026-10-02,2026-09-29 12:00:00,Cerah Berawan,10.0,27.0,71.0,Timur,7.0,12.0,Tenang,0.1,Barat Daya,0.64,-0.92,,26.789473684210527,79.6842105263158,10.578947368421053,18.94736842105263,0.7684210526315789,0.9626315789473684,,,,
4142,AF029,Pelabuhan Mawasangka,2026-09-28 12:00:00,2026-09-29,2026-10-02,2026-09-29 13:00:00,Cerah Berawan,10.0,26.0,76.0,Timur,7.0,12.0,Tenang,0.1,Utara,0.59,-0.96,,26.68421052631579,80.15789473684211,10.578947368421053,19.263157894736842,0.7684210526315789,0.961578947368421,,,,
4143,AF029,Pelabuhan Mawasangka,2026-09-28 12:00:00,2026-09-29,2026-10-02,2026-09-29 14:00:00,Cerah,10.0,25.0,80.0,Timur,3.0,10.0,Tenang,0.1,Timur Laut,0.66,-0.79,,26.36842105263158,80.3157894736842,9.210526315789474,18.57894736842105,0.7736842105263158,0.9505263157894737,,,,
4144,AF029,Pelabuhan Mawasangka,2026-09-28 12:00:00,2026-09-29,2026-10-02,2026-09-29 15:00:00,Cerah,10.0,25.0,86.0,Timur,3.0,8.0,Tenang,0.1,Timur Laut,0.71,-0.45,,26.263157894736842,80.94736842105263,9.210526315789474,18.0,0.7684210526315789,0.9568421052631578,24.272727272727273,0.0,7.290909090909091,86.9090909090909
4145,AF029,Pelabuhan Mawasangka,2026-09-28 12:00:00,2026-09-29,2026-10-02,2026-09-29 16:00:00,Cerah,10.0,24.0,90.0,Timur,3.0,6.0,Tenang,0.1,Timur Laut,0.73,0.0,,25.94736842105263,81.57894736842105,9.210526315789474,16.68421052631579,0.7631578947368421,0.9563157894736843,23.0,0.0,5.683333333333334,93.66666666666667
4146,AF029,Pelabuhan Mawasangka,2026-09-28 12:00:00,2026-09-29,2026-10-02,2026-09-29 17:00:00,Cerah,10.0,24.0,91.0,Timur Laut,1.0,5.0,Tenang,0.1,Timur Laut,0.68,0.42,,25.842105263157894,82.52631578947368,7.2631578947368425,15.631578947368421,0.7210526315789473,0.9378947368421052,,,,
4147,AF029,Pelabuhan Mawasangka,2026-09-28 12:00:00,2026-09-29,2026-10-02,2026-09-29 18:00:00,Cerah,10.0,23.0,92.0,Timur Laut,1.0,5.0,Tenang,0.1,Barat Laut,0.61,0.7,,25.63157894736842,83.15789473684211,7.2631578947368425,14.842105263157896,0.7000000000000001,0.9068421052631579,23.363636363636363,0.0,7.2,89.72727272727273
4148,AF029,Pelabuhan Mawasangka,2026-09-28 12:00:00,2026-09-29,2026-10-02,2026-09-29 19:00:00,Cerah Berawan,10.0,23.0,93.0,Timur Laut,1.0,6.0,Tenang,0.1,Barat Daya,0.68,0.74,,25.57894736842105,83.78947368421052,7.2631578947368425,14.157894736842104,0.6736842105263158,0.8805263157894737,22.666666666666668,0.0,5.266666666666667,95.0
4149,AF029,Pelabuhan Mawasangka,2026-09-28 12:00:00,2026-09-29,2026-10-02,2026-09-29 20:00:00,Cerah,10.0,23.0,94.0,Timur Laut,2.0,6.0,Tenang,0.1,Barat Daya,0.76,0.55,,25.526315789473685,84.3157894736842,6.7368421052631575,13.789473684210526,0.6631578947368421,0.8947368421052632,,,,
4150,AF029,Pelabuhan Mawasangka,2026-09-28 12:00:00,2026-09-29,2026-10-02,2026-09-29 21:00:00,Cerah Berawan,10.0,23.0,96.0,Timur Laut,2.0,6.0,Tenang,0.1,Barat Daya,0.81,0.16,,25.36842105263158,84.52631578947368,6.7368421052631575,13.736842105263158,0.6473684210526316,0.9184210526315789,23.363636363636363,0.0,6.572727272727272,90.45454545454545
4151,AF029,Pelabuhan Mawasangka,2026-09-28 12:00:00,2026-09-29,2026-10-02,2026-09-29 22:00:00,Cerah Berawan,10.0,23.0,97.0,Timur Laut,2.0,6.0,Tenang,0.1,Barat Daya,0.83,-0.36,,25.42105263157895,84.47368421052632,6.7368421052631575,13.789473684210526,0.6210526315789474,0.9405263157894738,24.5,0.0,9.85,85.0
4152,AF029,Pelabuhan Mawasangka,2026-09-28 12:00:00,2026-09-29,2026-10-02,2026-09-29 23:00:00,Cerah,10.0,25.0,85.0,Timur Laut,3.0,6.0,Tenang,0.1,Barat Daya,0.79,-0.87,,25.736842105263158,81.52631578947368,7.157894736842105,14.368421052631579,0.6157894736842104,0.9536842105263158,,,,
4153,AF030,Pelabuhan Talaga Raya,2026-09-28 12:00:00,2026-09-29,2026-10-02,2026-09-29 00:00:00,Cerah,10.0,26.0,85.0,Timur Laut,8.0,12.0,Rendah,0.5,Selatan,0.97,-1.26,,26.157894736842106,82.0,6.684210526315789,14.842105263157896,0.5789473684210527,0.9310526315789475,,,,
4154,AF030,Pelabuhan Talaga Raya,2026-09-28 12:00:00,2026-09-29,2026-10-02,2026-09-29 01:00:00,Cerah,10.0,26.0,83.0,Timur Laut,8.0,11.0,Tenang,0.4,Selatan,0.99,-1.25,,26.57894736842105,80.3157894736842,6.684210526315789,16.42105263157895,0.5684210526315789,0.9336842105263159,,,,
4155,AF030,Pelabuhan Talaga Raya,2026-09-28 12:00:00,2026-09-29,2026-10-02,2026-09-29 02:00:00,Cerah,10.0,27.0,80.0,Tenggara,2.0,8.0,Tenang,0.4,Selatan,0.98,-1.01,,26.736842105263158,80.42105263157895,7.7368421052631575,17.42105263157895,0.5526315789473685,0.951578947368421,,,,
4156,AF030,Pelabuhan Talaga Raya,2026-09-28 12:00:00,2026-09-29,2026-10-02,2026-09-29 03:00:00,Cerah Berawan,10.0,27.0,80.0,Tenggara,2.0,5.0,Tenang,0.4,Selatan,0.93,-0.61,,26.894736842105264,80.15789473684211,7.7368421052631575,18.210526315789473,0.5631578947368421,0.9778947368421052,,,,
4157,AF030,Pelabuhan Talaga Raya,2026-09-28 12:00:00,2026-09-29,2026-10-02,2026-09-29 04:00:00,Berawan,10.0,27.0,80.0,Tenggara,2.0,6.0,Tenang,0.4,Selatan,0.85,-0.14,,26.94736842105263,79.47368421052632,7.7368421052631575,18.842105263157894,0.5578947368421052,1.0005263157894735,,,,
4158,AF030,Pelabuhan Talaga Raya,2026-09-28 12:00:00,2026-09-29,2026-10-02,2026-09-29 05:00:00,Cerah Berawan,10.0,27.0,82.0,Tenggara,10.0,10.0,Tenang,0.4,Selatan,0.72,0.28,,27.263157894736842,79.15789473684211,9.368421052631579,19.42105263157895,0.5526315789473685,1.0089473684210528,,,,
4159,AF030,Pelabuhan Talaga Raya,2026-09-28 12:00:00,2026-09-29,2026-10-02,2026-09-29 06:00:00,Cerah Berawan,10.0,27.0,83.0,Tenggara,10.0,13.0,Rendah,0.5,Barat,0.67,0.54,,27.31578947368421,78.6842105263158,9.368421052631579,19.842105263157894,0.5421052631578948,1.0047368421052632,,,,
4160,AF030,Pelabuhan Talaga Raya,2026-09-28 12:00:00,2026-09-29,2026-10-02,2026-09-29 07:00:00,Berawan,10.0,27.0,82.0,Tenggara,10.0,15.0,Rendah,0.5,Barat Laut,0.75,0.61,,27.36842105263158,78.21052631578948,9.368421052631579,20.526315789473685,0.5526315789473685,0.9984210526315789,,,,
4161,AF030,Pelabuhan Talaga Raya,2026-09-28 12:00:00,2026-09-29,2026-10-02,2026-09-29 08:00:00,Berawan,10.0,27.0,84.0,Tenggara,16.0,19.0,Rendah,0.6,Barat Laut,0.78,0.45,,27.42105263157895,77.78947368421052,10.105263157894736,20.42105263157895,0.5947368421052632,0.9994736842105262,,,,
4162,AF030,Pelabuhan Talaga Raya,2026-09-28 12:00:00,2026-09-29,2026-10-02,2026-09-29 09:00:00,Cerah Berawan,10.0,27.0,83.0,Tenggara,16.0,21.0,Rendah,0.8,Barat,0.73,0.11,,27.31578947368421,77.89473684210526,10.105263157894736,20.0,0.6578947368421053,0.9957894736842107,,,,
4163,AF030,Pelabuhan Talaga Raya,2026-09-28 12:00:00,2026-09-29,2026-10-02,2026-09-29 10:00:00,Cerah Berawan,10.0,28.0,78.0,Tenggara,16.0,22.0,Rendah,1.0,Barat,0.73,-0.31,,27.157894736842106,78.52631578947368,10.105263157894736,19.473684210526315,0.6894736842105263,0.9857894736842105,,,,
4164,AF030,Pelabuhan Talaga Raya,2026-09-28 12:00:00,2026-09-29,2026-10-02,2026-09-29 11:00:00,Cerah Berawan,10.0,28.0,77.0,Timur,16.0,23.0,Rendah,1.1,Barat,0.77,-0.69,,26.94736842105263,79.0,10.578947368421053,18.789473684210527,0.7526315789473684,0.9778947368421054,,,,
4165,AF030,Pelabuhan Talaga Raya,2026-09-28 12:00:00,2026-09-29,2026-10-02,2026-09-29 12:00:00,Cerah Berawan,10.0,27.0,79.0,Timur,16.0,23.0,Rendah,1.1,Barat,0.78,-0.91,,26.789473684210527,79.6842105263158,10.578947368421053,18.94736842105263,0.7684210526315789,0.9626315789473684,,,,
4166,AF030,Pelabuhan Talaga Raya,2026-09-28 12:00:00,2026-09-29,2026-10-02,2026-09-29 13:00:00,Cerah,10.0,27.0,80.0,Timur,16.0,21.0,Rendah,0.9,Barat,0.76,-0.95,,26.68421052631579,80.15789473684211,10.578947368421053,19.263157894736842,0.7684210526315789,0.961578947368421,,,,
4167,AF030,Pelabuhan Talaga Raya,2026-09-28 12:00:00,2026-09-29,2026-10-02,2026-09-29 14:00:00,Cerah,10.0,26.0,80.0,Timur,9.0,17.0,Rendah,0.8,Barat,0.69,-0.78,,26.36842105263158,80.3157894736842,9.210526315789474,18.57894736842105,0.7736842105263158,0.9505263157894737,,,,
4168,AF030,Pelabuhan Talaga Raya,2026-09-28 12:00:00,2026-09-29,2026-10-02,2026-09-29 15:00:00,Cerah,10.0,26.0,81.0,Timur,9.0,14.0,Rendah,0.7,Barat,0.63,-0.44,,26.263157894736842,80.94736842105263,9.210526315789474,18.0,0.7684210526315789,0.9568421052631578,24.272727272727273,0.0,7.290909090909091,86.9090909090909
4169,AF030,Pelabuhan Talaga Raya,2026-09-28 12:00:00,2026-09-29,2026-10-02,2026-09-29 16:00:00,Cerah,10.0,26.0,82.0,Timur,9.0,12.0,Rendah,0.7,Utara,0.66,-0.01,,25.94736842105263,81.57894736842105,9.210526315789474,16.68421052631579,0.7631578947368421,0.9563157894736843,23.0,0.0,5.683333333333334,93.66666666666667
4170,AF030,Pelabuhan Talaga Raya,2026-09-28 12:00:00,2026-09-29,2026-10-02,2026-09-29 17:00:00,Cerah,10.0,26.0,84.0,Timur Laut,7.0,11.0,Rendah,0.6,Utara,0.72,0.4,,25.842105263157894,82.52631578947368,7.2631578947368425,15.631578947368421,0.7210526315789473,0.9378947368421052,,,,
4171,AF030,Pelabuhan Talaga Raya,2026-09-28 12:00:00,2026-09-29,2026-10-02,2026-09-29 18:00:00,Cerah Berawan,10.0,25.0,85.0,Timur Laut,7.0,10.0,Rendah,0.5,Utara,0.76,0.66,,25.63157894736842,83.15789473684211,7.2631578947368425,14.842105263157896,0.7000000000000001,0.9068421052631579,23.363636363636363,0.0,7.2,89.72727272727273
4172,AF030,Pelabuhan Talaga Raya,2026-09-28 12:00:00,2026-09-29,2026-10-02,2026-09-29 19:00:00,Cerah Berawan,10.0,25.0,86.0,Timur Laut,7.0,10.0,Rendah,0.5,Utara,0.77,0.71,,25.57894736842105,83.78947368421052,7.2631578947368425,14.157894736842104,0.6736842105263158,0.8805263157894737,22.666666666666668,0.0,5.266666666666667,95.0
4173,AF030,Pelabuhan Talaga Raya,2026-09-28 12:00:00,2026-09-29,2026-10-02,2026-09-29 20:00:00,Cerah Berawan,10.0,25.0,87.0,Timur Laut,7.0,10.0,Rendah,0.5,Barat Laut,0.73,0.54,,25.526315789473685,84.3157894736842,6.7368421052631575,13.789473684210526,0.6631578947368421,0.8947368421052632,,,,
4174,AF030,Pelabuhan Talaga Raya,2026-09-28 12:00:00,2026-09-29,2026-10-02,2026-09-29 21:00:00,Cerah Berawan,10.0,25.0,90.0,Timur Laut,7.0,10.0,Tenang,0.4,Barat,0.63,0.14,,25.36842105263158,84.52631578947368,6.7368421052631575,13.736842105263158,0.6473684210526316,0.9184210526315789,23.363636363636363,0.0,6.572727272727272,90.45454545454545
4175,AF030,Pelabuhan Talaga Raya,2026-09-28 12:00:00,2026-09-29,2026-10-02,2026-09-29 22:00:00,Cerah Berawan,10.0,25.0,90.0,Timur Laut,7.0,10.0,Tenang,0.4,Selatan,0.72,-0.37,,25.42105263157895,84.47368421052632,6.7368421052631575,13.789473684210526,0.6210526315789474,0.9405263157894738,24.5,0.0,9.85,85.0
4176,AF030,Pelabuhan Talaga Raya,2026-09-28 12:00:00,2026-09-29,2026-10-02,2026-09-29 23:00:00,Cerah Berawan,10.0,25.0,84.0,Timur Laut,7.0,11.0,Tenang,0.4,Selatan,0.8,-0.87,,25.736842105263158,81.52631578947368,7.157894736842105,14.368421052631579,0.6157894736842104,0.9536842105263158,,,,
4177,AF031,Pelabuhan Ereke - Waode Buri,2026-09-28 12:00:00,2026-09-29,2026-10-02,2026-09-29 00:00:00,Cerah Berawan,10.0,26.0,84.0,Timur,9.0,15.0,Tenang,0.1,Barat,0.61,-1.18,,26.157894736842106,82.0,6.684210526315789,14.842105263157896,0.5789473684210527,0.9310526315789475,,,,
4178,AF031,Pelabuhan Ereke - Waode Buri,2026-09-28 12:00:00,2026-09-29,2026-10-02,2026-09-29 01:00:00,Cerah Berawan,10.0,27.0,83.0,Timur,9.0,17.0,Tenang,0.1,Barat Daya,0.67,-1.21,,26.57894736842105,80.3157894736842,6.684210526315789,16.42105263157895,0.5684210526315789,0.9336842105263159,,,,
4179,AF031,Pelabuhan Ereke - Waode Buri,2026-09-28 12:00:00,2026-09-29,2026-10-02,2026-09-29 02:00:00,Cerah Berawan,10.0,27.0,80.0,Timur,10.0,18.0,Tenang,0.1,Barat Daya,0.7,-1.03,,26.736842105263158,80.42105263157895,7.7368421052631575,17.42105263157895,0.5526315789473685,0.951578947368421,,,,
4180,AF031,Pelabuhan Ereke - Waode Buri,2026-09-28 12:00:00,2026-09-29,2026-10-02,2026-09-29 03:00:00,Cerah Berawan,10.0,27.0,78.0,Timur,10.0,20.0,Tenang,0.1,Barat Daya,0.71,-0.68,,26.894736842105264,80.15789473684211,7.7368421052631575,18.210526315789473,0.5631578947368421,0.9778947368421052,,,,
4181,AF031,Pelabuhan Ereke - Waode Buri,2026-09-28 12:00:00,2026-09-29,2026-10-02,2026-09-29 04:00:00,Cerah Berawan,10.0,28.0,75.0,Timur,10.0,20.0,Tenang,0.1,Barat Daya,0.71,-0.24,,26.94736842105263,79.47368421052632,7.7368421052631575,18.842105263157894,0.5578947368421052,1.0005263157894735,,,,
4182,AF031,Pelabuhan Ereke - Waode Buri,2026-09-28 12:00:00,2026-09-29,2026-10-02,2026-09-29 05:00:00,Cerah Berawan,10.0,28.0,73.0,Timur,9.0,21.0,Tenang,0.1,Barat Daya,0.71,0.17,,27.263157894736842,79.15789473684211,9.368421052631579,19.42105263157895,0.5526315789473685,1.0089473684210528,,,,
4183,AF031,Pelabuhan Ereke - Waode Buri,2026-09-28 12:00:00,2026-09-29,2026-10-02,2026-09-29 06:00:00,Berawan,10.0,28.0,73.0,Timur,9.0,21.0,Tenang,0.1,Barat Daya,0.72,0.45,,27.31578947368421,78.6842105263158,9.368421052631579,19.842105263157894,0.5421052631578948,1.0047368421052632,,,,
4184,AF031,Pelabuhan Ereke - Waode Buri,2026-09-28 12:00:00,2026-09-29,2026-10-02,2026-09-29 07:00:00,Berawan,10.0,27.0,74.0,Timur,9.0,20.0,Tenang,0.1,Barat,0.72,0.55,,27.36842105263158,78.21052631578948,9.368421052631579,20.526315789473685,0.5526315789473685,0.9984210526315789,,,,
4185,AF031,Pelabuhan Ereke - Waode Buri,2026-09-28 12:00:00,2026-09-29,2026-10-02,2026-09-29 08:00:00,Berawan Tebal,10.0,27.0,75.0,Timur,9.0,20.0,Tenang,0.1,Barat Laut,0.74,0.44,,27.42105263157895,77.78947368421052,10.105263157894736,20.42105263157895,0.5947368421052632,0.9994736842105262,,,,
4186,AF031,Pelabuhan Ereke - Waode Buri,2026-09-28 12:00:00,2026-09-29,2026-10-02,2026-09-29 09:00:00,Berawan,10.0,27.0,77.0,Timur,9.0,19.0,Tenang,0.1,Barat Laut,0.8,0.17,,27.31578947368421,77.89473684210526,10.105263157894736,20.0,0.6578947368421053,0.9957894736842107,,,,
4187,AF031,Pelabuhan Ereke - Waode Buri,2026-09-28 12:00:00,2026-09-29,2026-10-02,2026-09-29 10:00:00,Berawan,10.0,26.0,79.0,Timur,9.0,16.0,Tenang,0.1,Barat Laut,0.78,-0.22,,27.157894736842106,78.52631578947368,10.105263157894736,19.473684210526315,0.6894736842105263,0.9857894736842105,,,,
4188,AF031,Pelabuhan Ereke - Waode Buri,2026-09-28 12:00:00,2026-09-29,2026-10-02,2026-09-29 11:00:00,Berawan,10.0,26.0,79.0,Timur,9.0,10.0,Tenang,0.1,Barat Laut,0.67,-0.57,,26.94736842105263,79.0,10.578947368421053,18.789473684210527,0.7526315789473684,0.9778947368421054,,,,
4189,AF031,Pelabuhan Ereke - Waode Buri,2026-09-28 12:00:00,2026-09-29,2026-10-02,2026-09-29 12:00:00,Cerah Berawan,10.0,26.0,79.0,Timur,9.0,10.0,Tenang,0.1,Barat Daya,0.65,-0.86,,26.789473684210527,79.6842105263158,10.578947368421053,18.94736842105263,0.7684210526315789,0.9626315789473684,,,,
4190,AF031,Pelabuhan Ereke - Waode Buri,2026-09-28 12:00:00,2026-09-29,2026-10-02,2026-09-29 13:00:00,Cerah Berawan,10.0,26.0,79.0,Timur,9.0,10.0,Tenang,0.1,Selatan,0.69,-0.94,,26.68421052631579,80.15789473684211,10.578947368421053,19.263157894736842,0.7684210526315789,0.961578947368421,,,,
4191,AF031,Pelabuhan Ereke - Waode Buri,2026-09-28 12:00:00,2026-09-29,2026-10-02,2026-09-29 14:00:00,Cerah,10.0,26.0,80.0,Timur,9.0,10.0,Tenang,0.1,Selatan,0.69,-0.82,,26.36842105263158,80.3157894736842,9.210526315789474,18.57894736842105,0.7736842105263158,0.9505263157894737,,,,
4192,AF031,Pelabuhan Ereke - Waode Buri,2026-09-28 12:00:00,2026-09-29,2026-10-02,2026-09-29 15:00:00,Cerah Berawan,10.0,26.0,81.0,Timur,9.0,10.0,Tenang,0.1,Selatan,0.66,-0.51,,26.263157894736842,80.94736842105263,9.210526315789474,18.0,0.7684210526315789,0.9568421052631578,24.272727272727273,0.0,7.290909090909091,86.9090909090909
4193,AF031,Pelabuhan Ereke - Waode Buri,2026-09-28 12:00:00,2026-09-29,2026-10-02,2026-09-29 16:00:00,Cerah Berawan,10.0,26.0,82.0,Timur,9.0,9.0,Tenang,0.1,Barat Daya,0.64,-0.14,,25.94736842105263,81.57894736842105,9.210526315789474,16.68421052631579,0.7631578947368421,0.9563157894736843,23.0,0.0,5.683333333333334,93.66666666666667
4194,AF031,Pelabuhan Ereke - Waode Buri,2026-09-28 12:00:00,2026-09-29,2026-10-02,2026-09-29 17:00:00,Cerah Berawan,10.0,26.0,82.0,Timur,8.0,9.0,Tenang,0.1,Selatan,0.65,0.25,,25.842105263157894,82.52631578947368,7.2631578947368425,15.631578947368421,0.7210526315789473,0.9378947368421052,,,,
4195,AF031,Pelabuhan Ereke - Waode Buri,2026-09-28 12:00:00,2026-09-29,2026-10-02,2026-09-29 18:00:00,Cerah Berawan,10.0,26.0,83.0,Timur,8.0,7.0,Tenang,0.1,Selatan,0.67,0.53,,25.63157894736842,83.15789473684211,7.2631578947368425,14.842105263157896,0.7000000000000001,0.9068421052631579,23.363636363636363,0.0,7.2,89.72727272727273
4196,AF031,Pelabuhan Ereke - Waode Buri,2026-09-28 12:00:00,2026-09-29,2026-10-02,2026-09-29 19:00:00,Berawan,10.0,26.0,83.0,Timur,8.0,6.0,Tenang,0.1,Barat Daya,0.64,0.63,,25.57894736842105,83.78947368421052,7.2631578947368425,14.157894736842104,0.6736842105263158,0.8805263157894737,22.666666666666668,0.0,5.266666666666667,95.0
4197,AF031,Pelabuhan Ereke - Waode Buri,2026-09-28 12:00:00,2026-09-29,2026-10-02,2026-09-29 20:00:00,Cerah Berawan,10.0,25.0,84.0,Timur,6.0,4.0,Tenang,0.1,Barat Laut,0.62,0.49,,25.526315789473685,84.3157894736842,6.7368421052631575,13.789473684210526,0.6631578947368421,0.8947368421052632,,,,
4198,AF031,Pelabuhan Ereke - Waode Buri,2026-09-28 12:00:00,2026-09-29,2026-10-02,2026-09-29 21:00:00,Cerah Berawan,10.0,25.0,84.0,Timur,6.0,4.0,Tenang,0.1,Utara,0.72,0.15,,25.36842105263158,84.52631578947368,6.7368421052631575,13.736842105263158,0.6473684210526316,0.9184210526315789,23.363636363636363,0.0,6.572727272727272,90.45454545454545
4199,AF031,Pelabuhan Ereke - Waode Buri,2026-09-28 12:00:00,2026-09-29,2026-10-02,2026-09-29 22:00:00,Cerah Berawan,10.0,25.0,84.0,Timur,6.0,4.0,Tenang,0.1,Utara,0.76,-0.27,,25.42105263157895,84.47368421052632,6.7368421052631575,13.789473684210526,0.6210526315789474,0.9405263157894738,24.5,0.0,9.85,85.0
4200,AF031,Pelabuhan Ereke - Waode Buri,2026-09-28 12:00:00,2026-09-29,2026-10-02,2026-09-29 23:00:00,Cerah Berawan,10.0,26.0,79.0,Timur,9.0,10.0,Tenang,0.1,Utara,0.7,-0.78,,25.736842105263158,81.52631578947368,7.157894736842105,14.368421052631579,0.6157894736842104,0.9536842105263158,,,,
4201,AF032,"Pelabuhan Labuan, Buton Utara",2026-09-28 12:00:00,2026-09-29,2026-10-02,2026-09-29 00:00:00,Cerah Berawan,10.0,27.0,75.0,Timur Laut,2.0,6.0,Tenang,0.3,Timur Laut,0.96,-1.25,,26.157894736842106,82.0,6.684210526315789,14.842105263157896,0.5789473684210527,0.9310526315789475,,,,
4202,AF032,"Pelabuhan Labuan, Buton Utara",2026-09-28 12:00:00,2026-09-29,2026-10-02,2026-09-29 01:00:00,Berawan,10.0,28.0,66.0,Timur Laut,2.0,6.0,Tenang,0.3,Barat Daya,0.93,-1.36,,26.57894736842105,80.3157894736842,6.684210526315789,16.42105263157895,0.5684210526315789,0.9336842105263159,,,,
4203,AF032,"Pelabuhan Labuan, Buton Utara",2026-09-28 12:00:00,2026-09-29,2026-10-02,2026-09-29 02:00:00,Cerah Berawan,10.0,29.0,64.0,Utara,4.0,8.0,Tenang,0.3,Barat Daya,1.65,-1.24,,26.736842105263158,80.42105263157895,7.7368421052631575,17.42105263157895,0.5526315789473685,0.951578947368421,,,,
4204,AF032,"Pelabuhan Labuan, Buton Utara",2026-09-28 12:00:00,2026-09-29,2026-10-02,2026-09-29 03:00:00,Cerah Berawan,10.0,29.0,63.0,Utara,4.0,8.0,Tenang,0.3,Barat Daya,2.14,-0.89,,26.894736842105264,80.15789473684211,7.7368421052631575,18.210526315789473,0.5631578947368421,0.9778947368421052,,,,
4205,AF032,"Pelabuhan Labuan, Buton Utara",2026-09-28 12:00:00,2026-09-29,2026-10-02,2026-09-29 04:00:00,Cerah Berawan,10.0,29.0,63.0,Utara,4.0,9.0,Tenang,0.3,Barat Daya,2.18,-0.43,,26.94736842105263,79.47368421052632,7.7368421052631575,18.842105263157894,0.5578947368421052,1.0005263157894735,,,,
4206,AF032,"Pelabuhan Labuan, Buton Utara",2026-09-28 12:00:00,2026-09-29,2026-10-02,2026-09-29 05:00:00,Cerah Berawan,10.0,29.0,64.0,Timur Laut,5.0,9.0,Tenang,0.3,Barat Daya,1.89,0.07,,27.263157894736842,79.15789473684211,9.368421052631579,19.42105263157895,0.5526315789473685,1.0089473684210528,,,,
4207,AF032,"Pelabuhan Labuan, Buton Utara",2026-09-28 12:00:00,2026-09-29,2026-10-02,2026-09-29 06:00:00,Berawan,10.0,29.0,64.0,Timur Laut,5.0,9.0,Tenang,0.3,Barat Daya,1.4,0.54,,27.31578947368421,78.6842105263158,9.368421052631579,19.842105263157894,0.5421052631578948,1.0047368421052632,,,,
4208,AF032,"Pelabuhan Labuan, Buton Utara",2026-09-28 12:00:00,2026-09-29,2026-10-02,2026-09-29 07:00:00,Berawan Tebal,10.0,29.0,64.0,Timur Laut,5.0,11.0,Tenang,0.3,Barat Daya,0.83,0.7,,27.36842105263158,78.21052631578948,9.368421052631579,20.526315789473685,0.5526315789473685,0.9984210526315789,,,,
4209,AF032,"Pelabuhan Labuan, Buton Utara",2026-09-28 12:00:00,2026-09-29,2026-10-02,2026-09-29 08:00:00,Berawan,10.0,28.0,66.0,Timur Laut,6.0,12.0,Tenang,0.3,Timur Laut,0.96,0.59,,27.42105263157895,77.78947368421052,10.105263157894736,20.42105263157895,0.5947368421052632,0.9994736842105262,,,,
4210,AF032,"Pelabuhan Labuan, Buton Utara",2026-09-28 12:00:00,2026-09-29,2026-10-02,2026-09-29 09:00:00,Berawan,10.0,27.0,70.0,Timur Laut,6.0,11.0,Tenang,0.3,Timur Laut,1.36,0.24,,27.31578947368421,77.89473684210526,10.105263157894736,20.0,0.6578947368421053,0.9957894736842107,,,,
4211,AF032,"Pelabuhan Labuan, Buton Utara",2026-09-28 12:00:00,2026-09-29,2026-10-02,2026-09-29 10:00:00,Berawan,10.0,25.0,76.0,Timur Laut,6.0,11.0,Tenang,0.4,Timur Laut,1.52,-0.16,,27.157894736842106,78.52631578947368,10.105263157894736,19.473684210526315,0.6894736842105263,0.9857894736842105,,,,
4212,AF032,"Pelabuhan Labuan, Buton Utara",2026-09-28 12:00:00,2026-09-29,2026-10-02,2026-09-29 11:00:00,Cerah Berawan,10.0,25.0,82.0,Timur,4.0,10.0,Tenang,0.3,Timur Laut,1.4,-0.61,,26.94736842105263,79.0,10.578947368421053,18.789473684210527,0.7526315789473684,0.9778947368421054,,,,
4213,AF032,"Pelabuhan Labuan, Buton Utara",2026-09-28 12:00:00,2026-09-29,2026-10-02,2026-09-29 12:00:00,Cerah Berawan,10.0,24.0,86.0,Timur,4.0,9.0,Tenang,0.3,Timur Laut,1.01,-0.95,,26.789473684210527,79.6842105263158,10.578947368421053,18.94736842105263,0.7684210526315789,0.9626315789473684,,,,
4214,AF032,"Pelabuhan Labuan, Buton Utara",2026-09-28 12:00:00,2026-09-29,2026-10-02,2026-09-29 13:00:00,Cerah Berawan,10.0,24.0,89.0,Timur,4.0,8.0,Tenang,0.3,Barat Daya,0.8,-1.12,,26.68421052631579,80.15789473684211,10.578947368421053,19.263157894736842,0.7684210526315789,0.961578947368421,,,,
4215,AF032,"Pelabuhan Labuan, Buton Utara",2026-09-28 12:00:00,2026-09-29,2026-10-02,2026-09-29 14:00:00,Berawan,10.0,24.0,90.0,Timur Laut,3.0,8.0,Tenang,0.3,Barat Daya,1.45,-1.02,,26.36842105263158,80.3157894736842,9.210526315789474,18.57894736842105,0.7736842105263158,0.9505263157894737,,,,
4216,AF032,"Pelabuhan Labuan, Buton Utara",2026-09-28 12:00:00,2026-09-29,2026-10-02,2026-09-29 15:00:00,Cerah Berawan,10.0,23.0,90.0,Timur Laut,3.0,7.0,Tenang,0.3,Barat Daya,1.94,-0.69,,26.263157894736842,80.94736842105263,9.210526315789474,18.0,0.7684210526315789,0.9568421052631578,24.272727272727273,0.0,7.290909090909091,86.9090909090909
4217,AF032,"Pelabuhan Labuan, Buton Utara",2026-09-28 12:00:00,2026-09-29,2026-10-02,2026-09-29 16:00:00,Cerah,10.0,23.0,93.0,Timur Laut,3.0,6.0,Tenang,0.3,Barat Daya,2.02,-0.26,,25.94736842105263,81.57894736842105,9.210526315789474,16.68421052631579,0.7631578947368421,0.9563157894736843,23.0,0.0,5.683333333333334,93.66666666666667
4218,AF032,"Pelabuhan Labuan, Buton Utara",2026-09-28 12:00:00,2026-09-29,2026-10-02,2026-09-29 17:00:00,Cerah Berawan,10.0,23.0,95.0,Timur Laut,2.0,5.0,Tenang,0.3,Barat Daya,1.75,0.25,,25.842105263157894,82.52631578947368,7.2631578947368425,15.631578947368421,0.7210526315789473,0.9378947368421052,,,,
4219,AF032,"Pelabuhan Labuan, Buton Utara",2026-09-28 12:00:00,2026-09-29,2026-10-02,2026-09-29 18:00:00,Cerah Berawan,10.0,22.0,96.0,Timur Laut,2.0,5.0,Tenang,0.3,Barat Daya,1.26,0.59,,25.63157894736842,83.15789473684211,7.2631578947368425,14.842105263157896,0.7000000000000001,0.9068421052631579,23.363636363636363,0.0,7.2,89.72727272727273
4220,AF032,"Pelabuhan Labuan, Buton Utara",2026-09-28 12:00:00,2026-09-29,2026-10-02,2026-09-29 19:00:00,Berawan,10.0,22.0,96.0,Timur Laut,2.0,5.0,Tenang,0.3,Tenggara,0.65,0.79,,25.57894736842105,83.78947368421052,7.2631578947368425,14.157894736842104,0.6736842105263158,0.8805263157894737,22.666666666666668,0.0,5.266666666666667,95.0
4221,AF032,"Pelabuhan Labuan, Buton Utara",2026-09-28 12:00:00,2026-09-29,2026-10-02,2026-09-29 20:00:00,Berawan Tebal,10.0,22.0,97.0,Timur Laut,2.0,5.0,Tenang,0.3,Timur Laut,1.25,0.65,,25.526315789473685,84.3157894736842,6.7368421052631575,13.789473684210526,0.6631578947368421,0.8947368421052632,,,,
4222,AF032,"Pelabuhan Labuan, Buton Utara",2026-09-28 12:00:00,2026-09-29,2026-10-02,2026-09-29 21:00:00,Cerah Berawan,10.0,22.0,97.0,Timur Laut,2.0,5.0,Tenang,0.4,Timur Laut,1.73,0.24,,25.36842105263158,84.52631578947368,6.7368421052631575,13.736842105263158,0.6473684210526316,0.9184210526315789,23.363636363636363,0.0,6.572727272727272,90.45454545454545
4223,AF032,"Pelabuhan Labuan, Buton Utara",2026-09-28 12:00:00,2026-09-29,2026-10-02,2026-09-29 22:00:00,Cerah Berawan,10.0,22.0,97.0,Timur Laut,2.0,5.0,Tenang,0.3,Timur Laut,1.9,-0.29,,25.42105263157895,84.47368421052632,6.7368421052631575,13.789473684210526,0.6210526315789474,0.9405263157894738,24.5,0.0,9.85,85.0
4224,AF032,"Pelabuhan Labuan, Buton Utara",2026-09-28 12:00:00,2026-09-29,2026-10-02,2026-09-29 23:00:00,Cerah Berawan,10.0,24.0,86.0,Timur Laut,3.0,6.0,Tenang,0.3,Timur Laut,1.8,-0.76,,25.736842105263158,81.52631578947368,7.157894736842105,14.368421052631579,0.6157894736842104,0.9536842105263158,,,,
4225,AF033,Pelabuhan Wanci,2026-09-28 12:00:00,2026-09-29,2026-10-02,2026-09-29 00:00:00,Cerah Berawan,10.0,27.0,80.0,Timur,10.0,14.0,Tenang,0.1,Timur,0.6,-1.27,,26.157894736842106,82.0,6.684210526315789,14.842105263157896,0.5789473684210527,0.9310526315789475,,,,
4226,AF033,Pelabuhan Wanci,2026-09-28 12:00:00,2026-09-29,2026-10-02,2026-09-29 01:00:00,Cerah Berawan,10.0,27.0,78.0,Timur,10.0,14.0,Tenang,0.1,Utara,0.63,-1.27,,26.57894736842105,80.3157894736842,6.684210526315789,16.42105263157895,0.5684210526315789,0.9336842105263159,,,,
4227,AF033,Pelabuhan Wanci,2026-09-28 12:00:00,2026-09-29,2026-10-02,2026-09-29 02:00:00,Cerah,10.0,27.0,76.0,Timur,10.0,14.0,Tenang,0.1,Barat Laut,0.66,-1.01,,26.736842105263158,80.42105263157895,7.7368421052631575,17.42105263157895,0.5526315789473685,0.951578947368421,,,,
4228,AF033,Pelabuhan Wanci,2026-09-28 12:00:00,2026-09-29,2026-10-02,2026-09-29 03:00:00,Cerah Berawan,10.0,27.0,75.0,Timur,10.0,14.0,Tenang,0.1,Barat,0.67,-0.61,,26.894736842105264,80.15789473684211,7.7368421052631575,18.210526315789473,0.5631578947368421,0.9778947368421052,,,,
4229,AF033,Pelabuhan Wanci,2026-09-28 12:00:00,2026-09-29,2026-10-02,2026-09-29 04:00:00,Cerah Berawan,10.0,27.0,74.0,Timur,10.0,13.0,Tenang,0.1,Barat,0.69,-0.14,,26.94736842105263,79.47368421052632,7.7368421052631575,18.842105263157894,0.5578947368421052,1.0005263157894735,,,,
4230,AF033,Pelabuhan Wanci,2026-09-28 12:00:00,2026-09-29,2026-10-02,2026-09-29 05:00:00,Cerah Berawan,10.0,27.0,74.0,Timur,9.0,12.0,Tenang,0.1,Barat Daya,0.69,0.25,,27.263157894736842,79.15789473684211,9.368421052631579,19.42105263157895,0.5526315789473685,1.0089473684210528,,,,
4231,AF033,Pelabuhan Wanci,2026-09-28 12:00:00,2026-09-29,2026-10-02,2026-09-29 06:00:00,Berawan,10.0,28.0,73.0,Timur,9.0,13.0,Tenang,0.1,Barat Daya,0.69,0.53,,27.31578947368421,78.6842105263158,9.368421052631579,19.842105263157894,0.5421052631578948,1.0047368421052632,,,,
4232,AF033,Pelabuhan Wanci,2026-09-28 12:00:00,2026-09-29,2026-10-02,2026-09-29 07:00:00,Berawan Tebal,10.0,27.0,73.0,Timur,9.0,13.0,Tenang,0.1,Barat Daya,0.7,0.61,,27.36842105263158,78.21052631578948,9.368421052631579,20.526315789473685,0.5526315789473685,0.9984210526315789,,,,
4233,AF033,Pelabuhan Wanci,2026-09-28 12:00:00,2026-09-29,2026-10-02,2026-09-29 08:00:00,Berawan Tebal,10.0,27.0,73.0,Timur,10.0,14.0,Tenang,0.1,Barat Daya,0.72,0.45,,27.42105263157895,77.78947368421052,10.105263157894736,20.42105263157895,0.5947368421052632,0.9994736842105262,,,,
4234,AF033,Pelabuhan Wanci,2026-09-28 12:00:00,2026-09-29,2026-10-02,2026-09-29 09:00:00,Berawan Tebal,10.0,27.0,74.0,Timur,10.0,14.0,Tenang,0.1,Barat Daya,0.72,0.13,,27.31578947368421,77.89473684210526,10.105263157894736,20.0,0.6578947368421053,0.9957894736842107,,,,
4235,AF033,Pelabuhan Wanci,2026-09-28 12:00:00,2026-09-29,2026-10-02,2026-09-29 10:00:00,Berawan,10.0,27.0,76.0,Timur,10.0,14.0,Tenang,0.1,Selatan,0.72,-0.31,,27.157894736842106,78.52631578947368,10.105263157894736,19.473684210526315,0.6894736842105263,0.9857894736842105,,,,
4236,AF033,Pelabuhan Wanci,2026-09-28 12:00:00,2026-09-29,2026-10-02,2026-09-29 11:00:00,Cerah Berawan,10.0,27.0,76.0,Timur,8.0,14.0,Tenang,0.1,Selatan,0.71,-0.7,,26.94736842105263,79.0,10.578947368421053,18.789473684210527,0.7526315789473684,0.9778947368421054,,,,
4237,AF033,Pelabuhan Wanci,2026-09-28 12:00:00,2026-09-29,2026-10-02,2026-09-29 12:00:00,Cerah Berawan,10.0,27.0,78.0,Timur,8.0,13.0,Tenang,0.1,Selatan,0.66,-0.97,,26.789473684210527,79.6842105263158,10.578947368421053,18.94736842105263,0.7684210526315789,0.9626315789473684,,,,
4238,AF033,Pelabuhan Wanci,2026-09-28 12:00:00,2026-09-29,2026-10-02,2026-09-29 13:00:00,Cerah Berawan,10.0,27.0,80.0,Timur,8.0,13.0,Tenang,0.1,Utara,0.59,-1.01,,26.68421052631579,80.15789473684211,10.578947368421053,19.263157894736842,0.7684210526315789,0.961578947368421,,,,
4239,AF033,Pelabuhan Wanci,2026-09-28 12:00:00,2026-09-29,2026-10-02,2026-09-29 14:00:00,Cerah Berawan,10.0,27.0,80.0,Timur,9.0,14.0,Tenang,0.1,Utara,0.65,-0.81,,26.36842105263158,80.3157894736842,9.210526315789474,18.57894736842105,0.7736842105263158,0.9505263157894737,,,,
4240,AF033,Pelabuhan Wanci,2026-09-28 12:00:00,2026-09-29,2026-10-02,2026-09-29 15:00:00,Cerah Berawan,10.0,26.0,81.0,Timur,9.0,14.0,Tenang,0.1,Barat Laut,0.64,-0.43,,26.263157894736842,80.94736842105263,9.210526315789474,18.0,0.7684210526315789,0.9568421052631578,24.272727272727273,0.0,7.290909090909091,86.9090909090909
4241,AF033,Pelabuhan Wanci,2026-09-28 12:00:00,2026-09-29,2026-10-02,2026-09-29 16:00:00,Cerah Berawan,10.0,26.0,81.0,Timur,9.0,14.0,Tenang,0.1,Barat,0.62,-0.01,,25.94736842105263,81.57894736842105,9.210526315789474,16.68421052631579,0.7631578947368421,0.9563157894736843,23.0,0.0,5.683333333333334,93.66666666666667
4242,AF033,Pelabuhan Wanci,2026-09-28 12:00:00,2026-09-29,2026-10-02,2026-09-29 17:00:00,Berawan Tebal,10.0,26.0,81.0,Timur,8.0,13.0,Tenang,0.1,Barat Daya,0.62,0.37,,25.842105263157894,82.52631578947368,7.2631578947368425,15.631578947368421,0.7210526315789473,0.9378947368421052,,,,
4243,AF033,Pelabuhan Wanci,2026-09-28 12:00:00,2026-09-29,2026-10-02,2026-09-29 18:00:00,Berawan,10.0,26.0,82.0,Timur,8.0,13.0,Tenang,0.1,Barat Daya,0.62,0.63,,25.63157894736842,83.15789473684211,7.2631578947368425,14.842105263157896,0.7000000000000001,0.9068421052631579,23.363636363636363,0.0,7.2,89.72727272727273
4244,AF033,Pelabuhan Wanci,2026-09-28 12:00:00,2026-09-29,2026-10-02,2026-09-29 19:00:00,Cerah Berawan,10.0,26.0,83.0,Timur,8.0,12.0,Tenang,0.1,Barat Daya,0.62,0.69,,25.57894736842105,83.78947368421052,7.2631578947368425,14.157894736842104,0.6736842105263158,0.8805263157894737,22.666666666666668,0.0,5.266666666666667,95.0
4245,AF033,Pelabuhan Wanci,2026-09-28 12:00:00,2026-09-29,2026-10-02,2026-09-29 20:00:00,Cerah,10.0,26.0,83.0,Timur,7.0,11.0,Tenang,0.1,Barat Daya,0.62,0.52,,25.526315789473685,84.3157894736842,6.7368421052631575,13.789473684210526,0.6631578947368421,0.8947368421052632,,,,
4246,AF033,Pelabuhan Wanci,2026-09-28 12:00:00,2026-09-29,2026-10-02,2026-09-29 21:00:00,Cerah Berawan,10.0,26.0,83.0,Timur,7.0,11.0,Tenang,0.1,Barat Daya,0.64,0.14,,25.36842105263158,84.52631578947368,6.7368421052631575,13.736842105263158,0.6473684210526316,0.9184210526315789,23.363636363636363,0.0,6.572727272727272,90.45454545454545
4247,AF033,Pelabuhan Wanci,2026-09-28 12:00:00,2026-09-29,2026-10-02,2026-09-29 22:00:00,Cerah Berawan,10.0,26.0,83.0,Timur,7.0,12.0,Tenang,0.1,Barat Daya,0.64,-0.35,,25.42105263157895,84.47368421052632,6.7368421052631575,13.789473684210526,0.6210526315789474,0.9405263157894738,24.5,0.0,9.85,85.0
4248,AF033,Pelabuhan Wanci,2026-09-28 12:00:00,2026-09-29,2026-10-02,2026-09-29 23:00:00,Cerah Berawan,10.0,26.0,80.0,Timur,9.0,13.0,Tenang,0.1,Selatan,0.63,-0.85,,25.736842105263158,81.52631578947368,7.157894736842105,14.368421052631579,0.6157894736842104,0.9536842105263158,,,,
4249,AF034,Pelabuhan Kaledupa,2026-09-28 12:00:00,2026-09-29,2026-10-02,2026-09-29 00:00:00,Cerah Berawan,10.0,26.0,84.0,Timur,12.0,16.0,Tenang,0.1,Utara,0.6,-1.25,,26.157894736842106,82.0,6.684210526315789,14.842105263157896,0.5789473684210527,0.9310526315789475,,,,
4250,AF034,Pelabuhan Kaledupa,2026-09-28 12:00:00,2026-09-29,2026-10-02,2026-09-29 01:00:00,Cerah Berawan,10.0,26.0,83.0,Timur,12.0,16.0,Tenang,0.1,Barat,0.64,-1.3,,26.57894736842105,80.3157894736842,6.684210526315789,16.42105263157895,0.5684210526315789,0.9336842105263159,,,,
4251,AF034,Pelabuhan Kaledupa,2026-09-28 12:00:00,2026-09-29,2026-10-02,2026-09-29 02:00:00,Cerah,10.0,26.0,82.0,Timur,11.0,16.0,Tenang,0.1,Barat,0.71,-1.1,,26.736842105263158,80.42105263157895,7.7368421052631575,17.42105263157895,0.5526315789473685,0.951578947368421,,,,
4252,AF034,Pelabuhan Kaledupa,2026-09-28 12:00:00,2026-09-29,2026-10-02,2026-09-29 03:00:00,Cerah,10.0,26.0,81.0,Timur,11.0,15.0,Tenang,0.1,Barat,0.76,-0.71,,26.894736842105264,80.15789473684211,7.7368421052631575,18.210526315789473,0.5631578947368421,0.9778947368421052,,,,
4253,AF034,Pelabuhan Kaledupa,2026-09-28 12:00:00,2026-09-29,2026-10-02,2026-09-29 04:00:00,Cerah Berawan,10.0,27.0,79.0,Timur,11.0,14.0,Tenang,0.1,Barat,0.81,-0.23,,26.94736842105263,79.47368421052632,7.7368421052631575,18.842105263157894,0.5578947368421052,1.0005263157894735,,,,
4254,AF034,Pelabuhan Kaledupa,2026-09-28 12:00:00,2026-09-29,2026-10-02,2026-09-29 05:00:00,Cerah Berawan,10.0,27.0,78.0,Timur,10.0,13.0,Tenang,0.1,Barat,0.86,0.2,,27.263157894736842,79.15789473684211,9.368421052631579,19.42105263157895,0.5526315789473685,1.0089473684210528,,,,
4255,AF034,Pelabuhan Kaledupa,2026-09-28 12:00:00,2026-09-29,2026-10-02,2026-09-29 06:00:00,Berawan,10.0,27.0,77.0,Timur,10.0,12.0,Tenang,0.1,Barat,0.85,0.53,,27.31578947368421,78.6842105263158,9.368421052631579,19.842105263157894,0.5421052631578948,1.0047368421052632,,,,
4256,AF034,Pelabuhan Kaledupa,2026-09-28 12:00:00,2026-09-29,2026-10-02,2026-09-29 07:00:00,Berawan Tebal,10.0,27.0,77.0,Timur,10.0,14.0,Tenang,0.1,Barat,0.76,0.67,,27.36842105263158,78.21052631578948,9.368421052631579,20.526315789473685,0.5526315789473685,0.9984210526315789,,,,
4257,AF034,Pelabuhan Kaledupa,2026-09-28 12:00:00,2026-09-29,2026-10-02,2026-09-29 08:00:00,Berawan Tebal,10.0,27.0,78.0,Timur,11.0,14.0,Tenang,0.1,Barat,0.64,0.54,,27.42105263157895,77.78947368421052,10.105263157894736,20.42105263157895,0.5947368421052632,0.9994736842105262,,,,
4258,AF034,Pelabuhan Kaledupa,2026-09-28 12:00:00,2026-09-29,2026-10-02,2026-09-29 09:00:00,Berawan,10.0,27.0,78.0,Timur,11.0,14.0,Tenang,0.1,Utara,0.59,0.21,,27.31578947368421,77.89473684210526,10.105263157894736,20.0,0.6578947368421053,0.9957894736842107,,,,
4259,AF034,Pelabuhan Kaledupa,2026-09-28 12:00:00,2026-09-29,2026-10-02,2026-09-29 10:00:00,Cerah Berawan,10.0,27.0,79.0,Timur,11.0,14.0,Tenang,0.1,Barat Laut,0.6,-0.21,,27.157894736842106,78.52631578947368,10.105263157894736,19.473684210526315,0.6894736842105263,0.9857894736842105,,,,
4260,AF034,Pelabuhan Kaledupa,2026-09-28 12:00:00,2026-09-29,2026-10-02,2026-09-29 11:00:00,Cerah,10.0,27.0,82.0,Timur,12.0,14.0,Tenang,0.1,Barat Laut,0.61,-0.63,,26.94736842105263,79.0,10.578947368421053,18.789473684210527,0.7526315789473684,0.9778947368421054,,,,
4261,AF034,Pelabuhan Kaledupa,2026-09-28 12:00:00,2026-09-29,2026-10-02,2026-09-29 12:00:00,Cerah,10.0,27.0,82.0,Timur,12.0,14.0,Tenang,0.1,Barat Laut,0.61,-0.94,,26.789473684210527,79.6842105263158,10.578947368421053,18.94736842105263,0.7684210526315789,0.9626315789473684,,,,
4262,AF034,Pelabuhan Kaledupa,2026-09-28 12:00:00,2026-09-29,2026-10-02,2026-09-29 13:00:00,Cerah,10.0,27.0,81.0,Timur,12.0,15.0,Tenang,0.1,Barat,0.64,-1.04,,26.68421052631579,80.15789473684211,10.578947368421053,19.263157894736842,0.7684210526315789,0.961578947368421,,,,
4263,AF034,Pelabuhan Kaledupa,2026-09-28 12:00:00,2026-09-29,2026-10-02,2026-09-29 14:00:00,Cerah Berawan,10.0,27.0,81.0,Timur,13.0,15.0,Tenang,0.1,Barat,0.68,-0.9,,26.36842105263158,80.3157894736842,9.210526315789474,18.57894736842105,0.7736842105263158,0.9505263157894737,,,,
4264,AF034,Pelabuhan Kaledupa,2026-09-28 12:00:00,2026-09-29,2026-10-02,2026-09-29 15:00:00,Cerah Berawan,10.0,27.0,82.0,Timur,13.0,16.0,Tenang,0.1,Barat,0.72,-0.55,,26.263157894736842,80.94736842105263,9.210526315789474,18.0,0.7684210526315789,0.9568421052631578,24.272727272727273,0.0,7.290909090909091,86.9090909090909
4265,AF034,Pelabuhan Kaledupa,2026-09-28 12:00:00,2026-09-29,2026-10-02,2026-09-29 16:00:00,Cerah Berawan,10.0,26.0,83.0,Timur,13.0,16.0,Tenang,0.1,Barat,0.76,-0.12,,25.94736842105263,81.57894736842105,9.210526315789474,16.68421052631579,0.7631578947368421,0.9563157894736843,23.0,0.0,5.683333333333334,93.66666666666667
4266,AF034,Pelabuhan Kaledupa,2026-09-28 12:00:00,2026-09-29,2026-10-02,2026-09-29 17:00:00,Berawan,10.0,26.0,83.0,Timur,10.0,15.0,Tenang,0.1,Barat,0.8,0.31,,25.842105263157894,82.52631578947368,7.2631578947368425,15.631578947368421,0.7210526315789473,0.9378947368421052,,,,
4267,AF034,Pelabuhan Kaledupa,2026-09-28 12:00:00,2026-09-29,2026-10-02,2026-09-29 18:00:00,Cerah Berawan,10.0,26.0,84.0,Timur,10.0,14.0,Tenang,0.1,Barat,0.78,0.67,,25.63157894736842,83.15789473684211,7.2631578947368425,14.842105263157896,0.7000000000000001,0.9068421052631579,23.363636363636363,0.0,7.2,89.72727272727273
4268,AF034,Pelabuhan Kaledupa,2026-09-28 12:00:00,2026-09-29,2026-10-02,2026-09-29 19:00:00,Cerah Berawan,10.0,26.0,84.0,Timur,10.0,13.0,Tenang,0.1,Barat,0.67,0.8,,25.57894736842105,83.78947368421052,7.2631578947368425,14.157894736842104,0.6736842105263158,0.8805263157894737,22.666666666666668,0.0,5.266666666666667,95.0
4269,AF034,Pelabuhan Kaledupa,2026-09-28 12:00:00,2026-09-29,2026-10-02,2026-09-29 20:00:00,Cerah Berawan,10.0,26.0,84.0,Timur,10.0,12.0,Tenang,0.1,Timur Laut,0.61,0.64,,25.526315789473685,84.3157894736842,6.7368421052631575,13.789473684210526,0.6631578947368421,0.8947368421052632,,,,
4270,AF034,Pelabuhan Kaledupa,2026-09-28 12:00:00,2026-09-29,2026-10-02,2026-09-29 21:00:00,Cerah Berawan,10.0,26.0,83.0,Timur,10.0,13.0,Tenang,0.1,Timur,0.67,0.28,,25.36842105263158,84.52631578947368,6.7368421052631575,13.736842105263158,0.6473684210526316,0.9184210526315789,23.363636363636363,0.0,6.572727272727272,90.45454545454545
4271,AF034,Pelabuhan Kaledupa,2026-09-28 12:00:00,2026-09-29,2026-10-02,2026-09-29 22:00:00,Cerah Berawan,10.0,26.0,82.0,Timur,10.0,14.0,Tenang,0.1,Timur,0.66,-0.26,,25.42105263157895,84.47368421052632,6.7368421052631575,13.789473684210526,0.6210526315789474,0.9405263157894738,24.5,0.0,9.85,85.0
4272,AF034,Pelabuhan Kaledupa,2026-09-28 12:00:00,2026-09-29,2026-10-02,2026-09-29 23:00:00,Cerah Berawan,10.0,26.0,81.0,Timur,12.0,15.0,Tenang,0.1,Timur,0.65,-0.79,,25.736842105263158,81.52631578947368,7.157894736842105,14.368421052631579,0.6157894736842104,0.9536842105263158,,,,
4273,AF035,Pelabuhan Tomia,2026-09-28 12:00:00,2026-09-29,2026-10-02,2026-09-29 00:00:00,Cerah Berawan,10.0,26.0,84.0,Timur,12.0,16.0,Tenang,0.1,Barat Daya,1.19,-1.25,,26.157894736842106,82.0,6.684210526315789,14.842105263157896,0.5789473684210527,0.9310526315789475,,,,
4274,AF035,Pelabuhan Tomia,2026-09-28 12:00:00,2026-09-29,2026-10-02,2026-09-29 01:00:00,Cerah,10.0,26.0,82.0,Timur,12.0,16.0,Tenang,0.1,Barat Daya,0.93,-1.27,,26.57894736842105,80.3157894736842,6.684210526315789,16.42105263157895,0.5684210526315789,0.9336842105263159,,,,
4275,AF035,Pelabuhan Tomia,2026-09-28 12:00:00,2026-09-29,2026-10-02,2026-09-29 02:00:00,Cerah Berawan,10.0,26.0,81.0,Timur,11.0,16.0,Tenang,0.1,Barat,0.8,-1.05,,26.736842105263158,80.42105263157895,7.7368421052631575,17.42105263157895,0.5526315789473685,0.951578947368421,,,,
4276,AF035,Pelabuhan Tomia,2026-09-28 12:00:00,2026-09-29,2026-10-02,2026-09-29 03:00:00,Cerah Berawan,10.0,26.0,81.0,Timur,11.0,15.0,Tenang,0.1,Barat Laut,0.95,-0.64,,26.894736842105264,80.15789473684211,7.7368421052631575,18.210526315789473,0.5631578947368421,0.9778947368421052,,,,
4277,AF035,Pelabuhan Tomia,2026-09-28 12:00:00,2026-09-29,2026-10-02,2026-09-29 04:00:00,Cerah Berawan,10.0,27.0,80.0,Timur,11.0,14.0,Tenang,0.1,Utara,0.98,-0.18,,26.94736842105263,79.47368421052632,7.7368421052631575,18.842105263157894,0.5578947368421052,1.0005263157894735,,,,
4278,AF035,Pelabuhan Tomia,2026-09-28 12:00:00,2026-09-29,2026-10-02,2026-09-29 05:00:00,Cerah Berawan,10.0,27.0,80.0,Timur,10.0,13.0,Tenang,0.1,Utara,0.9,0.23,,27.263157894736842,79.15789473684211,9.368421052631579,19.42105263157895,0.5526315789473685,1.0089473684210528,,,,
4279,AF035,Pelabuhan Tomia,2026-09-28 12:00:00,2026-09-29,2026-10-02,2026-09-29 06:00:00,Berawan,10.0,27.0,79.0,Timur,10.0,12.0,Tenang,0.1,Barat Laut,0.8,0.51,,27.31578947368421,78.6842105263158,9.368421052631579,19.842105263157894,0.5421052631578948,1.0047368421052632,,,,
4280,AF035,Pelabuhan Tomia,2026-09-28 12:00:00,2026-09-29,2026-10-02,2026-09-29 07:00:00,Berawan,10.0,27.0,79.0,Timur,10.0,13.0,Tenang,0.1,Barat,0.75,0.59,,27.36842105263158,78.21052631578948,9.368421052631579,20.526315789473685,0.5526315789473685,0.9984210526315789,,,,
4281,AF035,Pelabuhan Tomia,2026-09-28 12:00:00,2026-09-29,2026-10-02,2026-09-29 08:00:00,Berawan,10.0,27.0,79.0,Timur,11.0,13.0,Tenang,0.1,Barat Daya,0.92,0.46,,27.42105263157895,77.78947368421052,10.105263157894736,20.42105263157895,0.5947368421052632,0.9994736842105262,,,,
4282,AF035,Pelabuhan Tomia,2026-09-28 12:00:00,2026-09-29,2026-10-02,2026-09-29 09:00:00,Cerah Berawan,10.0,27.0,79.0,Timur,11.0,13.0,Tenang,0.1,Barat Daya,1.23,0.14,,27.31578947368421,77.89473684210526,10.105263157894736,20.0,0.6578947368421053,0.9957894736842107,,,,
4283,AF035,Pelabuhan Tomia,2026-09-28 12:00:00,2026-09-29,2026-10-02,2026-09-29 10:00:00,Cerah,10.0,27.0,79.0,Timur,11.0,14.0,Tenang,0.1,Selatan,1.4,-0.26,,27.157894736842106,78.52631578947368,10.105263157894736,19.473684210526315,0.6894736842105263,0.9857894736842105,,,,
4284,AF035,Pelabuhan Tomia,2026-09-28 12:00:00,2026-09-29,2026-10-02,2026-09-29 11:00:00,Cerah Berawan,10.0,27.0,80.0,Timur,12.0,14.0,Tenang,0.1,Barat Daya,1.36,-0.65,,26.94736842105263,79.0,10.578947368421053,18.789473684210527,0.7526315789473684,0.9778947368421054,,,,
4285,AF035,Pelabuhan Tomia,2026-09-28 12:00:00,2026-09-29,2026-10-02,2026-09-29 12:00:00,Cerah,10.0,27.0,80.0,Timur,12.0,15.0,Tenang,0.1,Barat Daya,1.15,-0.92,,26.789473684210527,79.6842105263158,10.578947368421053,18.94736842105263,0.7684210526315789,0.9626315789473684,,,,
4286,AF035,Pelabuhan Tomia,2026-09-28 12:00:00,2026-09-29,2026-10-02,2026-09-29 13:00:00,Cerah Berawan,10.0,27.0,80.0,Timur,12.0,15.0,Tenang,0.1,Barat Daya,0.9,-0.99,,26.68421052631579,80.15789473684211,10.578947368421053,19.263157894736842,0.7684210526315789,0.961578947368421,,,,
4287,AF035,Pelabuhan Tomia,2026-09-28 12:00:00,2026-09-29,2026-10-02,2026-09-29 14:00:00,Cerah Berawan,10.0,27.0,81.0,Timur,13.0,16.0,Tenang,0.1,Barat Laut,0.74,-0.83,,26.36842105263158,80.3157894736842,9.210526315789474,18.57894736842105,0.7736842105263158,0.9505263157894737,,,,
4288,AF035,Pelabuhan Tomia,2026-09-28 12:00:00,2026-09-29,2026-10-02,2026-09-29 15:00:00,Cerah Berawan,10.0,27.0,83.0,Timur,13.0,16.0,Tenang,0.1,Utara,1.02,-0.46,,26.263157894736842,80.94736842105263,9.210526315789474,18.0,0.7684210526315789,0.9568421052631578,24.272727272727273,0.0,7.290909090909091,86.9090909090909
4289,AF035,Pelabuhan Tomia,2026-09-28 12:00:00,2026-09-29,2026-10-02,2026-09-29 16:00:00,Cerah Berawan,10.0,26.0,83.0,Timur,13.0,16.0,Tenang,0.1,Utara,1.22,-0.04,,25.94736842105263,81.57894736842105,9.210526315789474,16.68421052631579,0.7631578947368421,0.9563157894736843,23.0,0.0,5.683333333333334,93.66666666666667
4290,AF035,Pelabuhan Tomia,2026-09-28 12:00:00,2026-09-29,2026-10-02,2026-09-29 17:00:00,Cerah Berawan,10.0,26.0,85.0,Timur,10.0,16.0,Tenang,0.1,Utara,1.26,0.37,,25.842105263157894,82.52631578947368,7.2631578947368425,15.631578947368421,0.7210526315789473,0.9378947368421052,,,,
4291,AF035,Pelabuhan Tomia,2026-09-28 12:00:00,2026-09-29,2026-10-02,2026-09-29 18:00:00,Cerah Berawan,10.0,26.0,84.0,Timur,10.0,15.0,Tenang,0.1,Utara,1.19,0.61,,25.63157894736842,83.15789473684211,7.2631578947368425,14.842105263157896,0.7000000000000001,0.9068421052631579,23.363636363636363,0.0,7.2,89.72727272727273
4292,AF035,Pelabuhan Tomia,2026-09-28 12:00:00,2026-09-29,2026-10-02,2026-09-29 19:00:00,Cerah Berawan,10.0,26.0,85.0,Timur,10.0,13.0,Tenang,0.1,Utara,1.06,0.68,,25.57894736842105,83.78947368421052,7.2631578947368425,14.157894736842104,0.6736842105263158,0.8805263157894737,22.666666666666668,0.0,5.266666666666667,95.0
4293,AF035,Pelabuhan Tomia,2026-09-28 12:00:00,2026-09-29,2026-10-02,2026-09-29 20:00:00,Cerah Berawan,10.0,26.0,85.0,Timur,11.0,13.0,Tenang,0.1,Utara,0.78,0.52,,25.526315789473685,84.3157894736842,6.7368421052631575,13.789473684210526,0.6631578947368421,0.8947368421052632,,,,
4294,AF035,Pelabuhan Tomia,2026-09-28 12:00:00,2026-09-29,2026-10-02,2026-09-29 21:00:00,Cerah Berawan,10.0,26.0,85.0,Timur,11.0,13.0,Tenang,0.1,Barat Daya,0.92,0.15,,25.36842105263158,84.52631578947368,6.7368421052631575,13.736842105263158,0.6473684210526316,0.9184210526315789,23.363636363636363,0.0,6.572727272727272,90.45454545454545
4295,AF035,Pelabuhan Tomia,2026-09-28 12:00:00,2026-09-29,2026-10-02,2026-09-29 22:00:00,Cerah Berawan,10.0,26.0,84.0,Timur,11.0,14.0,Tenang,0.1,Selatan,1.38,-0.33,,25.42105263157895,84.47368421052632,6.7368421052631575,13.789473684210526,0.6210526315789474,0.9405263157894738,24.5,0.0,9.85,85.0
4296,AF035,Pelabuhan Tomia,2026-09-28 12:00:00,2026-09-29,2026-10-02,2026-09-29 23:00:00,Cerah Berawan,10.0,26.0,83.0,Timur,11.0,14.0,Tenang,0.1,Selatan,1.5,-0.83,,25.736842105263158,81.52631578947368,7.157894736842105,14.368421052631579,0.6157894736842104,0.9536842105263158,,,,
4297,AF036,Pelabuhan Binongko,2026-09-28 12:00:00,2026-09-29,2026-10-02,2026-09-29 00:00:00,Cerah Berawan,10.0,27.0,81.0,Timur,12.0,15.0,Rendah,0.5,Barat,0.62,-1.21,,26.157894736842106,82.0,6.684210526315789,14.842105263157896,0.5789473684210527,0.9310526315789475,,,,
4298,AF036,Pelabuhan Binongko,2026-09-28 12:00:00,2026-09-29,2026-10-02,2026-09-29 01:00:00,Cerah Berawan,10.0,27.0,80.0,Timur,12.0,15.0,Rendah,0.5,Barat Daya,0.62,-1.22,,26.57894736842105,80.3157894736842,6.684210526315789,16.42105263157895,0.5684210526315789,0.9336842105263159,,,,
4299,AF036,Pelabuhan Binongko,2026-09-28 12:00:00,2026-09-29,2026-10-02,2026-09-29 02:00:00,Cerah Berawan,10.0,27.0,79.0,Timur,11.0,15.0,Rendah,0.5,Barat,0.62,-1.01,,26.736842105263158,80.42105263157895,7.7368421052631575,17.42105263157895,0.5526315789473685,0.951578947368421,,,,
4300,AF036,Pelabuhan Binongko,2026-09-28 12:00:00,2026-09-29,2026-10-02,2026-09-29 03:00:00,Cerah Berawan,10.0,27.0,78.0,Timur,11.0,14.0,Rendah,0.5,Barat,0.69,-0.63,,26.894736842105264,80.15789473684211,7.7368421052631575,18.210526315789473,0.5631578947368421,0.9778947368421052,,,,
4301,AF036,Pelabuhan Binongko,2026-09-28 12:00:00,2026-09-29,2026-10-02,2026-09-29 04:00:00,Cerah Berawan,10.0,27.0,77.0,Timur,11.0,14.0,Rendah,0.5,Barat,0.75,-0.17,,26.94736842105263,79.47368421052632,7.7368421052631575,18.842105263157894,0.5578947368421052,1.0005263157894735,,,,
4302,AF036,Pelabuhan Binongko,2026-09-28 12:00:00,2026-09-29,2026-10-02,2026-09-29 05:00:00,Cerah Berawan,10.0,27.0,76.0,Timur,9.0,12.0,Rendah,0.5,Barat,0.77,0.24,,27.263157894736842,79.15789473684211,9.368421052631579,19.42105263157895,0.5526315789473685,1.0089473684210528,,,,
4303,AF036,Pelabuhan Binongko,2026-09-28 12:00:00,2026-09-29,2026-10-02,2026-09-29 06:00:00,Berawan,10.0,27.0,77.0,Timur,9.0,12.0,Rendah,0.5,Barat,0.79,0.5,,27.31578947368421,78.6842105263158,9.368421052631579,19.842105263157894,0.5421052631578948,1.0047368421052632,,,,
4304,AF036,Pelabuhan Binongko,2026-09-28 12:00:00,2026-09-29,2026-10-02,2026-09-29 07:00:00,Cerah Berawan,10.0,27.0,77.0,Timur,9.0,12.0,Tenang,0.4,Barat,0.85,0.59,,27.36842105263158,78.21052631578948,9.368421052631579,20.526315789473685,0.5526315789473685,0.9984210526315789,,,,
4305,AF036,Pelabuhan Binongko,2026-09-28 12:00:00,2026-09-29,2026-10-02,2026-09-29 08:00:00,Cerah,10.0,27.0,77.0,Timur,9.0,12.0,Tenang,0.4,Barat,0.94,0.47,,27.42105263157895,77.78947368421052,10.105263157894736,20.42105263157895,0.5947368421052632,0.9994736842105262,,,,
4306,AF036,Pelabuhan Binongko,2026-09-28 12:00:00,2026-09-29,2026-10-02,2026-09-29 09:00:00,Cerah,10.0,27.0,79.0,Timur,9.0,12.0,Tenang,0.4,Barat,0.94,0.15,,27.31578947368421,77.89473684210526,10.105263157894736,20.0,0.6578947368421053,0.9957894736842107,,,,
4307,AF036,Pelabuhan Binongko,2026-09-28 12:00:00,2026-09-29,2026-10-02,2026-09-29 10:00:00,Cerah,10.0,27.0,80.0,Timur,9.0,12.0,Tenang,0.4,Barat,0.87,-0.24,,27.157894736842106,78.52631578947368,10.105263157894736,19.473684210526315,0.6894736842105263,0.9857894736842105,,,,
4308,AF036,Pelabuhan Binongko,2026-09-28 12:00:00,2026-09-29,2026-10-02,2026-09-29 11:00:00,Cerah,10.0,27.0,81.0,Timur,10.0,13.0,Tenang,0.4,Barat,0.77,-0.63,,26.94736842105263,79.0,10.578947368421053,18.789473684210527,0.7526315789473684,0.9778947368421054,,,,
4309,AF036,Pelabuhan Binongko,2026-09-28 12:00:00,2026-09-29,2026-10-02,2026-09-29 12:00:00,Cerah,10.0,27.0,81.0,Timur,10.0,13.0,Tenang,0.4,Barat Daya,0.68,-0.89,,26.789473684210527,79.6842105263158,10.578947368421053,18.94736842105263,0.7684210526315789,0.9626315789473684,,,,
4310,AF036,Pelabuhan Binongko,2026-09-28 12:00:00,2026-09-29,2026-10-02,2026-09-29 13:00:00,Cerah Berawan,10.0,27.0,81.0,Timur,10.0,13.0,Tenang,0.4,Selatan,0.72,-0.95,,26.68421052631579,80.15789473684211,10.578947368421053,19.263157894736842,0.7684210526315789,0.961578947368421,,,,
4311,AF036,Pelabuhan Binongko,2026-09-28 12:00:00,2026-09-29,2026-10-02,2026-09-29 14:00:00,Cerah Berawan,10.0,27.0,81.0,Timur,11.0,14.0,Tenang,0.4,Selatan,0.71,-0.79,,26.36842105263158,80.3157894736842,9.210526315789474,18.57894736842105,0.7736842105263158,0.9505263157894737,,,,
4312,AF036,Pelabuhan Binongko,2026-09-28 12:00:00,2026-09-29,2026-10-02,2026-09-29 15:00:00,Cerah Berawan,10.0,27.0,81.0,Timur,11.0,15.0,Tenang,0.4,Selatan,0.64,-0.46,,26.263157894736842,80.94736842105263,9.210526315789474,18.0,0.7684210526315789,0.9568421052631578,24.272727272727273,0.0,7.290909090909091,86.9090909090909
4313,AF036,Pelabuhan Binongko,2026-09-28 12:00:00,2026-09-29,2026-10-02,2026-09-29 16:00:00,Cerah Berawan,10.0,26.0,83.0,Timur,11.0,15.0,Tenang,0.4,Barat,0.62,-0.04,,25.94736842105263,81.57894736842105,9.210526315789474,16.68421052631579,0.7631578947368421,0.9563157894736843,23.0,0.0,5.683333333333334,93.66666666666667
4314,AF036,Pelabuhan Binongko,2026-09-28 12:00:00,2026-09-29,2026-10-02,2026-09-29 17:00:00,Cerah Berawan,10.0,26.0,84.0,Timur,9.0,14.0,Tenang,0.4,Barat Laut,0.68,0.35,,25.842105263157894,82.52631578947368,7.2631578947368425,15.631578947368421,0.7210526315789473,0.9378947368421052,,,,
4315,AF036,Pelabuhan Binongko,2026-09-28 12:00:00,2026-09-29,2026-10-02,2026-09-29 18:00:00,Cerah Berawan,10.0,26.0,85.0,Timur,9.0,13.0,Tenang,0.3,Barat Laut,0.7,0.61,,25.63157894736842,83.15789473684211,7.2631578947368425,14.842105263157896,0.7000000000000001,0.9068421052631579,23.363636363636363,0.0,7.2,89.72727272727273
4316,AF036,Pelabuhan Binongko,2026-09-28 12:00:00,2026-09-29,2026-10-02,2026-09-29 19:00:00,Cerah Berawan,10.0,26.0,85.0,Timur,9.0,12.0,Tenang,0.4,Barat,0.75,0.68,,25.57894736842105,83.78947368421052,7.2631578947368425,14.157894736842104,0.6736842105263158,0.8805263157894737,22.666666666666668,0.0,5.266666666666667,95.0
4317,AF036,Pelabuhan Binongko,2026-09-28 12:00:00,2026-09-29,2026-10-02,2026-09-29 20:00:00,Cerah Berawan,10.0,26.0,84.0,Timur,10.0,12.0,Tenang,0.3,Barat,0.82,0.51,,25.526315789473685,84.3157894736842,6.7368421052631575,13.789473684210526,0.6631578947368421,0.8947368421052632,,,,
4318,AF036,Pelabuhan Binongko,2026-09-28 12:00:00,2026-09-29,2026-10-02,2026-09-29 21:00:00,Cerah Berawan,10.0,26.0,83.0,Timur,10.0,13.0,Tenang,0.3,Barat,0.83,0.18,,25.36842105263158,84.52631578947368,6.7368421052631575,13.736842105263158,0.6473684210526316,0.9184210526315789,23.363636363636363,0.0,6.572727272727272,90.45454545454545
4319,AF036,Pelabuhan Binongko,2026-09-28 12:00:00,2026-09-29,2026-10-02,2026-09-29 22:00:00,Cerah Berawan,10.0,26.0,82.0,Timur,10.0,13.0,Tenang,0.3,Barat Laut,0.79,-0.31,,25.42105263157895,84.47368421052632,6.7368421052631575,13.789473684210526,0.6210526315789474,0.9405263157894738,24.5,0.0,9.85,85.0
4320,AF036,Pelabuhan Binongko,2026-09-28 12:00:00,2026-09-29,2026-10-02,2026-09-29 23:00:00,Cerah Berawan,10.0,26.0,80.0,Timur,11.0,14.0,Tenang,0.3,Barat Laut,0.71,-0.8,,25.736842105263158,81.52631578947368,7.157894736842105,14.368421052631579,0.6157894736842104,0.9536842105263158,,,,
4323,AF001,Pelabuhan Nusantara Kendari,2026-10-05 12:00:00,2026-10-06,2026-10-09,2026-10-06 00:00:00,Berawan,10.0,27.0,76.0,Timur,3.0,7.0,Tenang,0.2,Barat Daya,0.71,0.25,2026-10-06 15:00:55,26.05263157894737,79.0,5.421052631578948,14.473684210526315,0.431578947368421,0.8831578947368421,,,,
4324,AF001,Pelabuhan Nusantara Kendari,2026-10-05 12:00:00,2026-10-06,2026-10-09,2026-10-06 01:00:00,Berawan,10.0,27.0,70.0,Timur,3.0,,Tenang,0.2,Barat,0.77,0.17,2026-10-06 15:00:55,26.57894736842105,76.26315789473684,5.421052631578948,,0.4473684210526316,0.911578947368421,,,,
4325,AF001,Pelabuhan Nusantara Kendari,2026-10-05 12:00:00,2026-10-06,2026-10-09,2026-10-06 02:00:00,Cerah Berawan,10.0,28.0,66.0,Timur,5.0,,Tenang,0.2,Barat,0.8,0.0,2026-10-06 15:00:55,26.736842105263158,75.3157894736842,6.631578947368421,,0.45789473684210524,0.9563157894736843,,,,
4326,AF001,Pelabuhan Nusantara Kendari,2026-10-05 12:00:00,2026-10-06,2026-10-09,2026-10-06 03:00:00,Berawan Tebal,10.0,29.0,65.0,Timur,5.0,12.0,Tenang,0.2,Barat,0.82,-0.25,2026-10-06 15:00:55,26.842105263157894,74.84210526315789,6.631578947368421,18.05263157894737,0.46315789473684216,0.9863157894736841,,,,
4327,AF001,Pelabuhan Nusantara Kendari,2026-10-05 12:00:00,2026-10-06,2026-10-09,2026-10-06 04:00:00,Berawan Tebal,10.0,29.0,67.0,Timur,5.0,,Tenang,0.2,Barat Daya,0.8,-0.54,2026-10-06 15:00:55,27.157894736842106,74.36842105263158,6.631578947368421,,0.46842105263157896,1.0036842105263157,,,,
4328,AF001,Pelabuhan Nusantara Kendari,2026-10-05 12:00:00,2026-10-06,2026-10-09,2026-10-06 05:00:00,Berawan Tebal,10.0,30.0,68.0,Timur,7.0,,Tenang,0.2,Barat Daya,0.76,-0.77,2026-10-06 15:00:55,27.68421052631579,73.78947368421052,7.7368421052631575,,0.4842105263157894,1.0110526315789474,,,,
4329,AF001,Pelabuhan Nusantara Kendari,2026-10-05 12:00:00,2026-10-06,2026-10-09,2026-10-06 06:00:00,Berawan Tebal,10.0,30.0,69.0,Timur,7.0,14.0,Tenang,0.3,Barat Daya,0.7,-0.98,2026-10-06 15:00:55,28.157894736842106,73.05263157894737,7.7368421052631575,20.157894736842106,0.5,1.0089473684210528,,,,
4330,AF001,Pelabuhan Nusantara Kendari,2026-10-05 12:00:00,2026-10-06,2026-10-09,2026-10-06 07:00:00,Berawan Tebal,10.0,29.0,70.0,Timur,7.0,,Tenang,0.4,Selatan,0.64,-1.05,2026-10-06 15:00:55,27.94736842105263,72.84210526315789,7.7368421052631575,,0.5157894736842106,1.0057894736842106,,,,
4331,AF001,Pelabuhan Nusantara Kendari,2026-10-05 12:00:00,2026-10-06,2026-10-09,2026-10-06 08:00:00,Cerah,10.0,28.0,70.0,Timur,5.0,,Rendah,0.5,Tenggara,0.65,-0.99,2026-10-06 15:00:55,27.842105263157894,72.6842105263158,8.631578947368421,,0.5368421052631579,1.0005263157894737,,,,
4332,AF001,Pelabuhan Nusantara Kendari,2026-10-05 12:00:00,2026-10-06,2026-10-09,2026-10-06 09:00:00,Cerah,10.0,28.0,70.0,Timur,5.0,14.0,Rendah,0.5,Selatan,0.67,-0.82,2026-10-06 15:00:55,27.63157894736842,72.94736842105263,8.631578947368421,19.736842105263158,0.5473684210526316,0.9957894736842107,,,,
4333,AF001,Pelabuhan Nusantara Kendari,2026-10-05 12:00:00,2026-10-06,2026-10-09,2026-10-06 10:00:00,Cerah,10.0,27.0,66.0,Timur,5.0,,Tenang,0.4,Barat Daya,0.71,-0.54,2026-10-06 15:00:55,27.105263157894736,74.6842105263158,8.631578947368421,,0.5842105263157894,0.9852631578947367,,,,
4334,AF001,Pelabuhan Nusantara Kendari,2026-10-05 12:00:00,2026-10-06,2026-10-09,2026-10-06 11:00:00,Cerah,10.0,27.0,69.0,Timur,5.0,,Tenang,0.4,Barat Daya,0.71,-0.25,2026-10-06 15:00:55,26.842105263157894,76.84210526315789,8.631578947368421,,0.6052631578947368,0.9647368421052632,,,,
4335,AF001,Pelabuhan Nusantara Kendari,2026-10-05 12:00:00,2026-10-06,2026-10-09,2026-10-06 12:00:00,Cerah,10.0,26.0,77.0,Timur,5.0,11.0,Tenang,0.3,Barat Daya,0.72,0.03,2026-10-06 15:00:55,26.473684210526315,78.05263157894737,8.631578947368421,17.789473684210527,0.6,0.9352631578947368,,,,
4336,AF001,Pelabuhan Nusantara Kendari,2026-10-05 12:00:00,2026-10-06,2026-10-09,2026-10-06 13:00:00,Cerah Berawan,10.0,26.0,80.0,Timur,5.0,,Tenang,0.3,Barat,0.73,0.23,2026-10-06 15:00:55,26.36842105263158,78.73684210526316,8.631578947368421,,0.5684210526315789,0.898421052631579,,,,
4337,AF001,Pelabuhan Nusantara Kendari,2026-10-05 12:00:00,2026-10-06,2026-10-09,2026-10-06 14:00:00,Cerah Berawan,10.0,25.0,80.0,Tenggara,2.0,,Tenang,0.3,Barat,0.74,0.3,2026-10-06 15:00:55,26.210526315789473,79.6842105263158,7.157894736842105,,0.531578947368421,0.8668421052631579,,,,
4338,AF001,Pelabuhan Nusantara Kendari,2026-10-05 12:00:00,2026-10-06,2026-10-09,2026-10-06 15:00:00,Cerah,10.0,25.0,81.0,Tenggara,2.0,9.0,Tenang,0.3,Barat,0.74,0.28,2026-10-06 15:00:55,26.0,80.6842105263158,7.157894736842105,15.68421052631579,0.5052631578947369,0.865263157894737,23.363636363636363,0.0,6.942424242424242,88.18181818181819
4339,AF001,Pelabuhan Nusantara Kendari,2026-10-05 12:00:00,2026-10-06,2026-10-09,2026-10-06 16:00:00,Cerah,10.0,25.0,82.0,Tenggara,2.0,,Tenang,0.3,Barat,0.69,0.12,2026-10-06 15:00:55,25.68421052631579,81.52631578947368,7.157894736842105,,0.46842105263157896,0.871578947368421,23.0,0.0,4.9,94.0
4340,AF001,Pelabuhan Nusantara Kendari,2026-10-05 12:00:00,2026-10-06,2026-10-09,2026-10-06 17:00:00,Cerah Berawan,10.0,25.0,82.0,Timur,1.0,,Tenang,0.2,Barat,0.61,-0.05,2026-10-06 15:00:55,25.473684210526315,82.21052631578948,5.526315789473684,,0.4263157894736842,0.8736842105263158,,,,
4341,AF001,Pelabuhan Nusantara Kendari,2026-10-05 12:00:00,2026-10-06,2026-10-09,2026-10-06 18:00:00,Berawan,10.0,25.0,83.0,Timur,1.0,5.0,Tenang,0.2,Timur Laut,0.66,-0.23,2026-10-06 15:00:55,25.263157894736842,82.89473684210526,5.526315789473684,13.68421052631579,0.4105263157894737,0.8757894736842106,22.696969696969695,0.0,5.718181818181818,90.42424242424242
4342,AF001,Pelabuhan Nusantara Kendari,2026-10-05 12:00:00,2026-10-06,2026-10-09,2026-10-06 19:00:00,Cerah Berawan,10.0,25.0,83.0,Timur,1.0,,Tenang,0.2,Timur Laut,0.75,-0.35,2026-10-06 15:00:55,25.105263157894736,83.47368421052632,5.526315789473684,,0.4052631578947368,0.8721052631578947,22.0,0.0,5.6,97.0
4343,AF001,Pelabuhan Nusantara Kendari,2026-10-05 12:00:00,2026-10-06,2026-10-09,2026-10-06 20:00:00,Cerah Berawan,10.0,25.0,83.0,Tenggara,0.0,,Tenang,0.2,Timur Laut,0.78,-0.39,2026-10-06 15:00:55,24.94736842105263,84.3157894736842,5.7368421052631575,,0.41578947368421054,0.8663157894736843,,,,
4344,AF001,Pelabuhan Nusantara Kendari,2026-10-05 12:00:00,2026-10-06,2026-10-09,2026-10-06 21:00:00,Cerah Berawan,10.0,25.0,83.0,Tenggara,0.0,5.0,Tenang,0.2,Timur,0.73,-0.37,2026-10-06 15:00:55,24.842105263157894,84.84210526315789,5.7368421052631575,12.052631578947368,0.4105263157894737,0.8657894736842104,22.393939393939394,0.0,5.636363636363637,90.60606060606061
4345,AF001,Pelabuhan Nusantara Kendari,2026-10-05 12:00:00,2026-10-06,2026-10-09,2026-10-06 22:00:00,Berawan Tebal,10.0,24.0,85.0,Tenggara,0.0,,Tenang,0.2,Tenggara,0.64,-0.24,2026-10-06 15:00:55,25.0,85.26315789473684,5.7368421052631575,,0.4263157894736842,0.8689473684210527,25.0,0.0,7.1,87.0
4346,AF001,Pelabuhan Nusantara Kendari,2026-10-05 12:00:00,2026-10-06,2026-10-09,2026-10-06 23:00:00,Cerah Berawan,10.0,26.0,80.0,Timur,2.0,,Tenang,0.2,Selatan,0.64,-0.09,2026-10-06 15:00:55,25.42105263157895,82.52631578947368,5.526315789473684,,0.46315789473684216,0.868421052631579,,,,
4347,AF002,Pelabuhan Bungkutoko,2026-10-05 12:00:00,2026-10-06,2026-10-09,2026-10-06 00:00:00,Berawan,10.0,27.0,76.0,Timur,3.0,7.0,Tenang,0.2,Barat Daya,0.71,0.25,2026-10-06 15:00:55,26.05263157894737,79.0,5.421052631578948,14.473684210526315,0.431578947368421,0.8831578947368421,,,,
4348,AF002,Pelabuhan Bungkutoko,2026-10-05 12:00:00,2026-10-06,2026-10-09,2026-10-06 01:00:00,Berawan,10.0,27.0,70.0,Timur,3.0,,Tenang,0.2,Barat,0.77,0.17,2026-10-06 15:00:55,26.57894736842105,76.26315789473684,5.421052631578948,,0.4473684210526316,0.911578947368421,,,,
4349,AF002,Pelabuhan Bungkutoko,2026-10-05 12:00:00,2026-10-06,2026-10-09,2026-10-06 02:00:00,Cerah Berawan,10.0,28.0,66.0,Timur,5.0,,Tenang,0.2,Barat,0.8,0.0,2026-10-06 15:00:55,26.736842105263158,75.3157894736842,6.631578947368421,,0.45789473684210524,0.9563157894736843,,,,
4350,AF002,Pelabuhan Bungkutoko,2026-10-05 12:00:00,2026-10-06,2026-10-09,2026-10-06 03:00:00,Berawan Tebal,10.0,29.0,65.0,Timur,5.0,12.0,Tenang,0.2,Barat,0.82,-0.25,2026-10-06 15:00:55,26.842105263157894,74.84210526315789,6.631578947368421,18.05263157894737,0.46315789473684216,0.9863157894736841,,,,
4351,AF002,Pelabuhan Bungkutoko,2026-10-05 12:00:00,2026-10-06,2026-10-09,2026-10-06 04:00:00,Berawan Tebal,10.0,29.0,67.0,Timur,5.0,,Tenang,0.2,Barat Daya,0.8,-0.54,2026-10-06 15:00:55,27.157894736842106,74.36842105263158,6.631578947368421,,0.46842105263157896,1.0036842105263157,,,,
4352,AF002,Pelabuhan Bungkutoko,2026-10-05 12:00:00,2026-10-06,2026-10-09,2026-10-06 05:00:00,Berawan Tebal,10.0,30.0,68.0,Timur,7.0,,Tenang,0.2,Barat Daya,0.76,-0.77,2026-10-06 15:00:55,27.68421052631579,73.78947368421052,7.7368421052631575,,0.4842105263157894,1.0110526315789474,,,,
4353,AF002,Pelabuhan Bungkutoko,2026-10-05 12:00:00,2026-10-06,2026-10-09,2026-10-06 06:00:00,Berawan Tebal,10.0,30.0,69.0,Timur,7.0,14.0,Tenang,0.3,Barat Daya,0.7,-0.98,2026-10-06 15:00:55,28.157894736842106,73.05263157894737,7.7368421052631575,20.157894736842106,0.5,1.0089473684210528,,,,
4354,AF002,Pelabuhan Bungkutoko,2026-10-05 12:00:00,2026-10-06,2026-10-09,2026-10-06 07:00:00,Berawan Tebal,10.0,29.0,70.0,Timur,7.0,,Tenang,0.4,Selatan,0.64,-1.05,2026-10-06 15:00:55,27.94736842105263,72.84210526315789,7.7368421052631575,,0.5157894736842106,1.0057894736842106,,,,
4355,AF002,Pelabuhan Bungkutoko,2026-10-05 12:00:00,2026-10-06,2026-10-09,2026-10-06 08:00:00,Cerah,10.0,28.0,70.0,Timur,5.0,,Rendah,0.5,Tenggara,0.65,-0.99,2026-10-06 15:00:55,27.842105263157894,72.6842105263158,8.631578947368421,,0.5368421052631579,1.0005263157894737,,,,
4356,AF002,Pelabuhan Bungkutoko,2026-10-05 12:00:00,2026-10-06,2026-10-09,2026-10-06 09:00:00,Cerah,10.0,28.0,70.0,Timur,5.0,14.0,Rendah,0.5,Selatan,0.67,-0.82,2026-10-06 15:00:55,27.63157894736842,72.94736842105263,8.631578947368421,19.736842105263158,0.5473684210526316,0.9957894736842107,,,,
4357,AF002,Pelabuhan Bungkutoko,2026-10-05 12:00:00,2026-10-06,2026-10-09,2026-10-06 10:00:00,Cerah,10.0,27.0,66.0,Timur,5.0,,Tenang,0.4,Barat Daya,0.71,-0.54,2026-10-06 15:00:55,27.105263157894736,74.6842105263158,8.631578947368421,,0.5842105263157894,0.9852631578947367,,,,
4358,AF002,Pelabuhan Bungkutoko,2026-10-05 12:00:00,2026-10-06,2026-10-09,2026-10-06 11:00:00,Cerah,10.0,27.0,69.0,Timur,5.0,,Tenang,0.4,Barat Daya,0.71,-0.25,2026-10-06 15:00:55,26.842105263157894,76.84210526315789,8.631578947368421,,0.6052631578947368,0.9647368421052632,,,,
4359,AF002,Pelabuhan Bungkutoko,2026-10-05 12:00:00,2026-10-06,2026-10-09,2026-10-06 12:00:00,Cerah,10.0,26.0,77.0,Timur,5.0,11.0,Tenang,0.3,Barat Daya,0.72,0.03,2026-10-06 15:00:55,26.473684210526315,78.05263157894737,8.631578947368421,17.789473684210527,0.6,0.9352631578947368,,,,
4360,AF002,Pelabuhan Bungkutoko,2026-10-05 12:00:00,2026-10-06,2026-10-09,2026-10-06 13:00:00,Cerah Berawan,10.0,26.0,80.0,Timur,5.0,,Tenang,0.3,Barat,0.73,0.23,2026-10-06 15:00:55,26.36842105263158,78.73684210526316,8.631578947368421,,0.5684210526315789,0.898421052631579,,,,
4361,AF002,Pelabuhan Bungkutoko,2026-10-05 12:00:00,2026-10-06,2026-10-09,2026-10-06 14:00:00,Cerah Berawan,10.0,25.0,80.0,Tenggara,2.0,,Tenang,0.3,Barat,0.74,0.3,2026-10-06 15:00:55,26.210526315789473,79.6842105263158,7.157894736842105,,0.531578947368421,0.8668421052631579,,,,
4362,AF002,Pelabuhan Bungkutoko,2026-10-05 12:00:00,2026-10-06,2026-10-09,2026-10-06 15:00:00,Cerah,10.0,25.0,81.0,Tenggara,2.0,9.0,Tenang,0.3,Barat,0.74,0.28,2026-10-06 15:00:55,26.0,80.6842105263158,7.157894736842105,15.68421052631579,0.5052631578947369,0.865263157894737,23.363636363636363,0.0,6.942424242424242,88.18181818181819
4363,AF002,Pelabuhan Bungkutoko,2026-10-05 12:00:00,2026-10-06,2026-10-09,2026-10-06 16:00:00,Cerah,10.0,25.0,82.0,Tenggara,2.0,,Tenang,0.3,Barat,0.69,0.12,2026-10-06 15:00:55,25.68421052631579,81.52631578947368,7.157894736842105,,0.46842105263157896,0.871578947368421,23.0,0.0,4.9,94.0
4364,AF002,Pelabuhan Bungkutoko,2026-10-05 12:00:00,2026-10-06,2026-10-09,2026-10-06 17:00:00,Cerah Berawan,10.0,25.0,82.0,Timur,1.0,,Tenang,0.2,Barat,0.61,-0.05,2026-10-06 15:00:55,25.473684210526315,82.21052631578948,5.526315789473684,,0.4263157894736842,0.8736842105263158,,,,
4365,AF002,Pelabuhan Bungkutoko,2026-10-05 12:00:00,2026-10-06,2026-10-09,2026-10-06 18:00:00,Berawan,10.0,25.0,83.0,Timur,1.0,5.0,Tenang,0.2,Timur Laut,0.66,-0.23,2026-10-06 15:00:55,25.263157894736842,82.89473684210526,5.526315789473684,13.68421052631579,0.4105263157894737,0.8757894736842106,22.696969696969695,0.0,5.718181818181818,90.42424242424242
4366,AF002,Pelabuhan Bungkutoko,2026-10-05 12:00:00,2026-10-06,2026-10-09,2026-10-06 19:00:00,Cerah Berawan,10.0,25.0,83.0,Timur,1.0,,Tenang,0.2,Timur Laut,0.75,-0.35,2026-10-06 15:00:55,25.105263157894736,83.47368421052632,5.526315789473684,,0.4052631578947368,0.8721052631578947,22.0,0.0,5.6,97.0
4367,AF002,Pelabuhan Bungkutoko,2026-10-05 12:00:00,2026-10-06,2026-10-09,2026-10-06 20:00:00,Cerah Berawan,10.0,25.0,83.0,Tenggara,0.0,,Tenang,0.2,Timur Laut,0.78,-0.39,2026-10-06 15:00:55,24.94736842105263,84.3157894736842,5.7368421052631575,,0.41578947368421054,0.8663157894736843,,,,
4368,AF002,Pelabuhan Bungkutoko,2026-10-05 12:00:00,2026-10-06,2026-10-09,2026-10-06 21:00:00,Cerah Berawan,10.0,25.0,83.0,Tenggara,0.0,5.0,Tenang,0.2,Timur,0.73,-0.37,2026-10-06 15:00:55,24.842105263157894,84.84210526315789,5.7368421052631575,12.052631578947368,0.4105263157894737,0.8657894736842104,22.393939393939394,0.0,5.636363636363637,90.60606060606061
4369,AF002,Pelabuhan Bungkutoko,2026-10-05 12:00:00,2026-10-06,2026-10-09,2026-10-06 22:00:00,Berawan Tebal,10.0,24.0,85.0,Tenggara,0.0,,Tenang,0.2,Tenggara,0.64,-0.24,2026-10-06 15:00:55,25.0,85.26315789473684,5.7368421052631575,,0.4263157894736842,0.8689473684210527,25.0,0.0,7.1,87.0
4370,AF002,Pelabuhan Bungkutoko,2026-10-05 12:00:00,2026-10-06,2026-10-09,2026-10-06 23:00:00,Cerah Berawan,10.0,26.0,80.0,Timur,2.0,,Tenang,0.2,Selatan,0.64,-0.09,2026-10-06 15:00:55,25.42105263157895,82.52631578947368,5.526315789473684,,0.46315789473684216,0.868421052631579,,,,
4371,AF003,Pelabuhan Murhum Baubau,2026-10-05 12:00:00,2026-10-06,2026-10-09,2026-10-06 00:00:00,Berawan,10.0,27.0,71.0,Timur Laut,2.0,12.0,Tenang,0.1,Utara,0.6,0.4,2026-10-06 15:00:55,26.05263157894737,79.0,5.421052631578948,14.473684210526315,0.431578947368421,0.8831578947368421,,,,
4372,AF003,Pelabuhan Murhum Baubau,2026-10-05 12:00:00,2026-10-06,2026-10-09,2026-10-06 01:00:00,Berawan Tebal,10.0,29.0,61.0,Timur Laut,2.0,,Tenang,0.1,Barat Daya,0.73,0.34,2026-10-06 15:00:55,26.57894736842105,76.26315789473684,5.421052631578948,,0.4473684210526316,0.911578947368421,,,,
4373,AF003,Pelabuhan Murhum Baubau,2026-10-05 12:00:00,2026-10-06,2026-10-09,2026-10-06 02:00:00,Cerah Berawan,10.0,30.0,59.0,Barat Daya,7.0,,Tenang,0.1,Barat Daya,0.9,0.13,2026-10-06 15:00:55,26.736842105263158,75.3157894736842,6.631578947368421,,0.45789473684210524,0.9563157894736843,,,,
4374,AF003,Pelabuhan Murhum Baubau,2026-10-05 12:00:00,2026-10-06,2026-10-09,2026-10-06 03:00:00,Berawan,10.0,30.0,60.0,Barat Daya,7.0,14.0,Tenang,0.1,Barat Daya,0.97,-0.19,2026-10-06 15:00:55,26.842105263157894,74.84210526315789,6.631578947368421,18.05263157894737,0.46315789473684216,0.9863157894736841,,,,
4375,AF003,Pelabuhan Murhum Baubau,2026-10-05 12:00:00,2026-10-06,2026-10-09,2026-10-06 04:00:00,Berawan Tebal,10.0,30.0,62.0,Barat Daya,7.0,,Tenang,0.1,Barat Daya,0.97,-0.54,2026-10-06 15:00:55,27.157894736842106,74.36842105263158,6.631578947368421,,0.46842105263157896,1.0036842105263157,,,,
4376,AF003,Pelabuhan Murhum Baubau,2026-10-05 12:00:00,2026-10-06,2026-10-09,2026-10-06 05:00:00,Berawan Tebal,10.0,31.0,58.0,Tenggara,5.0,,Tenang,0.1,Barat Daya,0.92,-0.9,2026-10-06 15:00:55,27.68421052631579,73.78947368421052,7.7368421052631575,,0.4842105263157894,1.0110526315789474,,,,
4377,AF003,Pelabuhan Murhum Baubau,2026-10-05 12:00:00,2026-10-06,2026-10-09,2026-10-06 06:00:00,Berawan Tebal,10.0,32.0,54.0,Tenggara,5.0,14.0,Tenang,0.1,Barat Daya,0.77,-1.11,2026-10-06 15:00:55,28.157894736842106,73.05263157894737,7.7368421052631575,20.157894736842106,0.5,1.0089473684210528,,,,
4378,AF003,Pelabuhan Murhum Baubau,2026-10-05 12:00:00,2026-10-06,2026-10-09,2026-10-06 07:00:00,Berawan Tebal,10.0,32.0,46.0,Tenggara,5.0,,Tenang,0.1,Barat Daya,0.61,-1.15,2026-10-06 15:00:55,27.94736842105263,72.84210526315789,7.7368421052631575,,0.5157894736842106,1.0057894736842106,,,,
4379,AF003,Pelabuhan Murhum Baubau,2026-10-05 12:00:00,2026-10-06,2026-10-09,2026-10-06 08:00:00,Berawan,10.0,31.0,42.0,Tenggara,7.0,,Tenang,0.1,Utara,0.62,-1.05,2026-10-06 15:00:55,27.842105263157894,72.6842105263158,8.631578947368421,,0.5368421052631579,1.0005263157894737,,,,
4380,AF003,Pelabuhan Murhum Baubau,2026-10-05 12:00:00,2026-10-06,2026-10-09,2026-10-06 09:00:00,Cerah,10.0,29.0,49.0,Tenggara,7.0,17.0,Tenang,0.1,Utara,0.72,-0.85,2026-10-06 15:00:55,27.63157894736842,72.94736842105263,8.631578947368421,19.736842105263158,0.5473684210526316,0.9957894736842107,,,,
4381,AF003,Pelabuhan Murhum Baubau,2026-10-05 12:00:00,2026-10-06,2026-10-09,2026-10-06 10:00:00,Cerah,10.0,27.0,61.0,Tenggara,7.0,,Tenang,0.1,Utara,0.79,-0.52,2026-10-06 15:00:55,27.105263157894736,74.6842105263158,8.631578947368421,,0.5842105263157894,0.9852631578947367,,,,
4382,AF003,Pelabuhan Murhum Baubau,2026-10-05 12:00:00,2026-10-06,2026-10-09,2026-10-06 11:00:00,Cerah,10.0,26.0,70.0,Timur,7.0,,Tenang,0.1,Utara,0.83,-0.18,2026-10-06 15:00:55,26.842105263157894,76.84210526315789,8.631578947368421,,0.6052631578947368,0.9647368421052632,,,,
4383,AF003,Pelabuhan Murhum Baubau,2026-10-05 12:00:00,2026-10-06,2026-10-09,2026-10-06 12:00:00,Cerah,10.0,25.0,75.0,Timur,7.0,14.0,Tenang,0.1,Utara,0.8,0.13,2026-10-06 15:00:55,26.473684210526315,78.05263157894737,8.631578947368421,17.789473684210527,0.6,0.9352631578947368,,,,
4384,AF003,Pelabuhan Murhum Baubau,2026-10-05 12:00:00,2026-10-06,2026-10-09,2026-10-06 13:00:00,Cerah Berawan,10.0,25.0,80.0,Timur,7.0,,Tenang,0.1,Utara,0.73,0.31,2026-10-06 15:00:55,26.36842105263158,78.73684210526316,8.631578947368421,,0.5684210526315789,0.898421052631579,,,,
4385,AF003,Pelabuhan Murhum Baubau,2026-10-05 12:00:00,2026-10-06,2026-10-09,2026-10-06 14:00:00,Berawan,10.0,24.0,85.0,Timur Laut,4.0,,Tenang,0.1,Barat Laut,0.65,0.38,2026-10-06 15:00:55,26.210526315789473,79.6842105263158,7.157894736842105,,0.531578947368421,0.8668421052631579,,,,
4386,AF003,Pelabuhan Murhum Baubau,2026-10-05 12:00:00,2026-10-06,2026-10-09,2026-10-06 15:00:00,Berawan Tebal,10.0,24.0,88.0,Timur Laut,4.0,10.0,Tenang,0.1,Barat,0.72,0.29,2026-10-06 15:00:55,26.0,80.6842105263158,7.157894736842105,15.68421052631579,0.5052631578947369,0.865263157894737,23.363636363636363,0.0,6.942424242424242,88.18181818181819
4387,AF003,Pelabuhan Murhum Baubau,2026-10-05 12:00:00,2026-10-06,2026-10-09,2026-10-06 16:00:00,Cerah Berawan,10.0,24.0,93.0,Timur Laut,4.0,,Tenang,0.1,Barat Daya,0.81,0.12,2026-10-06 15:00:55,25.68421052631579,81.52631578947368,7.157894736842105,,0.46842105263157896,0.871578947368421,23.0,0.0,4.9,94.0
4388,AF003,Pelabuhan Murhum Baubau,2026-10-05 12:00:00,2026-10-06,2026-10-09,2026-10-06 17:00:00,Cerah Berawan,7.0,23.0,95.0,Timur,4.0,,Tenang,0.1,Barat Daya,0.82,-0.13,2026-10-06 15:00:55,25.473684210526315,82.21052631578948,5.526315789473684,,0.4263157894736842,0.8736842105263158,,,,
4389,AF003,Pelabuhan Murhum Baubau,2026-10-05 12:00:00,2026-10-06,2026-10-09,2026-10-06 18:00:00,Berawan,7.0,23.0,95.0,Timur,4.0,7.0,Tenang,0.1,Barat Daya,0.79,-0.33,2026-10-06 15:00:55,25.263157894736842,82.89473684210526,5.526315789473684,13.68421052631579,0.4105263157894737,0.8757894736842106,22.696969696969695,0.0,5.718181818181818,90.42424242424242
4390,AF003,Pelabuhan Murhum Baubau,2026-10-05 12:00:00,2026-10-06,2026-10-09,2026-10-06 19:00:00,Berawan,7.0,23.0,95.0,Timur,4.0,,Tenang,0.1,Barat Daya,0.72,-0.48,2026-10-06 15:00:55,25.105263157894736,83.47368421052632,5.526315789473684,,0.4052631578947368,0.8721052631578947,22.0,0.0,5.6,97.0
4391,AF003,Pelabuhan Murhum Baubau,2026-10-05 12:00:00,2026-10-06,2026-10-09,2026-10-06 20:00:00,Berawan,7.0,22.0,95.0,Timur Laut,4.0,,Tenang,0.1,Barat,0.64,-0.5,2026-10-06 15:00:55,24.94736842105263,84.3157894736842,5.7368421052631575,,0.41578947368421054,0.8663157894736843,,,,
4392,AF003,Pelabuhan Murhum Baubau,2026-10-05 12:00:00,2026-10-06,2026-10-09,2026-10-06 21:00:00,Berawan,7.0,22.0,96.0,Timur Laut,4.0,7.0,Tenang,0.1,Timur Laut,0.63,-0.42,2026-10-06 15:00:55,24.842105263157894,84.84210526315789,5.7368421052631575,12.052631578947368,0.4105263157894737,0.8657894736842104,22.393939393939394,0.0,5.636363636363637,90.60606060606061
4393,AF003,Pelabuhan Murhum Baubau,2026-10-05 12:00:00,2026-10-06,2026-10-09,2026-10-06 22:00:00,Berawan,7.0,23.0,95.0,Timur Laut,4.0,,Tenang,0.1,Timur Laut,0.73,-0.23,2026-10-06 15:00:55,25.0,85.26315789473684,5.7368421052631575,,0.4263157894736842,0.8689473684210527,25.0,0.0,7.1,87.0
4394,AF003,Pelabuhan Murhum Baubau,2026-10-05 12:00:00,2026-10-06,2026-10-09,2026-10-06 23:00:00,Cerah Berawan,10.0,24.0,87.0,Timur Laut,3.0,,Tenang,0.1,Timur Laut,0.77,0.01,2026-10-06 15:00:55,25.42105263157895,82.52631578947368,5.526315789473684,,0.46315789473684216,0.868421052631579,,,,
4395,AF004,Pelabuhan Kolaka,2026-10-05 12:00:00,2026-10-06,2026-10-09,2026-10-06 00:00:00,Berawan Tebal,10.0,28.0,51.0,Timur,5.0,11.0,Tenang,0.1,Barat Laut,0.65,0.44,2026-10-06 15:00:55,26.05263157894737,79.0,5.421052631578948,14.473684210526315,0.431578947368421,0.8831578947368421,,,,
4396,AF004,Pelabuhan Kolaka,2026-10-05 12:00:00,2026-10-06,2026-10-09,2026-10-06 01:00:00,Berawan Tebal,10.0,29.0,45.0,Timur,5.0,,Tenang,0.1,Barat Laut,0.63,0.41,2026-10-06 15:00:55,26.57894736842105,76.26315789473684,5.421052631578948,,0.4473684210526316,0.911578947368421,,,,
4397,AF004,Pelabuhan Kolaka,2026-10-05 12:00:00,2026-10-06,2026-10-09,2026-10-06 02:00:00,Berawan,10.0,30.0,47.0,Barat Daya,7.0,,Tenang,0.1,Barat,0.65,0.17,2026-10-06 15:00:55,26.736842105263158,75.3157894736842,6.631578947368421,,0.45789473684210524,0.9563157894736843,,,,
4398,AF004,Pelabuhan Kolaka,2026-10-05 12:00:00,2026-10-06,2026-10-09,2026-10-06 03:00:00,Cerah Berawan,10.0,30.0,52.0,Barat Daya,7.0,15.0,Tenang,0.1,Barat,0.64,-0.33,2026-10-06 15:00:55,26.842105263157894,74.84210526315789,6.631578947368421,18.05263157894737,0.46315789473684216,0.9863157894736841,,,,
4399,AF004,Pelabuhan Kolaka,2026-10-05 12:00:00,2026-10-06,2026-10-09,2026-10-06 04:00:00,Berawan Tebal,10.0,31.0,50.0,Barat Daya,7.0,,Tenang,0.1,Timur,0.65,-0.54,2026-10-06 15:00:55,27.157894736842106,74.36842105263158,6.631578947368421,,0.46842105263157896,1.0036842105263157,,,,
4400,AF004,Pelabuhan Kolaka,2026-10-05 12:00:00,2026-10-06,2026-10-09,2026-10-06 05:00:00,Berawan Tebal,10.0,31.0,54.0,Barat Daya,10.0,,Tenang,0.1,Timur,0.83,-0.85,2026-10-06 15:00:55,27.68421052631579,73.78947368421052,7.7368421052631575,,0.4842105263157894,1.0110526315789474,,,,
4401,AF004,Pelabuhan Kolaka,2026-10-05 12:00:00,2026-10-06,2026-10-09,2026-10-06 06:00:00,Berawan Tebal,10.0,29.0,65.0,Barat Daya,10.0,20.0,Tenang,0.2,Timur,0.91,-1.15,2026-10-06 15:00:55,28.157894736842106,73.05263157894737,7.7368421052631575,20.157894736842106,0.5,1.0089473684210528,,,,
4402,AF004,Pelabuhan Kolaka,2026-10-05 12:00:00,2026-10-06,2026-10-09,2026-10-06 07:00:00,Berawan Tebal,10.0,29.0,66.0,Barat Daya,10.0,,Tenang,0.2,Timur,0.81,-1.2,2026-10-06 15:00:55,27.94736842105263,72.84210526315789,7.7368421052631575,,0.5157894736842106,1.0057894736842106,,,,
4403,AF004,Pelabuhan Kolaka,2026-10-05 12:00:00,2026-10-06,2026-10-09,2026-10-06 08:00:00,Berawan Tebal,10.0,28.0,66.0,Barat Daya,3.0,,Tenang,0.2,Timur,0.78,-1.16,2026-10-06 15:00:55,27.842105263157894,72.6842105263158,8.631578947368421,,0.5368421052631579,1.0005263157894737,,,,
4404,AF004,Pelabuhan Kolaka,2026-10-05 12:00:00,2026-10-06,2026-10-09,2026-10-06 09:00:00,Cerah Berawan,10.0,27.0,68.0,Barat Daya,3.0,20.0,Tenang,0.2,Timur,0.79,-0.84,2026-10-06 15:00:55,27.63157894736842,72.94736842105263,8.631578947368421,19.736842105263158,0.5473684210526316,0.9957894736842107,,,,
4405,AF004,Pelabuhan Kolaka,2026-10-05 12:00:00,2026-10-06,2026-10-09,2026-10-06 10:00:00,Cerah,10.0,26.0,74.0,Barat Daya,3.0,,Tenang,0.1,Timur,0.72,-0.48,2026-10-06 15:00:55,27.105263157894736,74.6842105263158,8.631578947368421,,0.5842105263157894,0.9852631578947367,,,,
4406,AF004,Pelabuhan Kolaka,2026-10-05 12:00:00,2026-10-06,2026-10-09,2026-10-06 11:00:00,Cerah,10.0,26.0,75.0,Timur Laut,2.0,,Tenang,0.1,Timur,0.66,-0.17,2026-10-06 15:00:55,26.842105263157894,76.84210526315789,8.631578947368421,,0.6052631578947368,0.9647368421052632,,,,
4407,AF004,Pelabuhan Kolaka,2026-10-05 12:00:00,2026-10-06,2026-10-09,2026-10-06 12:00:00,Cerah,10.0,26.0,75.0,Timur Laut,2.0,8.0,Tenang,0.1,Timur,0.62,0.25,2026-10-06 15:00:55,26.473684210526315,78.05263157894737,8.631578947368421,17.789473684210527,0.6,0.9352631578947368,,,,
4408,AF004,Pelabuhan Kolaka,2026-10-05 12:00:00,2026-10-06,2026-10-09,2026-10-06 13:00:00,Cerah,10.0,26.0,76.0,Timur Laut,2.0,,Tenang,0.1,Selatan,0.6,0.46,2026-10-06 15:00:55,26.36842105263158,78.73684210526316,8.631578947368421,,0.5684210526315789,0.898421052631579,,,,
4409,AF004,Pelabuhan Kolaka,2026-10-05 12:00:00,2026-10-06,2026-10-09,2026-10-06 14:00:00,Cerah,10.0,25.0,78.0,Timur,6.0,,Tenang,0.1,Tenggara,0.6,0.49,2026-10-06 15:00:55,26.210526315789473,79.6842105263158,7.157894736842105,,0.531578947368421,0.8668421052631579,,,,
4410,AF004,Pelabuhan Kolaka,2026-10-05 12:00:00,2026-10-06,2026-10-09,2026-10-06 15:00:00,Cerah Berawan,10.0,24.0,81.0,Timur,6.0,10.0,Tenang,0.1,Timur Laut,0.62,0.34,2026-10-06 15:00:55,26.0,80.6842105263158,7.157894736842105,15.68421052631579,0.5052631578947369,0.865263157894737,23.363636363636363,0.0,6.942424242424242,88.18181818181819
4411,AF004,Pelabuhan Kolaka,2026-10-05 12:00:00,2026-10-06,2026-10-09,2026-10-06 16:00:00,Berawan,10.0,24.0,82.0,Timur,6.0,,Tenang,0.1,Utara,0.59,0.16,2026-10-06 15:00:55,25.68421052631579,81.52631578947368,7.157894736842105,,0.46842105263157896,0.871578947368421,23.0,0.0,4.9,94.0
4412,AF004,Pelabuhan Kolaka,2026-10-05 12:00:00,2026-10-06,2026-10-09,2026-10-06 17:00:00,Cerah Berawan,9.0,24.0,82.0,Timur Laut,6.0,,Tenang,0.1,Timur,0.59,-0.2,2026-10-06 15:00:55,25.473684210526315,82.21052631578948,5.526315789473684,,0.4263157894736842,0.8736842105263158,,,,
4413,AF004,Pelabuhan Kolaka,2026-10-05 12:00:00,2026-10-06,2026-10-09,2026-10-06 18:00:00,Berawan,9.0,23.0,81.0,Timur Laut,6.0,10.0,Tenang,0.1,Selatan,0.6,-0.37,2026-10-06 15:00:55,25.263157894736842,82.89473684210526,5.526315789473684,13.68421052631579,0.4105263157894737,0.8757894736842106,22.696969696969695,0.0,5.718181818181818,90.42424242424242
4414,AF004,Pelabuhan Kolaka,2026-10-05 12:00:00,2026-10-06,2026-10-09,2026-10-06 19:00:00,Berawan,9.0,23.0,79.0,Timur Laut,6.0,,Tenang,0.1,Selatan,0.64,-0.5,2026-10-06 15:00:55,25.105263157894736,83.47368421052632,5.526315789473684,,0.4052631578947368,0.8721052631578947,22.0,0.0,5.6,97.0
4415,AF004,Pelabuhan Kolaka,2026-10-05 12:00:00,2026-10-06,2026-10-09,2026-10-06 20:00:00,Cerah Berawan,8.0,23.0,80.0,Timur Laut,6.0,,Tenang,0.1,Barat Daya,0.63,-0.55,2026-10-06 15:00:55,24.94736842105263,84.3157894736842,5.7368421052631575,,0.41578947368421054,0.8663157894736843,,,,
4416,AF004,Pelabuhan Kolaka,2026-10-05 12:00:00,2026-10-06,2026-10-09,2026-10-06 21:00:00,Cerah Berawan,8.0,23.0,81.0,Timur Laut,6.0,8.0,Tenang,0.1,Selatan,0.59,-0.34,2026-10-06 15:00:55,24.842105263157894,84.84210526315789,5.7368421052631575,12.052631578947368,0.4105263157894737,0.8657894736842104,22.393939393939394,0.0,5.636363636363637,90.60606060606061
4417,AF004,Pelabuhan Kolaka,2026-10-05 12:00:00,2026-10-06,2026-10-09,2026-10-06 22:00:00,Berawan,8.0,23.0,78.0,Timur Laut,6.0,,Tenang,0.1,Timur Laut,0.65,-0.16,2026-10-06 15:00:55,25.0,85.26315789473684,5.7368421052631575,,0.4263157894736842,0.8689473684210527,25.0,0.0,7.1,87.0
4418,AF004,Pelabuhan Kolaka,2026-10-05 12:00:00,2026-10-06,2026-10-09,2026-10-06 23:00:00,Berawan,10.0,26.0,67.0,Timur,4.0,,Tenang,0.1,Timur Laut,0.61,0.05,2026-10-06 15:00:55,25.42105263157895,82.52631578947368,5.526315789473684,,0.46315789473684216,0.868421052631579,,,,
4419,AF005,Pelabuhan Pomalaa/Dawi-dawi,2026-10-05 12:00:00,2026-10-06,2026-10-09,2026-10-06 00:00:00,Berawan Tebal,10.0,28.0,54.0,Timur,4.0,13.0,Tenang,0.1,Barat Daya,0.66,0.37,2026-10-06 15:00:55,26.05263157894737,79.0,5.421052631578948,14.473684210526315,0.431578947368421,0.8831578947368421,,,,
4420,AF005,Pelabuhan Pomalaa/Dawi-dawi,2026-10-05 12:00:00,2026-10-06,2026-10-09,2026-10-06 01:00:00,Berawan Tebal,10.0,30.0,47.0,Timur,4.0,,Tenang,0.1,Barat Daya,0.67,0.45,2026-10-06 15:00:55,26.57894736842105,76.26315789473684,5.421052631578948,,0.4473684210526316,0.911578947368421,,,,
4421,AF005,Pelabuhan Pomalaa/Dawi-dawi,2026-10-05 12:00:00,2026-10-06,2026-10-09,2026-10-06 02:00:00,Berawan Tebal,10.0,30.0,49.0,Barat,7.0,,Tenang,0.1,Barat Daya,0.72,0.16,2026-10-06 15:00:55,26.736842105263158,75.3157894736842,6.631578947368421,,0.45789473684210524,0.9563157894736843,,,,
4422,AF005,Pelabuhan Pomalaa/Dawi-dawi,2026-10-05 12:00:00,2026-10-06,2026-10-09,2026-10-06 03:00:00,Berawan,10.0,29.0,61.0,Barat,7.0,13.0,Tenang,0.1,Barat,0.77,-0.27,2026-10-06 15:00:55,26.842105263157894,74.84210526315789,6.631578947368421,18.05263157894737,0.46315789473684216,0.9863157894736841,,,,
4423,AF005,Pelabuhan Pomalaa/Dawi-dawi,2026-10-05 12:00:00,2026-10-06,2026-10-09,2026-10-06 04:00:00,Berawan Tebal,10.0,30.0,60.0,Barat,7.0,,Tenang,0.1,Barat,0.77,-0.58,2026-10-06 15:00:55,27.157894736842106,74.36842105263158,6.631578947368421,,0.46842105263157896,1.0036842105263157,,,,
4424,AF005,Pelabuhan Pomalaa/Dawi-dawi,2026-10-05 12:00:00,2026-10-06,2026-10-09,2026-10-06 05:00:00,Berawan Tebal,10.0,30.0,62.0,Barat Daya,10.0,,Tenang,0.1,Barat,0.69,-0.89,2026-10-06 15:00:55,27.68421052631579,73.78947368421052,7.7368421052631575,,0.4842105263157894,1.0110526315789474,,,,
4425,AF005,Pelabuhan Pomalaa/Dawi-dawi,2026-10-05 12:00:00,2026-10-06,2026-10-09,2026-10-06 06:00:00,Berawan Tebal,10.0,30.0,61.0,Barat Daya,10.0,20.0,Tenang,0.1,Timur Laut,0.7,-1.13,2026-10-06 15:00:55,28.157894736842106,73.05263157894737,7.7368421052631575,20.157894736842106,0.5,1.0089473684210528,,,,
4426,AF005,Pelabuhan Pomalaa/Dawi-dawi,2026-10-05 12:00:00,2026-10-06,2026-10-09,2026-10-06 07:00:00,Berawan Tebal,10.0,29.0,62.0,Barat Daya,10.0,,Tenang,0.1,Timur Laut,0.73,-1.23,2026-10-06 15:00:55,27.94736842105263,72.84210526315789,7.7368421052631575,,0.5157894736842106,1.0057894736842106,,,,
4427,AF005,Pelabuhan Pomalaa/Dawi-dawi,2026-10-05 12:00:00,2026-10-06,2026-10-09,2026-10-06 08:00:00,Berawan Tebal,10.0,28.0,65.0,Barat,2.0,,Tenang,0.1,Timur Laut,0.73,-1.17,2026-10-06 15:00:55,27.842105263157894,72.6842105263158,8.631578947368421,,0.5368421052631579,1.0005263157894737,,,,
4428,AF005,Pelabuhan Pomalaa/Dawi-dawi,2026-10-05 12:00:00,2026-10-06,2026-10-09,2026-10-06 09:00:00,Cerah Berawan,10.0,28.0,66.0,Barat,2.0,19.0,Tenang,0.1,Timur Laut,0.73,-0.87,2026-10-06 15:00:55,27.63157894736842,72.94736842105263,8.631578947368421,19.736842105263158,0.5473684210526316,0.9957894736842107,,,,
4429,AF005,Pelabuhan Pomalaa/Dawi-dawi,2026-10-05 12:00:00,2026-10-06,2026-10-09,2026-10-06 10:00:00,Cerah,10.0,27.0,67.0,Barat,2.0,,Tenang,0.1,Timur Laut,0.71,-0.42,2026-10-06 15:00:55,27.105263157894736,74.6842105263158,8.631578947368421,,0.5842105263157894,0.9852631578947367,,,,
4430,AF005,Pelabuhan Pomalaa/Dawi-dawi,2026-10-05 12:00:00,2026-10-06,2026-10-09,2026-10-06 11:00:00,Cerah,10.0,26.0,71.0,Timur Laut,3.0,,Tenang,0.1,Timur Laut,0.67,-0.12,2026-10-06 15:00:55,26.842105263157894,76.84210526315789,8.631578947368421,,0.6052631578947368,0.9647368421052632,,,,
4431,AF005,Pelabuhan Pomalaa/Dawi-dawi,2026-10-05 12:00:00,2026-10-06,2026-10-09,2026-10-06 12:00:00,Cerah,10.0,26.0,71.0,Timur Laut,3.0,9.0,Tenang,0.1,Utara,0.63,0.23,2026-10-06 15:00:55,26.473684210526315,78.05263157894737,8.631578947368421,17.789473684210527,0.6,0.9352631578947368,,,,
4432,AF005,Pelabuhan Pomalaa/Dawi-dawi,2026-10-05 12:00:00,2026-10-06,2026-10-09,2026-10-06 13:00:00,Cerah,10.0,26.0,72.0,Timur Laut,3.0,,Tenang,0.1,Barat,0.61,0.48,2026-10-06 15:00:55,26.36842105263158,78.73684210526316,8.631578947368421,,0.5684210526315789,0.898421052631579,,,,
4433,AF005,Pelabuhan Pomalaa/Dawi-dawi,2026-10-05 12:00:00,2026-10-06,2026-10-09,2026-10-06 14:00:00,Cerah,10.0,26.0,76.0,Timur,7.0,,Tenang,0.1,Barat,0.63,0.47,2026-10-06 15:00:55,26.210526315789473,79.6842105263158,7.157894736842105,,0.531578947368421,0.8668421052631579,,,,
4434,AF005,Pelabuhan Pomalaa/Dawi-dawi,2026-10-05 12:00:00,2026-10-06,2026-10-09,2026-10-06 15:00:00,Cerah Berawan,10.0,26.0,77.0,Timur,7.0,13.0,Tenang,0.1,Barat Daya,0.65,0.38,2026-10-06 15:00:55,26.0,80.6842105263158,7.157894736842105,15.68421052631579,0.5052631578947369,0.865263157894737,23.363636363636363,0.0,6.942424242424242,88.18181818181819
4435,AF005,Pelabuhan Pomalaa/Dawi-dawi,2026-10-05 12:00:00,2026-10-06,2026-10-09,2026-10-06 16:00:00,Cerah Berawan,10.0,26.0,77.0,Timur,7.0,,Tenang,0.1,Barat Daya,0.64,0.12,2026-10-06 15:00:55,25.68421052631579,81.52631578947368,7.157894736842105,,0.46842105263157896,0.871578947368421,23.0,0.0,4.9,94.0
4436,AF005,Pelabuhan Pomalaa/Dawi-dawi,2026-10-05 12:00:00,2026-10-06,2026-10-09,2026-10-06 17:00:00,Cerah,10.0,25.0,77.0,Timur,7.0,,Tenang,0.1,Barat Daya,0.65,-0.18,2026-10-06 15:00:55,25.473684210526315,82.21052631578948,5.526315789473684,,0.4263157894736842,0.8736842105263158,,,,
4437,AF005,Pelabuhan Pomalaa/Dawi-dawi,2026-10-05 12:00:00,2026-10-06,2026-10-09,2026-10-06 18:00:00,Cerah Berawan,10.0,24.0,77.0,Timur,7.0,14.0,Tenang,0.1,Barat,0.66,-0.4,2026-10-06 15:00:55,25.263157894736842,82.89473684210526,5.526315789473684,13.68421052631579,0.4105263157894737,0.8757894736842106,22.696969696969695,0.0,5.718181818181818,90.42424242424242
4438,AF005,Pelabuhan Pomalaa/Dawi-dawi,2026-10-05 12:00:00,2026-10-06,2026-10-09,2026-10-06 19:00:00,Berawan,10.0,24.0,78.0,Timur,7.0,,Tenang,0.1,Barat Laut,0.66,-0.5,2026-10-06 15:00:55,25.105263157894736,83.47368421052632,5.526315789473684,,0.4052631578947368,0.8721052631578947,22.0,0.0,5.6,97.0
4439,AF005,Pelabuhan Pomalaa/Dawi-dawi,2026-10-05 12:00:00,2026-10-06,2026-10-09,2026-10-06 20:00:00,Cerah Berawan,10.0,24.0,79.0,Timur,7.0,,Tenang,0.1,Barat Laut,0.66,-0.52,2026-10-06 15:00:55,24.94736842105263,84.3157894736842,5.7368421052631575,,0.41578947368421054,0.8663157894736843,,,,
4440,AF005,Pelabuhan Pomalaa/Dawi-dawi,2026-10-05 12:00:00,2026-10-06,2026-10-09,2026-10-06 21:00:00,Cerah Berawan,10.0,24.0,78.0,Timur,7.0,13.0,Tenang,0.1,Barat Laut,0.65,-0.33,2026-10-06 15:00:55,24.842105263157894,84.84210526315789,5.7368421052631575,12.052631578947368,0.4105263157894737,0.8657894736842104,22.393939393939394,0.0,5.636363636363637,90.60606060606061
4441,AF005,Pelabuhan Pomalaa/Dawi-dawi,2026-10-05 12:00:00,2026-10-06,2026-10-09,2026-10-06 22:00:00,Berawan,10.0,24.0,76.0,Timur,7.0,,Tenang,0.1,Barat Laut,0.63,-0.15,2026-10-06 15:00:55,25.0,85.26315789473684,5.7368421052631575,,0.4263157894736842,0.8689473684210527,25.0,0.0,7.1,87.0
4442,AF005,Pelabuhan Pomalaa/Dawi-dawi,2026-10-05 12:00:00,2026-10-06,2026-10-09,2026-10-06 23:00:00,Berawan Tebal,10.0,26.0,66.0,Timur Laut,5.0,,Tenang,0.1,Barat Laut,0.6,0.05,2026-10-06 15:00:55,25.42105263157895,82.52631578947368,5.526315789473684,,0.46315789473684216,0.868421052631579,,,,
4443,AF006,Pelabuhan Raha,2026-10-05 12:00:00,2026-10-06,2026-10-09,2026-10-06 00:00:00,Berawan,10.0,27.0,73.0,Timur,4.0,9.0,Tenang,0.1,Barat Daya,0.64,0.55,2026-10-06 15:00:55,26.05263157894737,79.0,5.421052631578948,14.473684210526315,0.431578947368421,0.8831578947368421,,,,
4444,AF006,Pelabuhan Raha,2026-10-05 12:00:00,2026-10-06,2026-10-09,2026-10-06 01:00:00,Berawan,10.0,29.0,61.0,Timur,4.0,,Tenang,0.1,Barat,0.66,0.5,2026-10-06 15:00:55,26.57894736842105,76.26315789473684,5.421052631578948,,0.4473684210526316,0.911578947368421,,,,
4445,AF006,Pelabuhan Raha,2026-10-05 12:00:00,2026-10-06,2026-10-09,2026-10-06 02:00:00,Cerah Berawan,10.0,30.0,55.0,Timur,6.0,,Tenang,0.1,Barat,0.71,0.29,2026-10-06 15:00:55,26.736842105263158,75.3157894736842,6.631578947368421,,0.45789473684210524,0.9563157894736843,,,,
4446,AF006,Pelabuhan Raha,2026-10-05 12:00:00,2026-10-06,2026-10-09,2026-10-06 03:00:00,Berawan Tebal,10.0,31.0,50.0,Timur,6.0,15.0,Tenang,0.1,Barat Laut,0.75,-0.08,2026-10-06 15:00:55,26.842105263157894,74.84210526315789,6.631578947368421,18.05263157894737,0.46315789473684216,0.9863157894736841,,,,
4447,AF006,Pelabuhan Raha,2026-10-05 12:00:00,2026-10-06,2026-10-09,2026-10-06 04:00:00,Berawan Tebal,10.0,32.0,49.0,Timur,6.0,,Tenang,0.1,Barat Laut,0.79,-0.46,2026-10-06 15:00:55,27.157894736842106,74.36842105263158,6.631578947368421,,0.46842105263157896,1.0036842105263157,,,,
4448,AF006,Pelabuhan Raha,2026-10-05 12:00:00,2026-10-06,2026-10-09,2026-10-06 05:00:00,Berawan Tebal,10.0,32.0,47.0,Timur,6.0,,Tenang,0.1,Barat Laut,0.85,-0.87,2026-10-06 15:00:55,27.68421052631579,73.78947368421052,7.7368421052631575,,0.4842105263157894,1.0110526315789474,,,,
4449,AF006,Pelabuhan Raha,2026-10-05 12:00:00,2026-10-06,2026-10-09,2026-10-06 06:00:00,Berawan Tebal,10.0,32.0,48.0,Timur,6.0,17.0,Tenang,0.1,Barat Laut,0.84,-1.16,2026-10-06 15:00:55,28.157894736842106,73.05263157894737,7.7368421052631575,20.157894736842106,0.5,1.0089473684210528,,,,
4450,AF006,Pelabuhan Raha,2026-10-05 12:00:00,2026-10-06,2026-10-09,2026-10-06 07:00:00,Berawan Tebal,10.0,31.0,49.0,Timur,6.0,,Tenang,0.1,Barat Laut,0.8,-1.33,2026-10-06 15:00:55,27.94736842105263,72.84210526315789,7.7368421052631575,,0.5157894736842106,1.0057894736842106,,,,
4451,AF006,Pelabuhan Raha,2026-10-05 12:00:00,2026-10-06,2026-10-09,2026-10-06 08:00:00,Cerah,10.0,30.0,54.0,Timur,8.0,,Tenang,0.1,Barat,0.77,-1.29,2026-10-06 15:00:55,27.842105263157894,72.6842105263158,8.631578947368421,,0.5368421052631579,1.0005263157894737,,,,
4452,AF006,Pelabuhan Raha,2026-10-05 12:00:00,2026-10-06,2026-10-09,2026-10-06 09:00:00,Cerah,10.0,29.0,60.0,Timur,8.0,18.0,Tenang,0.1,Barat,0.75,-1.12,2026-10-06 15:00:55,27.63157894736842,72.94736842105263,8.631578947368421,19.736842105263158,0.5473684210526316,0.9957894736842107,,,,
4453,AF006,Pelabuhan Raha,2026-10-05 12:00:00,2026-10-06,2026-10-09,2026-10-06 10:00:00,Cerah,10.0,27.0,69.0,Timur,8.0,,Tenang,0.1,Barat,0.72,-0.74,2026-10-06 15:00:55,27.105263157894736,74.6842105263158,8.631578947368421,,0.5842105263157894,0.9852631578947367,,,,
4454,AF006,Pelabuhan Raha,2026-10-05 12:00:00,2026-10-06,2026-10-09,2026-10-06 11:00:00,Cerah,10.0,26.0,78.0,Timur,6.0,,Tenang,0.1,Barat,0.71,-0.31,2026-10-06 15:00:55,26.842105263157894,76.84210526315789,8.631578947368421,,0.6052631578947368,0.9647368421052632,,,,
4455,AF006,Pelabuhan Raha,2026-10-05 12:00:00,2026-10-06,2026-10-09,2026-10-06 12:00:00,Cerah,10.0,25.0,82.0,Timur,6.0,17.0,Tenang,0.1,Barat,0.68,0.09,2026-10-06 15:00:55,26.473684210526315,78.05263157894737,8.631578947368421,17.789473684210527,0.6,0.9352631578947368,,,,
4456,AF006,Pelabuhan Raha,2026-10-05 12:00:00,2026-10-06,2026-10-09,2026-10-06 13:00:00,Cerah Berawan,10.0,25.0,82.0,Timur,6.0,,Tenang,0.1,Barat,0.65,0.4,2026-10-06 15:00:55,26.36842105263158,78.73684210526316,8.631578947368421,,0.5684210526315789,0.898421052631579,,,,
4457,AF006,Pelabuhan Raha,2026-10-05 12:00:00,2026-10-06,2026-10-09,2026-10-06 14:00:00,Berawan,10.0,25.0,83.0,Timur,4.0,,Tenang,0.1,Barat,0.64,0.56,2026-10-06 15:00:55,26.210526315789473,79.6842105263158,7.157894736842105,,0.531578947368421,0.8668421052631579,,,,
4458,AF006,Pelabuhan Raha,2026-10-05 12:00:00,2026-10-06,2026-10-09,2026-10-06 15:00:00,Cerah Berawan,10.0,25.0,85.0,Timur,4.0,10.0,Tenang,0.1,Barat Laut,0.64,0.49,2026-10-06 15:00:55,26.0,80.6842105263158,7.157894736842105,15.68421052631579,0.5052631578947369,0.865263157894737,23.363636363636363,0.0,6.942424242424242,88.18181818181819
4459,AF006,Pelabuhan Raha,2026-10-05 12:00:00,2026-10-06,2026-10-09,2026-10-06 16:00:00,Cerah Berawan,10.0,24.0,88.0,Timur,4.0,,Tenang,0.1,Barat Laut,0.62,0.27,2026-10-06 15:00:55,25.68421052631579,81.52631578947368,7.157894736842105,,0.46842105263157896,0.871578947368421,23.0,0.0,4.9,94.0
4460,AF006,Pelabuhan Raha,2026-10-05 12:00:00,2026-10-06,2026-10-09,2026-10-06 17:00:00,Cerah,10.0,24.0,90.0,Timur Laut,2.0,,Tenang,0.1,Utara,0.63,-0.04,2026-10-06 15:00:55,25.473684210526315,82.21052631578948,5.526315789473684,,0.4263157894736842,0.8736842105263158,,,,
4461,AF006,Pelabuhan Raha,2026-10-05 12:00:00,2026-10-06,2026-10-09,2026-10-06 18:00:00,Cerah,10.0,24.0,90.0,Timur Laut,2.0,4.0,Tenang,0.1,Barat Laut,0.59,-0.29,2026-10-06 15:00:55,25.263157894736842,82.89473684210526,5.526315789473684,13.68421052631579,0.4105263157894737,0.8757894736842106,22.696969696969695,0.0,5.718181818181818,90.42424242424242
4462,AF006,Pelabuhan Raha,2026-10-05 12:00:00,2026-10-06,2026-10-09,2026-10-06 19:00:00,Cerah Berawan,10.0,24.0,90.0,Timur Laut,2.0,,Tenang,0.1,Utara,0.6,-0.52,2026-10-06 15:00:55,25.105263157894736,83.47368421052632,5.526315789473684,,0.4052631578947368,0.8721052631578947,22.0,0.0,5.6,97.0
4463,AF006,Pelabuhan Raha,2026-10-05 12:00:00,2026-10-06,2026-10-09,2026-10-06 20:00:00,Cerah Berawan,10.0,24.0,90.0,Timur Laut,2.0,,Tenang,0.1,Timur,0.59,-0.58,2026-10-06 15:00:55,24.94736842105263,84.3157894736842,5.7368421052631575,,0.41578947368421054,0.8663157894736843,,,,
4464,AF006,Pelabuhan Raha,2026-10-05 12:00:00,2026-10-06,2026-10-09,2026-10-06 21:00:00,Cerah Berawan,10.0,23.0,92.0,Timur Laut,2.0,3.0,Tenang,0.1,Selatan,0.63,-0.57,2026-10-06 15:00:55,24.842105263157894,84.84210526315789,5.7368421052631575,12.052631578947368,0.4105263157894737,0.8657894736842104,22.393939393939394,0.0,5.636363636363637,90.60606060606061
4465,AF006,Pelabuhan Raha,2026-10-05 12:00:00,2026-10-06,2026-10-09,2026-10-06 22:00:00,Cerah Berawan,10.0,24.0,91.0,Timur Laut,2.0,,Tenang,0.1,Selatan,0.65,-0.38,2026-10-06 15:00:55,25.0,85.26315789473684,5.7368421052631575,,0.4263157894736842,0.8689473684210527,25.0,0.0,7.1,87.0
4466,AF006,Pelabuhan Raha,2026-10-05 12:00:00,2026-10-06,2026-10-09,2026-10-06 23:00:00,Cerah Berawan,10.0,26.0,80.0,Timur,4.0,,Tenang,0.1,Selatan,0.65,-0.08,2026-10-06 15:00:55,25.42105263157895,82.52631578947368,5.526315789473684,,0.46315789473684216,0.868421052631579,,,,
4467,AF007,Pelabuhan Tampo,2026-10-05 12:00:00,2026-10-06,2026-10-09,2026-10-06 00:00:00,Berawan Tebal,7.0,25.0,86.0,Utara,3.0,8.0,Tenang,0.1,Barat,0.65,0.53,2026-10-06 15:00:55,26.05263157894737,79.0,5.421052631578948,14.473684210526315,0.431578947368421,0.8831578947368421,,,,
4468,AF007,Pelabuhan Tampo,2026-10-05 12:00:00,2026-10-06,2026-10-09,2026-10-06 01:00:00,Berawan,7.0,26.0,81.0,Utara,3.0,,Tenang,0.1,Selatan,0.63,0.49,2026-10-06 15:00:55,26.57894736842105,76.26315789473684,5.421052631578948,,0.4473684210526316,0.911578947368421,,,,
4469,AF007,Pelabuhan Tampo,2026-10-05 12:00:00,2026-10-06,2026-10-09,2026-10-06 02:00:00,Cerah Berawan,10.0,27.0,75.0,Barat Laut,5.0,,Tenang,0.1,Selatan,0.66,0.28,2026-10-06 15:00:55,26.736842105263158,75.3157894736842,6.631578947368421,,0.45789473684210524,0.9563157894736843,,,,
4470,AF007,Pelabuhan Tampo,2026-10-05 12:00:00,2026-10-06,2026-10-09,2026-10-06 03:00:00,Berawan,10.0,29.0,67.0,Barat Laut,5.0,9.0,Tenang,0.1,Selatan,0.71,-0.08,2026-10-06 15:00:55,26.842105263157894,74.84210526315789,6.631578947368421,18.05263157894737,0.46315789473684216,0.9863157894736841,,,,
4471,AF007,Pelabuhan Tampo,2026-10-05 12:00:00,2026-10-06,2026-10-09,2026-10-06 04:00:00,Berawan Tebal,10.0,30.0,68.0,Barat Laut,5.0,,Tenang,0.2,Barat Daya,0.73,-0.49,2026-10-06 15:00:55,27.157894736842106,74.36842105263158,6.631578947368421,,0.46842105263157896,1.0036842105263157,,,,
4472,AF007,Pelabuhan Tampo,2026-10-05 12:00:00,2026-10-06,2026-10-09,2026-10-06 05:00:00,Berawan Tebal,10.0,30.0,64.0,Timur,6.0,,Tenang,0.2,Barat Daya,0.71,-0.9,2026-10-06 15:00:55,27.68421052631579,73.78947368421052,7.7368421052631575,,0.4842105263157894,1.0110526315789474,,,,
4473,AF007,Pelabuhan Tampo,2026-10-05 12:00:00,2026-10-06,2026-10-09,2026-10-06 06:00:00,Berawan Tebal,10.0,31.0,55.0,Timur,6.0,11.0,Tenang,0.3,Barat Daya,0.74,-1.15,2026-10-06 15:00:55,28.157894736842106,73.05263157894737,7.7368421052631575,20.157894736842106,0.5,1.0089473684210528,,,,
4474,AF007,Pelabuhan Tampo,2026-10-05 12:00:00,2026-10-06,2026-10-09,2026-10-06 07:00:00,Berawan,10.0,31.0,51.0,Timur,6.0,,Tenang,0.3,Barat,0.79,-1.29,2026-10-06 15:00:55,27.94736842105263,72.84210526315789,7.7368421052631575,,0.5157894736842106,1.0057894736842106,,,,
4475,AF007,Pelabuhan Tampo,2026-10-05 12:00:00,2026-10-06,2026-10-09,2026-10-06 08:00:00,Cerah,10.0,30.0,53.0,Timur,9.0,,Tenang,0.3,Barat,0.87,-1.27,2026-10-06 15:00:55,27.842105263157894,72.6842105263158,8.631578947368421,,0.5368421052631579,1.0005263157894737,,,,
4476,AF007,Pelabuhan Tampo,2026-10-05 12:00:00,2026-10-06,2026-10-09,2026-10-06 09:00:00,Cerah,10.0,30.0,58.0,Timur,9.0,17.0,Tenang,0.3,Barat,0.92,-1.09,2026-10-06 15:00:55,27.63157894736842,72.94736842105263,8.631578947368421,19.736842105263158,0.5473684210526316,0.9957894736842107,,,,
4477,AF007,Pelabuhan Tampo,2026-10-05 12:00:00,2026-10-06,2026-10-09,2026-10-06 10:00:00,Cerah,10.0,28.0,64.0,Timur,9.0,,Tenang,0.2,Barat Laut,0.95,-0.71,2026-10-06 15:00:55,27.105263157894736,74.6842105263158,8.631578947368421,,0.5842105263157894,0.9852631578947367,,,,
4478,AF007,Pelabuhan Tampo,2026-10-05 12:00:00,2026-10-06,2026-10-09,2026-10-06 11:00:00,Cerah,10.0,27.0,71.0,Timur,8.0,,Tenang,0.1,Barat Laut,0.89,-0.28,2026-10-06 15:00:55,26.842105263157894,76.84210526315789,8.631578947368421,,0.6052631578947368,0.9647368421052632,,,,
4479,AF007,Pelabuhan Tampo,2026-10-05 12:00:00,2026-10-06,2026-10-09,2026-10-06 12:00:00,Cerah,10.0,26.0,76.0,Timur,8.0,16.0,Tenang,0.1,Barat,0.78,0.11,2026-10-06 15:00:55,26.473684210526315,78.05263157894737,8.631578947368421,17.789473684210527,0.6,0.9352631578947368,,,,
4480,AF007,Pelabuhan Tampo,2026-10-05 12:00:00,2026-10-06,2026-10-09,2026-10-06 13:00:00,Cerah Berawan,10.0,26.0,79.0,Timur,8.0,,Tenang,0.1,Barat,0.67,0.4,2026-10-06 15:00:55,26.36842105263158,78.73684210526316,8.631578947368421,,0.5684210526315789,0.898421052631579,,,,
4481,AF007,Pelabuhan Tampo,2026-10-05 12:00:00,2026-10-06,2026-10-09,2026-10-06 14:00:00,Berawan,10.0,25.0,82.0,Timur,6.0,,Tenang,0.1,Selatan,0.66,0.51,2026-10-06 15:00:55,26.210526315789473,79.6842105263158,7.157894736842105,,0.531578947368421,0.8668421052631579,,,,
4482,AF007,Pelabuhan Tampo,2026-10-05 12:00:00,2026-10-06,2026-10-09,2026-10-06 15:00:00,Cerah Berawan,10.0,25.0,84.0,Timur,6.0,13.0,Tenang,0.1,Tenggara,0.69,0.42,2026-10-06 15:00:55,26.0,80.6842105263158,7.157894736842105,15.68421052631579,0.5052631578947369,0.865263157894737,23.363636363636363,0.0,6.942424242424242,88.18181818181819
4483,AF007,Pelabuhan Tampo,2026-10-05 12:00:00,2026-10-06,2026-10-09,2026-10-06 16:00:00,Cerah Berawan,10.0,25.0,86.0,Timur,6.0,,Tenang,0.1,Tenggara,0.67,0.23,2026-10-06 15:00:55,25.68421052631579,81.52631578947368,7.157894736842105,,0.46842105263157896,0.871578947368421,23.0,0.0,4.9,94.0
4484,AF007,Pelabuhan Tampo,2026-10-05 12:00:00,2026-10-06,2026-10-09,2026-10-06 17:00:00,Cerah,10.0,25.0,88.0,Timur Laut,3.0,,Tenang,0.1,Tenggara,0.62,-0.05,2026-10-06 15:00:55,25.473684210526315,82.21052631578948,5.526315789473684,,0.4263157894736842,0.8736842105263158,,,,
4485,AF007,Pelabuhan Tampo,2026-10-05 12:00:00,2026-10-06,2026-10-09,2026-10-06 18:00:00,Cerah,10.0,24.0,92.0,Timur Laut,3.0,7.0,Tenang,0.1,Barat,0.6,-0.29,2026-10-06 15:00:55,25.263157894736842,82.89473684210526,5.526315789473684,13.68421052631579,0.4105263157894737,0.8757894736842106,22.696969696969695,0.0,5.718181818181818,90.42424242424242
4486,AF007,Pelabuhan Tampo,2026-10-05 12:00:00,2026-10-06,2026-10-09,2026-10-06 19:00:00,Cerah Berawan,10.0,24.0,95.0,Timur Laut,3.0,,Tenang,0.1,Barat Laut,0.68,-0.51,2026-10-06 15:00:55,25.105263157894736,83.47368421052632,5.526315789473684,,0.4052631578947368,0.8721052631578947,22.0,0.0,5.6,97.0
4487,AF007,Pelabuhan Tampo,2026-10-05 12:00:00,2026-10-06,2026-10-09,2026-10-06 20:00:00,Cerah Berawan,7.0,24.0,96.0,Timur Laut,2.0,,Tenang,0.1,Barat Laut,0.75,-0.58,2026-10-06 15:00:55,24.94736842105263,84.3157894736842,5.7368421052631575,,0.41578947368421054,0.8663157894736843,,,,
4488,AF007,Pelabuhan Tampo,2026-10-05 12:00:00,2026-10-06,2026-10-09,2026-10-06 21:00:00,Cerah Berawan,7.0,24.0,95.0,Timur Laut,2.0,7.0,Tenang,0.1,Barat Laut,0.82,-0.55,2026-10-06 15:00:55,24.842105263157894,84.84210526315789,5.7368421052631575,12.052631578947368,0.4105263157894737,0.8657894736842104,22.393939393939394,0.0,5.636363636363637,90.60606060606061
4489,AF007,Pelabuhan Tampo,2026-10-05 12:00:00,2026-10-06,2026-10-09,2026-10-06 22:00:00,Cerah Berawan,7.0,24.0,92.0,Timur Laut,2.0,,Tenang,0.1,Barat Laut,0.85,-0.36,2026-10-06 15:00:55,25.0,85.26315789473684,5.7368421052631575,,0.4263157894736842,0.8689473684210527,25.0,0.0,7.1,87.0
4490,AF007,Pelabuhan Tampo,2026-10-05 12:00:00,2026-10-06,2026-10-09,2026-10-06 23:00:00,Berawan,10.0,25.0,85.0,Timur Laut,2.0,,Tenang,0.1,Barat Laut,0.84,-0.09,2026-10-06 15:00:55,25.42105263157895,82.52631578947368,5.526315789473684,,0.46315789473684216,0.868421052631579,,,,
4491,AF008,Pelabuhan Pure,2026-10-05 12:00:00,2026-10-06,2026-10-09,2026-10-06 00:00:00,Berawan,10.0,26.0,75.0,Timur,3.0,12.0,Tenang,0.1,Selatan,0.66,0.56,2026-10-06 15:00:55,26.05263157894737,79.0,5.421052631578948,14.473684210526315,0.431578947368421,0.8831578947368421,,,,
4492,AF008,Pelabuhan Pure,2026-10-05 12:00:00,2026-10-06,2026-10-09,2026-10-06 01:00:00,Berawan,10.0,28.0,66.0,Timur,3.0,,Tenang,0.1,Barat Daya,0.67,0.51,2026-10-06 15:00:55,26.57894736842105,76.26315789473684,5.421052631578948,,0.4473684210526316,0.911578947368421,,,,
4493,AF008,Pelabuhan Pure,2026-10-05 12:00:00,2026-10-06,2026-10-09,2026-10-06 02:00:00,Cerah Berawan,10.0,28.0,65.0,Timur,6.0,,Tenang,0.1,Barat,0.7,0.31,2026-10-06 15:00:55,26.736842105263158,75.3157894736842,6.631578947368421,,0.45789473684210524,0.9563157894736843,,,,
4494,AF008,Pelabuhan Pure,2026-10-05 12:00:00,2026-10-06,2026-10-09,2026-10-06 03:00:00,Berawan Tebal,10.0,29.0,62.0,Timur,6.0,17.0,Tenang,0.1,Barat Laut,0.75,-0.07,2026-10-06 15:00:55,26.842105263157894,74.84210526315789,6.631578947368421,18.05263157894737,0.46315789473684216,0.9863157894736841,,,,
4495,AF008,Pelabuhan Pure,2026-10-05 12:00:00,2026-10-06,2026-10-09,2026-10-06 04:00:00,Berawan Tebal,10.0,29.0,61.0,Timur,6.0,,Tenang,0.1,Barat Laut,0.81,-0.46,2026-10-06 15:00:55,27.157894736842106,74.36842105263158,6.631578947368421,,0.46842105263157896,1.0036842105263157,,,,
4496,AF008,Pelabuhan Pure,2026-10-05 12:00:00,2026-10-06,2026-10-09,2026-10-06 05:00:00,Berawan Tebal,10.0,30.0,59.0,Timur,6.0,,Tenang,0.1,Barat Laut,0.87,-0.89,2026-10-06 15:00:55,27.68421052631579,73.78947368421052,7.7368421052631575,,0.4842105263157894,1.0110526315789474,,,,
4497,AF008,Pelabuhan Pure,2026-10-05 12:00:00,2026-10-06,2026-10-09,2026-10-06 06:00:00,Berawan Tebal,10.0,30.0,59.0,Timur,6.0,19.0,Tenang,0.1,Barat Laut,0.91,-1.17,2026-10-06 15:00:55,28.157894736842106,73.05263157894737,7.7368421052631575,20.157894736842106,0.5,1.0089473684210528,,,,
4498,AF008,Pelabuhan Pure,2026-10-05 12:00:00,2026-10-06,2026-10-09,2026-10-06 07:00:00,Berawan Tebal,10.0,29.0,61.0,Timur,6.0,,Tenang,0.1,Barat Laut,0.85,-1.35,2026-10-06 15:00:55,27.94736842105263,72.84210526315789,7.7368421052631575,,0.5157894736842106,1.0057894736842106,,,,
4499,AF008,Pelabuhan Pure,2026-10-05 12:00:00,2026-10-06,2026-10-09,2026-10-06 08:00:00,Cerah,10.0,29.0,65.0,Timur,7.0,,Tenang,0.1,Barat Laut,0.8,-1.32,2026-10-06 15:00:55,27.842105263157894,72.6842105263158,8.631578947368421,,0.5368421052631579,1.0005263157894737,,,,
4500,AF008,Pelabuhan Pure,2026-10-05 12:00:00,2026-10-06,2026-10-09,2026-10-06 09:00:00,Cerah,10.0,28.0,70.0,Timur,7.0,19.0,Tenang,0.1,Barat,0.77,-1.13,2026-10-06 15:00:55,27.63157894736842,72.94736842105263,8.631578947368421,19.736842105263158,0.5473684210526316,0.9957894736842107,,,,
4501,AF008,Pelabuhan Pure,2026-10-05 12:00:00,2026-10-06,2026-10-09,2026-10-06 10:00:00,Cerah,10.0,26.0,79.0,Timur,7.0,,Tenang,0.1,Barat Laut,0.75,-0.75,2026-10-06 15:00:55,27.105263157894736,74.6842105263158,8.631578947368421,,0.5842105263157894,0.9852631578947367,,,,
4502,AF008,Pelabuhan Pure,2026-10-05 12:00:00,2026-10-06,2026-10-09,2026-10-06 11:00:00,Cerah,10.0,25.0,86.0,Timur,6.0,,Tenang,0.1,Barat,0.7,-0.32,2026-10-06 15:00:55,26.842105263157894,76.84210526315789,8.631578947368421,,0.6052631578947368,0.9647368421052632,,,,
4503,AF008,Pelabuhan Pure,2026-10-05 12:00:00,2026-10-06,2026-10-09,2026-10-06 12:00:00,Cerah,10.0,24.0,86.0,Timur,6.0,14.0,Tenang,0.1,Barat Daya,0.74,0.09,2026-10-06 15:00:55,26.473684210526315,78.05263157894737,8.631578947368421,17.789473684210527,0.6,0.9352631578947368,,,,
4504,AF008,Pelabuhan Pure,2026-10-05 12:00:00,2026-10-06,2026-10-09,2026-10-06 13:00:00,Cerah Berawan,10.0,24.0,86.0,Timur,6.0,,Tenang,0.1,Selatan,0.73,0.41,2026-10-06 15:00:55,26.36842105263158,78.73684210526316,8.631578947368421,,0.5684210526315789,0.898421052631579,,,,
4505,AF008,Pelabuhan Pure,2026-10-05 12:00:00,2026-10-06,2026-10-09,2026-10-06 14:00:00,Berawan,10.0,24.0,86.0,Timur,4.0,,Tenang,0.1,Selatan,0.67,0.55,2026-10-06 15:00:55,26.210526315789473,79.6842105263158,7.157894736842105,,0.531578947368421,0.8668421052631579,,,,
4506,AF008,Pelabuhan Pure,2026-10-05 12:00:00,2026-10-06,2026-10-09,2026-10-06 15:00:00,Cerah Berawan,10.0,24.0,88.0,Timur,4.0,7.0,Tenang,0.1,Barat Daya,0.62,0.5,2026-10-06 15:00:55,26.0,80.6842105263158,7.157894736842105,15.68421052631579,0.5052631578947369,0.865263157894737,23.363636363636363,0.0,6.942424242424242,88.18181818181819
4507,AF008,Pelabuhan Pure,2026-10-05 12:00:00,2026-10-06,2026-10-09,2026-10-06 16:00:00,Cerah Berawan,10.0,24.0,91.0,Timur,4.0,,Tenang,0.1,Barat Daya,0.61,0.27,2026-10-06 15:00:55,25.68421052631579,81.52631578947368,7.157894736842105,,0.46842105263157896,0.871578947368421,23.0,0.0,4.9,94.0
4508,AF008,Pelabuhan Pure,2026-10-05 12:00:00,2026-10-06,2026-10-09,2026-10-06 17:00:00,Cerah,10.0,23.0,93.0,Timur,3.0,,Tenang,0.1,Barat Daya,0.61,-0.04,2026-10-06 15:00:55,25.473684210526315,82.21052631578948,5.526315789473684,,0.4263157894736842,0.8736842105263158,,,,
4509,AF008,Pelabuhan Pure,2026-10-05 12:00:00,2026-10-06,2026-10-09,2026-10-06 18:00:00,Cerah Berawan,10.0,23.0,93.0,Timur,3.0,7.0,Tenang,0.1,Barat Daya,0.63,-0.3,2026-10-06 15:00:55,25.263157894736842,82.89473684210526,5.526315789473684,13.68421052631579,0.4105263157894737,0.8757894736842106,22.696969696969695,0.0,5.718181818181818,90.42424242424242
4510,AF008,Pelabuhan Pure,2026-10-05 12:00:00,2026-10-06,2026-10-09,2026-10-06 19:00:00,Cerah Berawan,10.0,23.0,94.0,Timur,3.0,,Tenang,0.1,Selatan,0.69,-0.52,2026-10-06 15:00:55,25.105263157894736,83.47368421052632,5.526315789473684,,0.4052631578947368,0.8721052631578947,22.0,0.0,5.6,97.0
4511,AF008,Pelabuhan Pure,2026-10-05 12:00:00,2026-10-06,2026-10-09,2026-10-06 20:00:00,Cerah Berawan,10.0,23.0,94.0,Timur,3.0,,Tenang,0.1,Selatan,0.74,-0.58,2026-10-06 15:00:55,24.94736842105263,84.3157894736842,5.7368421052631575,,0.41578947368421054,0.8663157894736843,,,,
4512,AF008,Pelabuhan Pure,2026-10-05 12:00:00,2026-10-06,2026-10-09,2026-10-06 21:00:00,Cerah Berawan,10.0,23.0,94.0,Timur,3.0,5.0,Tenang,0.1,Selatan,0.74,-0.57,2026-10-06 15:00:55,24.842105263157894,84.84210526315789,5.7368421052631575,12.052631578947368,0.4105263157894737,0.8657894736842104,22.393939393939394,0.0,5.636363636363637,90.60606060606061
4513,AF008,Pelabuhan Pure,2026-10-05 12:00:00,2026-10-06,2026-10-09,2026-10-06 22:00:00,Cerah Berawan,10.0,23.0,93.0,Timur,3.0,,Tenang,0.1,Selatan,0.76,-0.37,2026-10-06 15:00:55,25.0,85.26315789473684,5.7368421052631575,,0.4263157894736842,0.8689473684210527,25.0,0.0,7.1,87.0
4514,AF008,Pelabuhan Pure,2026-10-05 12:00:00,2026-10-06,2026-10-09,2026-10-06 23:00:00,Cerah Berawan,10.0,25.0,83.0,Timur,4.0,,Tenang,0.1,Selatan,0.74,-0.09,2026-10-06 15:00:55,25.42105263157895,82.52631578947368,5.526315789473684,,0.46315789473684216,0.868421052631579,,,,
4515,AF009,Pelabuhan Tondasi,2026-10-05 12:00:00,2026-10-06,2026-10-09,2026-10-06 00:00:00,Cerah,,,,,,,Tenang,0.1,,,,2026-10-06 15:00:55,26.05263157894737,79.0,5.421052631578948,14.473684210526315,0.431578947368421,0.8831578947368421,,,,
4516,AF009,Pelabuhan Tondasi,2026-10-05 12:00:00,2026-10-06,2026-10-09,2026-10-06 01:00:00,Cerah,,,,,,,Tenang,0.1,,,,2026-10-06 15:00:55,26.57894736842105,76.26315789473684,5.421052631578948,,0.4473684210526316,0.911578947368421,,,,
4517,AF009,Pelabuhan Tondasi,2026-10-05 12:00:00,2026-10-06,2026-10-09,2026-10-06 02:00:00,Cerah,,,,,,,Tenang,0.1,,,,2026-10-06 15:00:55,26.736842105263158,75.3157894736842,6.631578947368421,,0.45789473684210524,0.9563157894736843,,,,
4518,AF009,Pelabuhan Tondasi,2026-10-05 12:00:00,2026-10-06,2026-10-09,2026-10-06 03:00:00,Cerah,,,,,,,Tenang,0.1,,,,2026-10-06 15:00:55,26.842105263157894,74.84210526315789,6.631578947368421,18.05263157894737,0.46315789473684216,0.9863157894736841,,,,
4519,AF009,Pelabuhan Tondasi,2026-10-05 12:00:00,2026-10-06,2026-10-09,2026-10-06 04:00:00,Cerah,,,,,,,Tenang,0.1,,,,2026-10-06 15:00:55,27.157894736842106,74.36842105263158,6.631578947368421,,0.46842105263157896,1.0036842105263157,,,,
4520,AF009,Pelabuhan Tondasi,2026-10-05 12:00:00,2026-10-06,2026-10-09,2026-10-06 05:00:00,Cerah,,,,,,,Tenang,0.1,,,,2026-10-06 15:00:55,27.68421052631579,73.78947368421052,7.7368421052631575,,0.4842105263157894,1.0110526315789474,,,,
4521,AF009,Pelabuhan Tondasi,2026-10-05 12:00:00,2026-10-06,2026-10-09,2026-10-06 06:00:00,Cerah,,,,,,,Tenang,0.1,,,,2026-10-06 15:00:55,28.157894736842106,73.05263157894737,7.7368421052631575,20.157894736842106,0.5,1.0089473684210528,,,,
4522,AF009,Pelabuhan Tondasi,2026-10-05 12:00:00,2026-10-06,2026-10-09,2026-10-06 07:00:00,Cerah,,,,,,,Tenang,0.1,,,,2026-10-06 15:00:55,27.94736842105263,72.84210526315789,7.7368421052631575,,0.5157894736842106,1.0057894736842106,,,,
4523,AF009,Pelabuhan Tondasi,2026-10-05 12:00:00,2026-10-06,2026-10-09,2026-10-06 08:00:00,Cerah,,,,,,,Tenang,0.1,,,,2026-10-06 15:00:55,27.842105263157894,72.6842105263158,8.631578947368421,,0.5368421052631579,1.0005263157894737,,,,
4524,AF009,Pelabuhan Tondasi,2026-10-05 12:00:00,2026-10-06,2026-10-09,2026-10-06 09:00:00,Cerah,,,,,,,Tenang,0.1,,,,2026-10-06 15:00:55,27.63157894736842,72.94736842105263,8.631578947368421,19.736842105263158,0.5473684210526316,0.9957894736842107,,,,
4525,AF009,Pelabuhan Tondasi,2026-10-05 12:00:00,2026-10-06,2026-10-09,2026-10-06 10:00:00,Cerah,,,,,,,Tenang,0.1,,,,2026-10-06 15:00:55,27.105263157894736,74.6842105263158,8.631578947368421,,0.5842105263157894,0.9852631578947367,,,,
4526,AF009,Pelabuhan Tondasi,2026-10-05 12:00:00,2026-10-06,2026-10-09,2026-10-06 11:00:00,Cerah,,,,,,,Tenang,0.1,,,,2026-10-06 15:00:55,26.842105263157894,76.84210526315789,8.631578947368421,,0.6052631578947368,0.9647368421052632,,,,
4527,AF009,Pelabuhan Tondasi,2026-10-05 12:00:00,2026-10-06,2026-10-09,2026-10-06 12:00:00,Cerah,,,,,,,Tenang,0.1,,,,2026-10-06 15:00:55,26.473684210526315,78.05263157894737,8.631578947368421,17.789473684210527,0.6,0.9352631578947368,,,,
4528,AF009,Pelabuhan Tondasi,2026-10-05 12:00:00,2026-10-06,2026-10-09,2026-10-06 13:00:00,Cerah,,,,,,,Tenang,0.1,,,,2026-10-06 15:00:55,26.36842105263158,78.73684210526316,8.631578947368421,,0.5684210526315789,0.898421052631579,,,,
4529,AF009,Pelabuhan Tondasi,2026-10-05 12:00:00,2026-10-06,2026-10-09,2026-10-06 14:00:00,Cerah,,,,,,,Tenang,0.1,,,,2026-10-06 15:00:55,26.210526315789473,79.6842105263158,7.157894736842105,,0.531578947368421,0.8668421052631579,,,,
4530,AF009,Pelabuhan Tondasi,2026-10-05 12:00:00,2026-10-06,2026-10-09,2026-10-06 15:00:00,Cerah,,,,,,,Tenang,0.1,,,,2026-10-06 15:00:55,26.0,80.6842105263158,7.157894736842105,15.68421052631579,0.5052631578947369,0.865263157894737,23.363636363636363,0.0,6.942424242424242,88.18181818181819
4531,AF009,Pelabuhan Tondasi,2026-10-05 12:00:00,2026-10-06,2026-10-09,2026-10-06 16:00:00,Cerah,,,,,,,Tenang,0.1,,,,2026-10-06 15:00:55,25.68421052631579,81.52631578947368,7.157894736842105,,0.46842105263157896,0.871578947368421,23.0,0.0,4.9,94.0
4532,AF009,Pelabuhan Tondasi,2026-10-05 12:00:00,2026-10-06,2026-10-09,2026-10-06 17:00:00,Cerah,,,,,,,Tenang,0.1,,,,2026-10-06 15:00:55,25.473684210526315,82.21052631578948,5.526315789473684,,0.4263157894736842,0.8736842105263158,,,,
4533,AF009,Pelabuhan Tondasi,2026-10-05 12:00:00,2026-10-06,2026-10-09,2026-10-06 18:00:00,Cerah,,,,,,,Tenang,0.1,,,,2026-10-06 15:00:55,25.263157894736842,82.89473684210526,5.526315789473684,13.68421052631579,0.4105263157894737,0.8757894736842106,22.696969696969695,0.0,5.718181818181818,90.42424242424242
4534,AF009,Pelabuhan Tondasi,2026-10-05 12:00:00,2026-10-06,2026-10-09,2026-10-06 19:00:00,Cerah,,,,,,,Tenang,0.1,,,,2026-10-06 15:00:55,25.105263157894736,83.47368421052632,5.526315789473684,,0.4052631578947368,0.8721052631578947,22.0,0.0,5.6,97.0
4535,AF009,Pelabuhan Tondasi,2026-10-05 12:00:00,2026-10-06,2026-10-09,2026-10-06 20:00:00,Cerah,,,,,,,Tenang,0.1,,,,2026-10-06 15:00:55,24.94736842105263,84.3157894736842,5.7368421052631575,,0.41578947368421054,0.8663157894736843,,,,
4536,AF009,Pelabuhan Tondasi,2026-10-05 12:00:00,2026-10-06,2026-10-09,2026-10-06 21:00:00,Cerah,,,,,,,Tenang,0.1,,,,2026-10-06 15:00:55,24.842105263157894,84.84210526315789,5.7368421052631575,12.052631578947368,0.4105263157894737,0.8657894736842104,22.393939393939394,0.0,5.636363636363637,90.60606060606061
4537,AF009,Pelabuhan Tondasi,2026-10-05 12:00:00,2026-10-06,2026-10-09,2026-10-06 22:00:00,Cerah,,,,,,,Tenang,0.1,,,,2026-10-06 15:00:55,25.0,85.26315789473684,5.7368421052631575,,0.4263157894736842,0.8689473684210527,25.0,0.0,7.1,87.0
4538,AF009,Pelabuhan Tondasi,2026-10-05 12:00:00,2026-10-06,2026-10-09,2026-10-06 23:00:00,Cerah,,,,,,,Tenang,0.1,,,,2026-10-06 15:00:55,25.42105263157895,82.52631578947368,5.526315789473684,,0.46315789473684216,0.868421052631579,,,,
4539,AF010,Pelabuhan Tobaku,2026-10-05 12:00:00,2026-10-06,2026-10-09,2026-10-06 00:00:00,Berawan Tebal,10.0,26.0,78.0,Barat Laut,3.0,11.0,Tenang,0.3,Selatan,0.92,0.47,2026-10-06 15:00:55,26.05263157894737,79.0,5.421052631578948,14.473684210526315,0.431578947368421,0.8831578947368421,,,,
4540,AF010,Pelabuhan Tobaku,2026-10-05 12:00:00,2026-10-06,2026-10-09,2026-10-06 01:00:00,Berawan Tebal,10.0,27.0,77.0,Barat Laut,3.0,,Tenang,0.3,Selatan,1.01,0.4,2026-10-06 15:00:55,26.57894736842105,76.26315789473684,5.421052631578948,,0.4473684210526316,0.911578947368421,,,,
4541,AF010,Pelabuhan Tobaku,2026-10-05 12:00:00,2026-10-06,2026-10-09,2026-10-06 02:00:00,Berawan Tebal,10.0,28.0,77.0,Barat,3.0,,Tenang,0.2,Selatan,1.07,0.13,2026-10-06 15:00:55,26.736842105263158,75.3157894736842,6.631578947368421,,0.45789473684210524,0.9563157894736843,,,,
4542,AF010,Pelabuhan Tobaku,2026-10-05 12:00:00,2026-10-06,2026-10-09,2026-10-06 03:00:00,Berawan Tebal,10.0,28.0,79.0,Barat,3.0,10.0,Tenang,0.2,Selatan,1.08,-0.21,2026-10-06 15:00:55,26.842105263157894,74.84210526315789,6.631578947368421,18.05263157894737,0.46315789473684216,0.9863157894736841,,,,
4543,AF010,Pelabuhan Tobaku,2026-10-05 12:00:00,2026-10-06,2026-10-09,2026-10-06 04:00:00,Berawan,10.0,28.0,78.0,Barat,3.0,,Tenang,0.2,Selatan,1.05,-0.56,2026-10-06 15:00:55,27.157894736842106,74.36842105263158,6.631578947368421,,0.46842105263157896,1.0036842105263157,,,,
4544,AF010,Pelabuhan Tobaku,2026-10-05 12:00:00,2026-10-06,2026-10-09,2026-10-06 05:00:00,Berawan,10.0,30.0,73.0,Barat Daya,3.0,,Tenang,0.2,Selatan,1.0,-0.9,2026-10-06 15:00:55,27.68421052631579,73.78947368421052,7.7368421052631575,,0.4842105263157894,1.0110526315789474,,,,
4545,AF010,Pelabuhan Tobaku,2026-10-05 12:00:00,2026-10-06,2026-10-09,2026-10-06 06:00:00,Berawan,10.0,30.0,70.0,Barat Daya,3.0,7.0,Tenang,0.2,Selatan,0.92,-1.14,2026-10-06 15:00:55,28.157894736842106,73.05263157894737,7.7368421052631575,20.157894736842106,0.5,1.0089473684210528,,,,
4546,AF010,Pelabuhan Tobaku,2026-10-05 12:00:00,2026-10-06,2026-10-09,2026-10-06 07:00:00,Berawan Tebal,10.0,30.0,70.0,Barat Daya,3.0,,Tenang,0.2,Selatan,0.83,-1.2,2026-10-06 15:00:55,27.94736842105263,72.84210526315789,7.7368421052631575,,0.5157894736842106,1.0057894736842106,,,,
4547,AF010,Pelabuhan Tobaku,2026-10-05 12:00:00,2026-10-06,2026-10-09,2026-10-06 08:00:00,Berawan Tebal,10.0,30.0,71.0,Selatan,3.0,,Tenang,0.3,Selatan,0.74,-1.07,2026-10-06 15:00:55,27.842105263157894,72.6842105263158,8.631578947368421,,0.5368421052631579,1.0005263157894737,,,,
4548,AF010,Pelabuhan Tobaku,2026-10-05 12:00:00,2026-10-06,2026-10-09,2026-10-06 09:00:00,Berawan,10.0,29.0,69.0,Selatan,3.0,9.0,Tenang,0.3,Selatan,0.71,-0.8,2026-10-06 15:00:55,27.63157894736842,72.94736842105263,8.631578947368421,19.736842105263158,0.5473684210526316,0.9957894736842107,,,,
4549,AF010,Pelabuhan Tobaku,2026-10-05 12:00:00,2026-10-06,2026-10-09,2026-10-06 10:00:00,Berawan Tebal,10.0,28.0,71.0,Selatan,3.0,,Tenang,0.3,Selatan,0.71,-0.45,2026-10-06 15:00:55,27.105263157894736,74.6842105263158,8.631578947368421,,0.5842105263157894,0.9852631578947367,,,,
4550,AF010,Pelabuhan Tobaku,2026-10-05 12:00:00,2026-10-06,2026-10-09,2026-10-06 11:00:00,Cerah Berawan,10.0,27.0,75.0,Timur,2.0,,Tenang,0.3,Selatan,0.75,-0.11,2026-10-06 15:00:55,26.842105263157894,76.84210526315789,8.631578947368421,,0.6052631578947368,0.9647368421052632,,,,
4551,AF010,Pelabuhan Tobaku,2026-10-05 12:00:00,2026-10-06,2026-10-09,2026-10-06 12:00:00,Cerah,10.0,26.0,81.0,Timur,2.0,10.0,Tenang,0.3,Selatan,0.79,0.21,2026-10-06 15:00:55,26.473684210526315,78.05263157894737,8.631578947368421,17.789473684210527,0.6,0.9352631578947368,,,,
4552,AF010,Pelabuhan Tobaku,2026-10-05 12:00:00,2026-10-06,2026-10-09,2026-10-06 13:00:00,Cerah Berawan,10.0,25.0,84.0,Timur,2.0,,Tenang,0.3,Selatan,0.84,0.41,2026-10-06 15:00:55,26.36842105263158,78.73684210526316,8.631578947368421,,0.5684210526315789,0.898421052631579,,,,
4553,AF010,Pelabuhan Tobaku,2026-10-05 12:00:00,2026-10-06,2026-10-09,2026-10-06 14:00:00,Cerah,10.0,26.0,80.0,Timur,4.0,,Tenang,0.3,Selatan,0.87,0.44,2026-10-06 15:00:55,26.210526315789473,79.6842105263158,7.157894736842105,,0.531578947368421,0.8668421052631579,,,,
4554,AF010,Pelabuhan Tobaku,2026-10-05 12:00:00,2026-10-06,2026-10-09,2026-10-06 15:00:00,Cerah,10.0,25.0,76.0,Timur,4.0,8.0,Tenang,0.2,Selatan,0.89,0.32,2026-10-06 15:00:55,26.0,80.6842105263158,7.157894736842105,15.68421052631579,0.5052631578947369,0.865263157894737,23.363636363636363,0.0,6.942424242424242,88.18181818181819
4555,AF010,Pelabuhan Tobaku,2026-10-05 12:00:00,2026-10-06,2026-10-09,2026-10-06 16:00:00,Cerah,10.0,25.0,77.0,Timur,4.0,,Tenang,0.2,Selatan,0.88,0.12,2026-10-06 15:00:55,25.68421052631579,81.52631578947368,7.157894736842105,,0.46842105263157896,0.871578947368421,23.0,0.0,4.9,94.0
4556,AF010,Pelabuhan Tobaku,2026-10-05 12:00:00,2026-10-06,2026-10-09,2026-10-06 17:00:00,Berawan,10.0,24.0,81.0,Timur Laut,4.0,,Tenang,0.2,Selatan,0.85,-0.11,2026-10-06 15:00:55,25.473684210526315,82.21052631578948,5.526315789473684,,0.4263157894736842,0.8736842105263158,,,,
4557,AF010,Pelabuhan Tobaku,2026-10-05 12:00:00,2026-10-06,2026-10-09,2026-10-06 18:00:00,Berawan,10.0,23.0,83.0,Timur Laut,4.0,9.0,Tenang,0.2,Selatan,0.81,-0.34,2026-10-06 15:00:55,25.263157894736842,82.89473684210526,5.526315789473684,13.68421052631579,0.4105263157894737,0.8757894736842106,22.696969696969695,0.0,5.718181818181818,90.42424242424242
4558,AF010,Pelabuhan Tobaku,2026-10-05 12:00:00,2026-10-06,2026-10-09,2026-10-06 19:00:00,Berawan,10.0,23.0,82.0,Timur Laut,4.0,,Tenang,0.2,Selatan,0.78,-0.48,2026-10-06 15:00:55,25.105263157894736,83.47368421052632,5.526315789473684,,0.4052631578947368,0.8721052631578947,22.0,0.0,5.6,97.0
4559,AF010,Pelabuhan Tobaku,2026-10-05 12:00:00,2026-10-06,2026-10-09,2026-10-06 20:00:00,Berawan,10.0,23.0,82.0,Timur,5.0,,Tenang,0.2,Barat Daya,0.78,-0.49,2026-10-06 15:00:55,24.94736842105263,84.3157894736842,5.7368421052631575,,0.41578947368421054,0.8663157894736843,,,,
4560,AF010,Pelabuhan Tobaku,2026-10-05 12:00:00,2026-10-06,2026-10-09,2026-10-06 21:00:00,Berawan,10.0,23.0,83.0,Timur,5.0,10.0,Tenang,0.2,Barat Daya,0.8,-0.37,2026-10-06 15:00:55,24.842105263157894,84.84210526315789,5.7368421052631575,12.052631578947368,0.4105263157894737,0.8657894736842104,22.393939393939394,0.0,5.636363636363637,90.60606060606061
4561,AF010,Pelabuhan Tobaku,2026-10-05 12:00:00,2026-10-06,2026-10-09,2026-10-06 22:00:00,Berawan Tebal,10.0,23.0,84.0,Timur,5.0,,Tenang,0.2,Barat Daya,0.83,-0.16,2026-10-06 15:00:55,25.0,85.26315789473684,5.7368421052631575,,0.4263157894736842,0.8689473684210527,25.0,0.0,7.1,87.0
4562,AF010,Pelabuhan Tobaku,2026-10-05 12:00:00,2026-10-06,2026-10-09,2026-10-06 23:00:00,Berawan,10.0,25.0,81.0,Timur Laut,6.0,,Tenang,0.2,Selatan,0.88,0.11,2026-10-06 15:00:55,25.42105263157895,82.52631578947368,5.526315789473684,,0.46315789473684216,0.868421052631579,,,,
4563,AF011,Pelabuhan Kasipute,2026-10-05 12:00:00,2026-10-06,2026-10-09,2026-10-06 00:00:00,Cerah Berawan,10.0,26.0,75.0,Timur Laut,6.0,9.0,Tenang,0.1,Selatan,0.62,0.54,2026-10-06 15:00:55,26.05263157894737,79.0,5.421052631578948,14.473684210526315,0.431578947368421,0.8831578947368421,,,,
4564,AF011,Pelabuhan Kasipute,2026-10-05 12:00:00,2026-10-06,2026-10-09,2026-10-06 01:00:00,Berawan,10.0,27.0,72.0,Timur Laut,6.0,,Tenang,0.1,Selatan,0.67,0.53,2026-10-06 15:00:55,26.57894736842105,76.26315789473684,5.421052631578948,,0.4473684210526316,0.911578947368421,,,,
4565,AF011,Pelabuhan Kasipute,2026-10-05 12:00:00,2026-10-06,2026-10-09,2026-10-06 02:00:00,Berawan Tebal,10.0,27.0,70.0,Utara,5.0,,Tenang,0.1,Selatan,0.77,0.3,2026-10-06 15:00:55,26.736842105263158,75.3157894736842,6.631578947368421,,0.45789473684210524,0.9563157894736843,,,,
4566,AF011,Pelabuhan Kasipute,2026-10-05 12:00:00,2026-10-06,2026-10-09,2026-10-06 03:00:00,Berawan,10.0,28.0,66.0,Utara,5.0,10.0,Tenang,0.1,Selatan,0.84,-0.08,2026-10-06 15:00:55,26.842105263157894,74.84210526315789,6.631578947368421,18.05263157894737,0.46315789473684216,0.9863157894736841,,,,
4567,AF011,Pelabuhan Kasipute,2026-10-05 12:00:00,2026-10-06,2026-10-09,2026-10-06 04:00:00,Berawan Tebal,10.0,28.0,63.0,Utara,5.0,,Tenang,0.2,Selatan,0.87,-0.55,2026-10-06 15:00:55,27.157894736842106,74.36842105263158,6.631578947368421,,0.46842105263157896,1.0036842105263157,,,,
4568,AF011,Pelabuhan Kasipute,2026-10-05 12:00:00,2026-10-06,2026-10-09,2026-10-06 05:00:00,Berawan Tebal,10.0,29.0,58.0,Utara,5.0,,Tenang,0.2,Selatan,0.85,-0.98,2026-10-06 15:00:55,27.68421052631579,73.78947368421052,7.7368421052631575,,0.4842105263157894,1.0110526315789474,,,,
4569,AF011,Pelabuhan Kasipute,2026-10-05 12:00:00,2026-10-06,2026-10-09,2026-10-06 06:00:00,Berawan Tebal,10.0,30.0,58.0,Utara,5.0,8.0,Tenang,0.1,Selatan,0.83,-1.22,2026-10-06 15:00:55,28.157894736842106,73.05263157894737,7.7368421052631575,20.157894736842106,0.5,1.0089473684210528,,,,
4570,AF011,Pelabuhan Kasipute,2026-10-05 12:00:00,2026-10-06,2026-10-09,2026-10-06 07:00:00,Berawan Tebal,10.0,29.0,60.0,Utara,5.0,,Tenang,0.1,Selatan,0.79,-1.38,2026-10-06 15:00:55,27.94736842105263,72.84210526315789,7.7368421052631575,,0.5157894736842106,1.0057894736842106,,,,
4571,AF011,Pelabuhan Kasipute,2026-10-05 12:00:00,2026-10-06,2026-10-09,2026-10-06 08:00:00,Berawan,10.0,28.0,68.0,Selatan,8.0,,Tenang,0.1,Selatan,0.73,-1.28,2026-10-06 15:00:55,27.842105263157894,72.6842105263158,8.631578947368421,,0.5368421052631579,1.0005263157894737,,,,
4572,AF011,Pelabuhan Kasipute,2026-10-05 12:00:00,2026-10-06,2026-10-09,2026-10-06 09:00:00,Cerah,10.0,27.0,77.0,Selatan,8.0,6.0,Tenang,0.1,Barat Daya,0.69,-1.04,2026-10-06 15:00:55,27.63157894736842,72.94736842105263,8.631578947368421,19.736842105263158,0.5473684210526316,0.9957894736842107,,,,
4573,AF011,Pelabuhan Kasipute,2026-10-05 12:00:00,2026-10-06,2026-10-09,2026-10-06 10:00:00,Cerah,10.0,27.0,77.0,Selatan,8.0,,Tenang,0.1,Barat,0.69,-0.64,2026-10-06 15:00:55,27.105263157894736,74.6842105263158,8.631578947368421,,0.5842105263157894,0.9852631578947367,,,,
4574,AF011,Pelabuhan Kasipute,2026-10-05 12:00:00,2026-10-06,2026-10-09,2026-10-06 11:00:00,Cerah,10.0,27.0,77.0,Selatan,6.0,,Tenang,0.2,Barat Laut,0.69,-0.19,2026-10-06 15:00:55,26.842105263157894,76.84210526315789,8.631578947368421,,0.6052631578947368,0.9647368421052632,,,,
4575,AF011,Pelabuhan Kasipute,2026-10-05 12:00:00,2026-10-06,2026-10-09,2026-10-06 12:00:00,Cerah,10.0,27.0,79.0,Selatan,6.0,10.0,Tenang,0.2,Barat Laut,0.68,0.23,2026-10-06 15:00:55,26.473684210526315,78.05263157894737,8.631578947368421,17.789473684210527,0.6,0.9352631578947368,,,,
4576,AF011,Pelabuhan Kasipute,2026-10-05 12:00:00,2026-10-06,2026-10-09,2026-10-06 13:00:00,Cerah,10.0,27.0,82.0,Selatan,6.0,,Tenang,0.2,Barat Laut,0.64,0.5,2026-10-06 15:00:55,26.36842105263158,78.73684210526316,8.631578947368421,,0.5684210526315789,0.898421052631579,,,,
4577,AF011,Pelabuhan Kasipute,2026-10-05 12:00:00,2026-10-06,2026-10-09,2026-10-06 14:00:00,Cerah Berawan,10.0,26.0,80.0,Timur Laut,6.0,,Tenang,0.1,Barat Daya,0.62,0.56,2026-10-06 15:00:55,26.210526315789473,79.6842105263158,7.157894736842105,,0.531578947368421,0.8668421052631579,,,,
4578,AF011,Pelabuhan Kasipute,2026-10-05 12:00:00,2026-10-06,2026-10-09,2026-10-06 15:00:00,Berawan Tebal,10.0,25.0,83.0,Timur Laut,6.0,11.0,Tenang,0.1,Selatan,0.67,0.41,2026-10-06 15:00:55,26.0,80.6842105263158,7.157894736842105,15.68421052631579,0.5052631578947369,0.865263157894737,23.363636363636363,0.0,6.942424242424242,88.18181818181819
4579,AF011,Pelabuhan Kasipute,2026-10-05 12:00:00,2026-10-06,2026-10-09,2026-10-06 16:00:00,Berawan,10.0,25.0,86.0,Timur Laut,6.0,,Tenang,0.2,Tenggara,0.69,0.21,2026-10-06 15:00:55,25.68421052631579,81.52631578947368,7.157894736842105,,0.46842105263157896,0.871578947368421,23.0,0.0,4.9,94.0
4580,AF011,Pelabuhan Kasipute,2026-10-05 12:00:00,2026-10-06,2026-10-09,2026-10-06 17:00:00,Berawan,10.0,24.0,87.0,Timur Laut,5.0,,Tenang,0.2,Tenggara,0.71,-0.12,2026-10-06 15:00:55,25.473684210526315,82.21052631578948,5.526315789473684,,0.4263157894736842,0.8736842105263158,,,,
4581,AF011,Pelabuhan Kasipute,2026-10-05 12:00:00,2026-10-06,2026-10-09,2026-10-06 18:00:00,Cerah Berawan,10.0,24.0,87.0,Timur Laut,5.0,10.0,Tenang,0.2,Tenggara,0.7,-0.37,2026-10-06 15:00:55,25.263157894736842,82.89473684210526,5.526315789473684,13.68421052631579,0.4105263157894737,0.8757894736842106,22.696969696969695,0.0,5.718181818181818,90.42424242424242
4582,AF011,Pelabuhan Kasipute,2026-10-05 12:00:00,2026-10-06,2026-10-09,2026-10-06 19:00:00,Cerah,10.0,24.0,86.0,Timur Laut,5.0,,Tenang,0.1,Tenggara,0.66,-0.6,2026-10-06 15:00:55,25.105263157894736,83.47368421052632,5.526315789473684,,0.4052631578947368,0.8721052631578947,22.0,0.0,5.6,97.0
4583,AF011,Pelabuhan Kasipute,2026-10-05 12:00:00,2026-10-06,2026-10-09,2026-10-06 20:00:00,Cerah,10.0,24.0,86.0,Timur Laut,5.0,,Tenang,0.1,Selatan,0.62,-0.64,2026-10-06 15:00:55,24.94736842105263,84.3157894736842,5.7368421052631575,,0.41578947368421054,0.8663157894736843,,,,
4584,AF011,Pelabuhan Kasipute,2026-10-05 12:00:00,2026-10-06,2026-10-09,2026-10-06 21:00:00,Cerah,10.0,23.0,87.0,Timur Laut,5.0,10.0,Tenang,0.1,Barat,0.63,-0.55,2026-10-06 15:00:55,24.842105263157894,84.84210526315789,5.7368421052631575,12.052631578947368,0.4105263157894737,0.8657894736842104,22.393939393939394,0.0,5.636363636363637,90.60606060606061
4585,AF011,Pelabuhan Kasipute,2026-10-05 12:00:00,2026-10-06,2026-10-09,2026-10-06 22:00:00,Cerah,10.0,23.0,88.0,Timur Laut,5.0,,Tenang,0.1,Barat,0.67,-0.33,2026-10-06 15:00:55,25.0,85.26315789473684,5.7368421052631575,,0.4263157894736842,0.8689473684210527,25.0,0.0,7.1,87.0
4586,AF011,Pelabuhan Kasipute,2026-10-05 12:00:00,2026-10-06,2026-10-09,2026-10-06 23:00:00,Berawan,10.0,25.0,80.0,Utara,4.0,,Tenang,0.2,Barat Laut,0.69,-0.01,2026-10-06 15:00:55,25.42105263157895,82.52631578947368,5.526315789473684,,0.46315789473684216,0.868421052631579,,,,
4587,AF012,Pelabuhan Tanjung Pising,2026-10-05 12:00:00,2026-10-06,2026-10-09,2026-10-06 00:00:00,Cerah Berawan,10.0,27.0,72.0,Timur,9.0,15.0,Tenang,0.1,Barat Daya,0.62,0.45,2026-10-06 15:00:55,26.05263157894737,79.0,5.421052631578948,14.473684210526315,0.431578947368421,0.8831578947368421,,,,
4588,AF012,Pelabuhan Tanjung Pising,2026-10-05 12:00:00,2026-10-06,2026-10-09,2026-10-06 01:00:00,Berawan,10.0,28.0,68.0,Timur,9.0,,Tenang,0.1,Barat Daya,0.63,0.37,2026-10-06 15:00:55,26.57894736842105,76.26315789473684,5.421052631578948,,0.4473684210526316,0.911578947368421,,,,
4589,AF012,Pelabuhan Tanjung Pising,2026-10-05 12:00:00,2026-10-06,2026-10-09,2026-10-06 02:00:00,Berawan,10.0,28.0,67.0,Timur Laut,10.0,,Tenang,0.1,Barat Daya,0.66,0.1,2026-10-06 15:00:55,26.736842105263158,75.3157894736842,6.631578947368421,,0.45789473684210524,0.9563157894736843,,,,
4590,AF012,Pelabuhan Tanjung Pising,2026-10-05 12:00:00,2026-10-06,2026-10-09,2026-10-06 03:00:00,Berawan,10.0,29.0,62.0,Timur Laut,10.0,19.0,Tenang,0.1,Barat Daya,0.69,-0.22,2026-10-06 15:00:55,26.842105263157894,74.84210526315789,6.631578947368421,18.05263157894737,0.46315789473684216,0.9863157894736841,,,,
4591,AF012,Pelabuhan Tanjung Pising,2026-10-05 12:00:00,2026-10-06,2026-10-09,2026-10-06 04:00:00,Berawan Tebal,10.0,30.0,59.0,Timur Laut,10.0,,Tenang,0.1,Barat Daya,0.7,-0.62,2026-10-06 15:00:55,27.157894736842106,74.36842105263158,6.631578947368421,,0.46842105263157896,1.0036842105263157,,,,
4592,AF012,Pelabuhan Tanjung Pising,2026-10-05 12:00:00,2026-10-06,2026-10-09,2026-10-06 05:00:00,Berawan Tebal,10.0,30.0,60.0,Tenggara,0.0,,Tenang,0.1,Selatan,0.73,-0.88,2026-10-06 15:00:55,27.68421052631579,73.78947368421052,7.7368421052631575,,0.4842105263157894,1.0110526315789474,,,,
4593,AF012,Pelabuhan Tanjung Pising,2026-10-05 12:00:00,2026-10-06,2026-10-09,2026-10-06 06:00:00,Berawan Tebal,10.0,30.0,60.0,Tenggara,0.0,17.0,Tenang,0.1,Selatan,0.75,-1.09,2026-10-06 15:00:55,28.157894736842106,73.05263157894737,7.7368421052631575,20.157894736842106,0.5,1.0089473684210528,,,,
4594,AF012,Pelabuhan Tanjung Pising,2026-10-05 12:00:00,2026-10-06,2026-10-09,2026-10-06 07:00:00,Berawan Tebal,10.0,29.0,61.0,Tenggara,0.0,,Tenang,0.1,Selatan,0.73,-1.22,2026-10-06 15:00:55,27.94736842105263,72.84210526315789,7.7368421052631575,,0.5157894736842106,1.0057894736842106,,,,
4595,AF012,Pelabuhan Tanjung Pising,2026-10-05 12:00:00,2026-10-06,2026-10-09,2026-10-06 08:00:00,Berawan,10.0,29.0,64.0,Utara,1.0,,Tenang,0.1,Selatan,0.67,-1.13,2026-10-06 15:00:55,27.842105263157894,72.6842105263158,8.631578947368421,,0.5368421052631579,1.0005263157894737,,,,
4596,AF012,Pelabuhan Tanjung Pising,2026-10-05 12:00:00,2026-10-06,2026-10-09,2026-10-06 09:00:00,Cerah Berawan,10.0,29.0,65.0,Utara,1.0,11.0,Tenang,0.1,Barat Daya,0.65,-0.84,2026-10-06 15:00:55,27.63157894736842,72.94736842105263,8.631578947368421,19.736842105263158,0.5473684210526316,0.9957894736842107,,,,
4597,AF012,Pelabuhan Tanjung Pising,2026-10-05 12:00:00,2026-10-06,2026-10-09,2026-10-06 10:00:00,Cerah,10.0,29.0,65.0,Utara,1.0,,Tenang,0.1,Barat Daya,0.63,-0.52,2026-10-06 15:00:55,27.105263157894736,74.6842105263158,8.631578947368421,,0.5842105263157894,0.9852631578947367,,,,
4598,AF012,Pelabuhan Tanjung Pising,2026-10-05 12:00:00,2026-10-06,2026-10-09,2026-10-06 11:00:00,Cerah,10.0,28.0,65.0,Tenggara,6.0,,Tenang,0.1,Barat Laut,0.6,-0.16,2026-10-06 15:00:55,26.842105263157894,76.84210526315789,8.631578947368421,,0.6052631578947368,0.9647368421052632,,,,
4599,AF012,Pelabuhan Tanjung Pising,2026-10-05 12:00:00,2026-10-06,2026-10-09,2026-10-06 12:00:00,Cerah,10.0,28.0,63.0,Tenggara,6.0,7.0,Tenang,0.1,Utara,0.66,0.19,2026-10-06 15:00:55,26.473684210526315,78.05263157894737,8.631578947368421,17.789473684210527,0.6,0.9352631578947368,,,,
4600,AF012,Pelabuhan Tanjung Pising,2026-10-05 12:00:00,2026-10-06,2026-10-09,2026-10-06 13:00:00,Cerah,10.0,27.0,66.0,Tenggara,6.0,,Tenang,0.1,Utara,0.7,0.39,2026-10-06 15:00:55,26.36842105263158,78.73684210526316,8.631578947368421,,0.5684210526315789,0.898421052631579,,,,
4601,AF012,Pelabuhan Tanjung Pising,2026-10-05 12:00:00,2026-10-06,2026-10-09,2026-10-06 14:00:00,Cerah Berawan,10.0,27.0,73.0,Timur,8.0,,Tenang,0.1,Utara,0.71,0.42,2026-10-06 15:00:55,26.210526315789473,79.6842105263158,7.157894736842105,,0.531578947368421,0.8668421052631579,,,,
4602,AF012,Pelabuhan Tanjung Pising,2026-10-05 12:00:00,2026-10-06,2026-10-09,2026-10-06 15:00:00,Berawan,10.0,26.0,79.0,Timur,8.0,13.0,Tenang,0.1,Utara,0.69,0.33,2026-10-06 15:00:55,26.0,80.6842105263158,7.157894736842105,15.68421052631579,0.5052631578947369,0.865263157894737,23.363636363636363,0.0,6.942424242424242,88.18181818181819
4603,AF012,Pelabuhan Tanjung Pising,2026-10-05 12:00:00,2026-10-06,2026-10-09,2026-10-06 16:00:00,Berawan,10.0,26.0,85.0,Timur,8.0,,Tenang,0.1,Utara,0.68,0.09,2026-10-06 15:00:55,25.68421052631579,81.52631578947368,7.157894736842105,,0.46842105263157896,0.871578947368421,23.0,0.0,4.9,94.0
4604,AF012,Pelabuhan Tanjung Pising,2026-10-05 12:00:00,2026-10-06,2026-10-09,2026-10-06 17:00:00,Berawan,10.0,25.0,87.0,Timur,7.0,,Tenang,0.1,Utara,0.66,-0.13,2026-10-06 15:00:55,25.473684210526315,82.21052631578948,5.526315789473684,,0.4263157894736842,0.8736842105263158,,,,
4605,AF012,Pelabuhan Tanjung Pising,2026-10-05 12:00:00,2026-10-06,2026-10-09,2026-10-06 18:00:00,Cerah,10.0,25.0,89.0,Timur,7.0,12.0,Tenang,0.1,Utara,0.64,-0.38,2026-10-06 15:00:55,25.263157894736842,82.89473684210526,5.526315789473684,13.68421052631579,0.4105263157894737,0.8757894736842106,22.696969696969695,0.0,5.718181818181818,90.42424242424242
4606,AF012,Pelabuhan Tanjung Pising,2026-10-05 12:00:00,2026-10-06,2026-10-09,2026-10-06 19:00:00,Cerah,10.0,25.0,90.0,Timur,7.0,,Tenang,0.1,Utara,0.63,-0.51,2026-10-06 15:00:55,25.105263157894736,83.47368421052632,5.526315789473684,,0.4052631578947368,0.8721052631578947,22.0,0.0,5.6,97.0
4607,AF012,Pelabuhan Tanjung Pising,2026-10-05 12:00:00,2026-10-06,2026-10-09,2026-10-06 20:00:00,Cerah,10.0,25.0,90.0,Timur,8.0,,Tenang,0.1,Utara,0.61,-0.53,2026-10-06 15:00:55,24.94736842105263,84.3157894736842,5.7368421052631575,,0.41578947368421054,0.8663157894736843,,,,
4608,AF012,Pelabuhan Tanjung Pising,2026-10-05 12:00:00,2026-10-06,2026-10-09,2026-10-06 21:00:00,Cerah,10.0,25.0,86.0,Timur,8.0,11.0,Tenang,0.1,Barat,0.59,-0.4,2026-10-06 15:00:55,24.842105263157894,84.84210526315789,5.7368421052631575,12.052631578947368,0.4105263157894737,0.8657894736842104,22.393939393939394,0.0,5.636363636363637,90.60606060606061
4609,AF012,Pelabuhan Tanjung Pising,2026-10-05 12:00:00,2026-10-06,2026-10-09,2026-10-06 22:00:00,Cerah,10.0,25.0,83.0,Timur,8.0,,Tenang,0.1,Selatan,0.6,-0.18,2026-10-06 15:00:55,25.0,85.26315789473684,5.7368421052631575,,0.4263157894736842,0.8689473684210527,25.0,0.0,7.1,87.0
4610,AF012,Pelabuhan Tanjung Pising,2026-10-05 12:00:00,2026-10-06,2026-10-09,2026-10-06 23:00:00,Cerah Berawan,10.0,26.0,77.0,Timur,8.0,,Tenang,0.1,Selatan,0.61,0.03,2026-10-06 15:00:55,25.42105263157895,82.52631578947368,5.526315789473684,,0.46315789473684216,0.868421052631579,,,,
4611,AF013,Pelabuhan Sikeli,2026-10-05 12:00:00,2026-10-06,2026-10-09,2026-10-06 00:00:00,Cerah Berawan,10.0,27.0,75.0,Timur Laut,4.0,10.0,Tenang,0.1,Selatan,0.76,0.42,2026-10-06 15:00:55,26.05263157894737,79.0,5.421052631578948,14.473684210526315,0.431578947368421,0.8831578947368421,,,,
4612,AF013,Pelabuhan Sikeli,2026-10-05 12:00:00,2026-10-06,2026-10-09,2026-10-06 01:00:00,Cerah Berawan,10.0,28.0,69.0,Timur Laut,4.0,,Tenang,0.1,Selatan,0.88,0.31,2026-10-06 15:00:55,26.57894736842105,76.26315789473684,5.421052631578948,,0.4473684210526316,0.911578947368421,,,,
4613,AF013,Pelabuhan Sikeli,2026-10-05 12:00:00,2026-10-06,2026-10-09,2026-10-06 02:00:00,Berawan,10.0,28.0,69.0,Barat,8.0,,Tenang,0.1,Selatan,0.96,0.08,2026-10-06 15:00:55,26.736842105263158,75.3157894736842,6.631578947368421,,0.45789473684210524,0.9563157894736843,,,,
4614,AF013,Pelabuhan Sikeli,2026-10-05 12:00:00,2026-10-06,2026-10-09,2026-10-06 03:00:00,Berawan Tebal,10.0,28.0,71.0,Barat,8.0,9.0,Tenang,0.1,Selatan,0.91,-0.23,2026-10-06 15:00:55,26.842105263157894,74.84210526315789,6.631578947368421,18.05263157894737,0.46315789473684216,0.9863157894736841,,,,
4615,AF013,Pelabuhan Sikeli,2026-10-05 12:00:00,2026-10-06,2026-10-09,2026-10-06 04:00:00,Berawan Tebal,10.0,27.0,74.0,Barat,8.0,,Tenang,0.1,Selatan,0.76,-0.59,2026-10-06 15:00:55,27.157894736842106,74.36842105263158,6.631578947368421,,0.46842105263157896,1.0036842105263157,,,,
4616,AF013,Pelabuhan Sikeli,2026-10-05 12:00:00,2026-10-06,2026-10-09,2026-10-06 05:00:00,Berawan Tebal,10.0,26.0,77.0,Barat Daya,5.0,,Tenang,0.1,Selatan,0.64,-0.89,2026-10-06 15:00:55,27.68421052631579,73.78947368421052,7.7368421052631575,,0.4842105263157894,1.0110526315789474,,,,
4617,AF013,Pelabuhan Sikeli,2026-10-05 12:00:00,2026-10-06,2026-10-09,2026-10-06 06:00:00,Berawan Tebal,10.0,26.0,75.0,Barat Daya,5.0,13.0,Tenang,0.1,Utara,0.68,-1.12,2026-10-06 15:00:55,28.157894736842106,73.05263157894737,7.7368421052631575,20.157894736842106,0.5,1.0089473684210528,,,,
4618,AF013,Pelabuhan Sikeli,2026-10-05 12:00:00,2026-10-06,2026-10-09,2026-10-06 07:00:00,Berawan Tebal,10.0,27.0,79.0,Barat Daya,5.0,,Tenang,0.1,Utara,0.84,-1.18,2026-10-06 15:00:55,27.94736842105263,72.84210526315789,7.7368421052631575,,0.5157894736842106,1.0057894736842106,,,,
4619,AF013,Pelabuhan Sikeli,2026-10-05 12:00:00,2026-10-06,2026-10-09,2026-10-06 08:00:00,Berawan Tebal,10.0,28.0,78.0,Tenggara,10.0,,Tenang,0.1,Utara,0.91,-1.05,2026-10-06 15:00:55,27.842105263157894,72.6842105263158,8.631578947368421,,0.5368421052631579,1.0005263157894737,,,,
4620,AF013,Pelabuhan Sikeli,2026-10-05 12:00:00,2026-10-06,2026-10-09,2026-10-06 09:00:00,Cerah Berawan,10.0,28.0,76.0,Tenggara,10.0,13.0,Tenang,0.1,Utara,0.91,-0.82,2026-10-06 15:00:55,27.63157894736842,72.94736842105263,8.631578947368421,19.736842105263158,0.5473684210526316,0.9957894736842107,,,,
4621,AF013,Pelabuhan Sikeli,2026-10-05 12:00:00,2026-10-06,2026-10-09,2026-10-06 10:00:00,Cerah,10.0,27.0,77.0,Tenggara,10.0,,Tenang,0.3,Utara,0.89,-0.51,2026-10-06 15:00:55,27.105263157894736,74.6842105263158,8.631578947368421,,0.5842105263157894,0.9852631578947367,,,,
4622,AF013,Pelabuhan Sikeli,2026-10-05 12:00:00,2026-10-06,2026-10-09,2026-10-06 11:00:00,Cerah,10.0,27.0,78.0,Tenggara,9.0,,Tenang,0.2,Utara,0.79,-0.16,2026-10-06 15:00:55,26.842105263157894,76.84210526315789,8.631578947368421,,0.6052631578947368,0.9647368421052632,,,,
4623,AF013,Pelabuhan Sikeli,2026-10-05 12:00:00,2026-10-06,2026-10-09,2026-10-06 12:00:00,Cerah,10.0,26.0,78.0,Tenggara,9.0,12.0,Tenang,0.1,Utara,0.68,0.14,2026-10-06 15:00:55,26.473684210526315,78.05263157894737,8.631578947368421,17.789473684210527,0.6,0.9352631578947368,,,,
4624,AF013,Pelabuhan Sikeli,2026-10-05 12:00:00,2026-10-06,2026-10-09,2026-10-06 13:00:00,Cerah,10.0,26.0,79.0,Tenggara,9.0,,Tenang,0.1,Timur,0.6,0.3,2026-10-06 15:00:55,26.36842105263158,78.73684210526316,8.631578947368421,,0.5684210526315789,0.898421052631579,,,,
4625,AF013,Pelabuhan Sikeli,2026-10-05 12:00:00,2026-10-06,2026-10-09,2026-10-06 14:00:00,Cerah Berawan,10.0,25.0,82.0,Timur,4.0,,Tenang,0.1,Selatan,0.66,0.35,2026-10-06 15:00:55,26.210526315789473,79.6842105263158,7.157894736842105,,0.531578947368421,0.8668421052631579,,,,
4626,AF013,Pelabuhan Sikeli,2026-10-05 12:00:00,2026-10-06,2026-10-09,2026-10-06 15:00:00,Berawan,10.0,25.0,86.0,Timur,4.0,10.0,Tenang,0.1,Selatan,0.73,0.26,2026-10-06 15:00:55,26.0,80.6842105263158,7.157894736842105,15.68421052631579,0.5052631578947369,0.865263157894737,23.363636363636363,0.0,6.942424242424242,88.18181818181819
4627,AF013,Pelabuhan Sikeli,2026-10-05 12:00:00,2026-10-06,2026-10-09,2026-10-06 16:00:00,Berawan Tebal,10.0,24.0,93.0,Timur,4.0,,Tenang,0.1,Selatan,0.78,0.08,2026-10-06 15:00:55,25.68421052631579,81.52631578947368,7.157894736842105,,0.46842105263157896,0.871578947368421,23.0,0.0,4.9,94.0
4628,AF013,Pelabuhan Sikeli,2026-10-05 12:00:00,2026-10-06,2026-10-09,2026-10-06 17:00:00,Berawan,9.0,23.0,92.0,Timur Laut,5.0,,Tenang,0.1,Selatan,0.77,-0.14,2026-10-06 15:00:55,25.473684210526315,82.21052631578948,5.526315789473684,,0.4263157894736842,0.8736842105263158,,,,
4629,AF013,Pelabuhan Sikeli,2026-10-05 12:00:00,2026-10-06,2026-10-09,2026-10-06 18:00:00,Cerah Berawan,9.0,23.0,92.0,Timur Laut,5.0,9.0,Tenang,0.1,Selatan,0.69,-0.36,2026-10-06 15:00:55,25.263157894736842,82.89473684210526,5.526315789473684,13.68421052631579,0.4105263157894737,0.8757894736842106,22.696969696969695,0.0,5.718181818181818,90.42424242424242
4630,AF013,Pelabuhan Sikeli,2026-10-05 12:00:00,2026-10-06,2026-10-09,2026-10-06 19:00:00,Cerah Berawan,9.0,23.0,93.0,Timur Laut,5.0,,Tenang,0.1,Barat Daya,0.62,-0.49,2026-10-06 15:00:55,25.105263157894736,83.47368421052632,5.526315789473684,,0.4052631578947368,0.8721052631578947,22.0,0.0,5.6,97.0
4631,AF013,Pelabuhan Sikeli,2026-10-05 12:00:00,2026-10-06,2026-10-09,2026-10-06 20:00:00,Cerah Berawan,10.0,23.0,93.0,Timur Laut,6.0,,Tenang,0.1,Barat Laut,0.62,-0.51,2026-10-06 15:00:55,24.94736842105263,84.3157894736842,5.7368421052631575,,0.41578947368421054,0.8663157894736843,,,,
4632,AF013,Pelabuhan Sikeli,2026-10-05 12:00:00,2026-10-06,2026-10-09,2026-10-06 21:00:00,Cerah Berawan,10.0,23.0,92.0,Timur Laut,6.0,9.0,Tenang,0.1,Barat Laut,0.64,-0.4,2026-10-06 15:00:55,24.842105263157894,84.84210526315789,5.7368421052631575,12.052631578947368,0.4105263157894737,0.8657894736842104,22.393939393939394,0.0,5.636363636363637,90.60606060606061
4633,AF013,Pelabuhan Sikeli,2026-10-05 12:00:00,2026-10-06,2026-10-09,2026-10-06 22:00:00,Cerah Berawan,10.0,23.0,91.0,Timur Laut,6.0,,Tenang,0.1,Barat Laut,0.62,-0.2,2026-10-06 15:00:55,25.0,85.26315789473684,5.7368421052631575,,0.4263157894736842,0.8689473684210527,25.0,0.0,7.1,87.0
4634,AF013,Pelabuhan Sikeli,2026-10-05 12:00:00,2026-10-06,2026-10-09,2026-10-06 23:00:00,Cerah,10.0,25.0,83.0,Timur Laut,2.0,,Tenang,0.1,Barat Daya,0.61,0.05,2026-10-06 15:00:55,25.42105263157895,82.52631578947368,5.526315789473684,,0.46315789473684216,0.868421052631579,,,,
4635,AF014,Pelabuhan Dongkala,2026-10-05 12:00:00,2026-10-06,2026-10-09,2026-10-06 00:00:00,Cerah Berawan,10.0,25.0,80.0,Timur Laut,6.0,13.0,Tenang,0.1,Barat Daya,0.61,0.39,2026-10-06 15:00:55,26.05263157894737,79.0,5.421052631578948,14.473684210526315,0.431578947368421,0.8831578947368421,,,,
4636,AF014,Pelabuhan Dongkala,2026-10-05 12:00:00,2026-10-06,2026-10-09,2026-10-06 01:00:00,Cerah Berawan,10.0,27.0,70.0,Timur Laut,6.0,,Tenang,0.1,Barat Daya,0.65,0.32,2026-10-06 15:00:55,26.57894736842105,76.26315789473684,5.421052631578948,,0.4473684210526316,0.911578947368421,,,,
4637,AF014,Pelabuhan Dongkala,2026-10-05 12:00:00,2026-10-06,2026-10-09,2026-10-06 02:00:00,Berawan,10.0,28.0,61.0,Timur Laut,4.0,,Tenang,0.1,Barat Daya,0.67,0.12,2026-10-06 15:00:55,26.736842105263158,75.3157894736842,6.631578947368421,,0.45789473684210524,0.9563157894736843,,,,
4638,AF014,Pelabuhan Dongkala,2026-10-05 12:00:00,2026-10-06,2026-10-09,2026-10-06 03:00:00,Berawan,10.0,29.0,57.0,Timur Laut,4.0,18.0,Tenang,0.1,Barat Daya,0.7,-0.19,2026-10-06 15:00:55,26.842105263157894,74.84210526315789,6.631578947368421,18.05263157894737,0.46315789473684216,0.9863157894736841,,,,
4639,AF014,Pelabuhan Dongkala,2026-10-05 12:00:00,2026-10-06,2026-10-09,2026-10-06 04:00:00,Berawan Tebal,10.0,29.0,58.0,Timur Laut,4.0,,Tenang,0.1,Barat Daya,0.7,-0.56,2026-10-06 15:00:55,27.157894736842106,74.36842105263158,6.631578947368421,,0.46842105263157896,1.0036842105263157,,,,
4640,AF014,Pelabuhan Dongkala,2026-10-05 12:00:00,2026-10-06,2026-10-09,2026-10-06 05:00:00,Berawan Tebal,10.0,29.0,60.0,Tenggara,7.0,,Tenang,0.1,Barat Daya,0.69,-0.87,2026-10-06 15:00:55,27.68421052631579,73.78947368421052,7.7368421052631575,,0.4842105263157894,1.0110526315789474,,,,
4641,AF014,Pelabuhan Dongkala,2026-10-05 12:00:00,2026-10-06,2026-10-09,2026-10-06 06:00:00,Berawan Tebal,10.0,28.0,65.0,Tenggara,7.0,23.0,Tenang,0.1,Barat Daya,0.66,-1.11,2026-10-06 15:00:55,28.157894736842106,73.05263157894737,7.7368421052631575,20.157894736842106,0.5,1.0089473684210528,,,,
4642,AF014,Pelabuhan Dongkala,2026-10-05 12:00:00,2026-10-06,2026-10-09,2026-10-06 07:00:00,Berawan Tebal,10.0,28.0,66.0,Tenggara,7.0,,Tenang,0.1,Barat,0.62,-1.18,2026-10-06 15:00:55,27.94736842105263,72.84210526315789,7.7368421052631575,,0.5157894736842106,1.0057894736842106,,,,
4643,AF014,Pelabuhan Dongkala,2026-10-05 12:00:00,2026-10-06,2026-10-09,2026-10-06 08:00:00,Berawan Tebal,10.0,28.0,66.0,Selatan,7.0,,Tenang,0.1,Utara,0.64,-1.09,2026-10-06 15:00:55,27.842105263157894,72.6842105263158,8.631578947368421,,0.5368421052631579,1.0005263157894737,,,,
4644,AF014,Pelabuhan Dongkala,2026-10-05 12:00:00,2026-10-06,2026-10-09,2026-10-06 09:00:00,Cerah,10.0,27.0,71.0,Selatan,7.0,22.0,Tenang,0.2,Utara,0.68,-0.86,2026-10-06 15:00:55,27.63157894736842,72.94736842105263,8.631578947368421,19.736842105263158,0.5473684210526316,0.9957894736842107,,,,
4645,AF014,Pelabuhan Dongkala,2026-10-05 12:00:00,2026-10-06,2026-10-09,2026-10-06 10:00:00,Cerah,10.0,26.0,79.0,Selatan,7.0,,Tenang,0.2,Utara,0.71,-0.54,2026-10-06 15:00:55,27.105263157894736,74.6842105263158,8.631578947368421,,0.5842105263157894,0.9852631578947367,,,,
4646,AF014,Pelabuhan Dongkala,2026-10-05 12:00:00,2026-10-06,2026-10-09,2026-10-06 11:00:00,Cerah,10.0,25.0,86.0,Selatan,8.0,,Tenang,0.2,Utara,0.73,-0.18,2026-10-06 15:00:55,26.842105263157894,76.84210526315789,8.631578947368421,,0.6052631578947368,0.9647368421052632,,,,
4647,AF014,Pelabuhan Dongkala,2026-10-05 12:00:00,2026-10-06,2026-10-09,2026-10-06 12:00:00,Cerah,10.0,25.0,88.0,Selatan,8.0,11.0,Tenang,0.3,Utara,0.73,0.11,2026-10-06 15:00:55,26.473684210526315,78.05263157894737,8.631578947368421,17.789473684210527,0.6,0.9352631578947368,,,,
4648,AF014,Pelabuhan Dongkala,2026-10-05 12:00:00,2026-10-06,2026-10-09,2026-10-06 13:00:00,Cerah,10.0,25.0,85.0,Selatan,8.0,,Tenang,0.3,Utara,0.73,0.32,2026-10-06 15:00:55,26.36842105263158,78.73684210526316,8.631578947368421,,0.5684210526315789,0.898421052631579,,,,
4649,AF014,Pelabuhan Dongkala,2026-10-05 12:00:00,2026-10-06,2026-10-09,2026-10-06 14:00:00,Cerah Berawan,10.0,24.0,85.0,Timur,3.0,,Tenang,0.2,Utara,0.71,0.39,2026-10-06 15:00:55,26.210526315789473,79.6842105263158,7.157894736842105,,0.531578947368421,0.8668421052631579,,,,
4650,AF014,Pelabuhan Dongkala,2026-10-05 12:00:00,2026-10-06,2026-10-09,2026-10-06 15:00:00,Berawan,10.0,23.0,86.0,Timur,3.0,11.0,Tenang,0.2,Utara,0.71,0.3,2026-10-06 15:00:55,26.0,80.6842105263158,7.157894736842105,15.68421052631579,0.5052631578947369,0.865263157894737,23.363636363636363,0.0,6.942424242424242,88.18181818181819
4651,AF014,Pelabuhan Dongkala,2026-10-05 12:00:00,2026-10-06,2026-10-09,2026-10-06 16:00:00,Berawan Tebal,10.0,22.0,93.0,Timur,3.0,,Tenang,0.1,Utara,0.68,0.11,2026-10-06 15:00:55,25.68421052631579,81.52631578947368,7.157894736842105,,0.46842105263157896,0.871578947368421,23.0,0.0,4.9,94.0
4652,AF014,Pelabuhan Dongkala,2026-10-05 12:00:00,2026-10-06,2026-10-09,2026-10-06 17:00:00,Berawan,10.0,22.0,96.0,Barat Laut,3.0,,Tenang,0.1,Barat Laut,0.66,-0.13,2026-10-06 15:00:55,25.473684210526315,82.21052631578948,5.526315789473684,,0.4263157894736842,0.8736842105263158,,,,
4653,AF014,Pelabuhan Dongkala,2026-10-05 12:00:00,2026-10-06,2026-10-09,2026-10-06 18:00:00,Berawan,10.0,21.0,97.0,Barat Laut,3.0,9.0,Tenang,0.1,Utara,0.63,-0.33,2026-10-06 15:00:55,25.263157894736842,82.89473684210526,5.526315789473684,13.68421052631579,0.4105263157894737,0.8757894736842106,22.696969696969695,0.0,5.718181818181818,90.42424242424242
4654,AF014,Pelabuhan Dongkala,2026-10-05 12:00:00,2026-10-06,2026-10-09,2026-10-06 19:00:00,Berawan,10.0,21.0,98.0,Barat Laut,3.0,,Tenang,0.1,Utara,0.61,-0.46,2026-10-06 15:00:55,25.105263157894736,83.47368421052632,5.526315789473684,,0.4052631578947368,0.8721052631578947,22.0,0.0,5.6,97.0
4655,AF014,Pelabuhan Dongkala,2026-10-05 12:00:00,2026-10-06,2026-10-09,2026-10-06 20:00:00,Berawan,10.0,21.0,98.0,Utara,3.0,,Tenang,0.1,Timur,0.62,-0.52,2026-10-06 15:00:55,24.94736842105263,84.3157894736842,5.7368421052631575,,0.41578947368421054,0.8663157894736843,,,,
4656,AF014,Pelabuhan Dongkala,2026-10-05 12:00:00,2026-10-06,2026-10-09,2026-10-06 21:00:00,Berawan,10.0,21.0,98.0,Utara,3.0,8.0,Tenang,0.1,Timur,0.63,-0.41,2026-10-06 15:00:55,24.842105263157894,84.84210526315789,5.7368421052631575,12.052631578947368,0.4105263157894737,0.8657894736842104,22.393939393939394,0.0,5.636363636363637,90.60606060606061
4657,AF014,Pelabuhan Dongkala,2026-10-05 12:00:00,2026-10-06,2026-10-09,2026-10-06 22:00:00,Berawan,10.0,21.0,98.0,Utara,3.0,,Tenang,0.1,Timur,0.62,-0.21,2026-10-06 15:00:55,25.0,85.26315789473684,5.7368421052631575,,0.4263157894736842,0.8689473684210527,25.0,0.0,7.1,87.0
4658,AF014,Pelabuhan Dongkala,2026-10-05 12:00:00,2026-10-06,2026-10-09,2026-10-06 23:00:00,Cerah,10.0,24.0,86.0,Utara,3.0,,Tenang,0.1,Timur,0.61,0.02,2026-10-06 15:00:55,25.42105263157895,82.52631578947368,5.526315789473684,,0.46315789473684216,0.868421052631579,,,,
4659,AF015,Pelabuhan Lameruru,2026-10-05 12:00:00,2026-10-06,2026-10-09,2026-10-06 00:00:00,Berawan Tebal,10.0,25.0,73.0,Barat,2.0,7.0,Tenang,0.2,Barat,0.59,0.22,2026-10-06 15:00:55,26.05263157894737,79.0,5.421052631578948,14.473684210526315,0.431578947368421,0.8831578947368421,,,,
4660,AF015,Pelabuhan Lameruru,2026-10-05 12:00:00,2026-10-06,2026-10-09,2026-10-06 01:00:00,Cerah Berawan,10.0,26.0,70.0,Barat,2.0,,Tenang,0.2,Selatan,0.65,0.24,2026-10-06 15:00:55,26.57894736842105,76.26315789473684,5.421052631578948,,0.4473684210526316,0.911578947368421,,,,
4661,AF015,Pelabuhan Lameruru,2026-10-05 12:00:00,2026-10-06,2026-10-09,2026-10-06 02:00:00,Cerah Berawan,10.0,27.0,69.0,Timur,5.0,,Tenang,0.2,Barat Daya,0.68,0.17,2026-10-06 15:00:55,26.736842105263158,75.3157894736842,6.631578947368421,,0.45789473684210524,0.9563157894736843,,,,
4662,AF015,Pelabuhan Lameruru,2026-10-05 12:00:00,2026-10-06,2026-10-09,2026-10-06 03:00:00,Berawan Tebal,10.0,27.0,70.0,Timur,5.0,14.0,Tenang,0.2,Barat Daya,0.7,-0.24,2026-10-06 15:00:55,26.842105263157894,74.84210526315789,6.631578947368421,18.05263157894737,0.46315789473684216,0.9863157894736841,,,,
4663,AF015,Pelabuhan Lameruru,2026-10-05 12:00:00,2026-10-06,2026-10-09,2026-10-06 04:00:00,Berawan Tebal,10.0,27.0,71.0,Timur,5.0,,Tenang,0.2,Barat Daya,0.73,-0.43,2026-10-06 15:00:55,27.157894736842106,74.36842105263158,6.631578947368421,,0.46842105263157896,1.0036842105263157,,,,
4664,AF015,Pelabuhan Lameruru,2026-10-05 12:00:00,2026-10-06,2026-10-09,2026-10-06 05:00:00,Berawan Tebal,10.0,28.0,69.0,Timur,6.0,,Tenang,0.2,Barat,0.73,-0.7,2026-10-06 15:00:55,27.68421052631579,73.78947368421052,7.7368421052631575,,0.4842105263157894,1.0110526315789474,,,,
4665,AF015,Pelabuhan Lameruru,2026-10-05 12:00:00,2026-10-06,2026-10-09,2026-10-06 06:00:00,Berawan Tebal,10.0,28.0,66.0,Timur,6.0,18.0,Tenang,0.2,Barat Daya,0.76,-1.0,2026-10-06 15:00:55,28.157894736842106,73.05263157894737,7.7368421052631575,20.157894736842106,0.5,1.0089473684210528,,,,
4666,AF015,Pelabuhan Lameruru,2026-10-05 12:00:00,2026-10-06,2026-10-09,2026-10-06 07:00:00,Berawan Tebal,10.0,27.0,68.0,Timur,6.0,,Tenang,0.2,Barat Daya,0.76,-1.08,2026-10-06 15:00:55,27.94736842105263,72.84210526315789,7.7368421052631575,,0.5157894736842106,1.0057894736842106,,,,
4667,AF015,Pelabuhan Lameruru,2026-10-05 12:00:00,2026-10-06,2026-10-09,2026-10-06 08:00:00,Berawan Tebal,10.0,27.0,74.0,Timur,5.0,,Tenang,0.3,Barat Daya,0.8,-0.96,2026-10-06 15:00:55,27.842105263157894,72.6842105263158,8.631578947368421,,0.5368421052631579,1.0005263157894737,,,,
4668,AF015,Pelabuhan Lameruru,2026-10-05 12:00:00,2026-10-06,2026-10-09,2026-10-06 09:00:00,Cerah,10.0,26.0,77.0,Timur,5.0,16.0,Tenang,0.3,Barat Daya,0.75,-0.77,2026-10-06 15:00:55,27.63157894736842,72.94736842105263,8.631578947368421,19.736842105263158,0.5473684210526316,0.9957894736842107,,,,
4669,AF015,Pelabuhan Lameruru,2026-10-05 12:00:00,2026-10-06,2026-10-09,2026-10-06 10:00:00,Cerah,10.0,25.0,82.0,Timur,5.0,,Tenang,0.3,Barat Daya,0.76,-0.62,2026-10-06 15:00:55,27.105263157894736,74.6842105263158,8.631578947368421,,0.5842105263157894,0.9852631578947367,,,,
4670,AF015,Pelabuhan Lameruru,2026-10-05 12:00:00,2026-10-06,2026-10-09,2026-10-06 11:00:00,Cerah,10.0,25.0,83.0,Timur Laut,1.0,,Tenang,0.3,Barat Daya,0.71,-0.21,2026-10-06 15:00:55,26.842105263157894,76.84210526315789,8.631578947368421,,0.6052631578947368,0.9647368421052632,,,,
4671,AF015,Pelabuhan Lameruru,2026-10-05 12:00:00,2026-10-06,2026-10-09,2026-10-06 12:00:00,Cerah,10.0,25.0,84.0,Timur Laut,1.0,10.0,Tenang,0.2,Barat,0.68,0.1,2026-10-06 15:00:55,26.473684210526315,78.05263157894737,8.631578947368421,17.789473684210527,0.6,0.9352631578947368,,,,
4672,AF015,Pelabuhan Lameruru,2026-10-05 12:00:00,2026-10-06,2026-10-09,2026-10-06 13:00:00,Cerah,10.0,25.0,85.0,Timur Laut,1.0,,Tenang,0.3,Barat Daya,0.65,0.2,2026-10-06 15:00:55,26.36842105263158,78.73684210526316,8.631578947368421,,0.5684210526315789,0.898421052631579,,,,
4673,AF015,Pelabuhan Lameruru,2026-10-05 12:00:00,2026-10-06,2026-10-09,2026-10-06 14:00:00,Cerah,10.0,24.0,88.0,Barat Laut,3.0,,Tenang,0.3,Barat,0.63,0.28,2026-10-06 15:00:55,26.210526315789473,79.6842105263158,7.157894736842105,,0.531578947368421,0.8668421052631579,,,,
4674,AF015,Pelabuhan Lameruru,2026-10-05 12:00:00,2026-10-06,2026-10-09,2026-10-06 15:00:00,Cerah,10.0,23.0,92.0,Barat Laut,3.0,6.0,Tenang,0.3,Selatan,0.66,0.21,2026-10-06 15:00:55,26.0,80.6842105263158,7.157894736842105,15.68421052631579,0.5052631578947369,0.865263157894737,23.363636363636363,0.0,6.942424242424242,88.18181818181819
4675,AF015,Pelabuhan Lameruru,2026-10-05 12:00:00,2026-10-06,2026-10-09,2026-10-06 16:00:00,Berawan,10.0,23.0,96.0,Barat Laut,3.0,,Tenang,0.3,Selatan,0.66,0.1,2026-10-06 15:00:55,25.68421052631579,81.52631578947368,7.157894736842105,,0.46842105263157896,0.871578947368421,23.0,0.0,4.9,94.0
4676,AF015,Pelabuhan Lameruru,2026-10-05 12:00:00,2026-10-06,2026-10-09,2026-10-06 17:00:00,Berawan Tebal,10.0,22.0,97.0,Barat Laut,3.0,,Tenang,0.3,Tenggara,0.69,-0.15,2026-10-06 15:00:55,25.473684210526315,82.21052631578948,5.526315789473684,,0.4263157894736842,0.8736842105263158,,,,
4677,AF015,Pelabuhan Lameruru,2026-10-05 12:00:00,2026-10-06,2026-10-09,2026-10-06 18:00:00,Berawan,10.0,22.0,97.0,Barat Laut,3.0,7.0,Tenang,0.3,Tenggara,0.7,-0.28,2026-10-06 15:00:55,25.263157894736842,82.89473684210526,5.526315789473684,13.68421052631579,0.4105263157894737,0.8757894736842106,22.696969696969695,0.0,5.718181818181818,90.42424242424242
4678,AF015,Pelabuhan Lameruru,2026-10-05 12:00:00,2026-10-06,2026-10-09,2026-10-06 19:00:00,Berawan Tebal,10.0,22.0,97.0,Barat Laut,3.0,,Tenang,0.3,Tenggara,0.67,-0.39,2026-10-06 15:00:55,25.105263157894736,83.47368421052632,5.526315789473684,,0.4052631578947368,0.8721052631578947,22.0,0.0,5.6,97.0
4679,AF015,Pelabuhan Lameruru,2026-10-05 12:00:00,2026-10-06,2026-10-09,2026-10-06 20:00:00,Berawan Tebal,7.0,22.0,97.0,Barat Laut,4.0,,Tenang,0.3,Timur,0.61,-0.45,2026-10-06 15:00:55,24.94736842105263,84.3157894736842,5.7368421052631575,,0.41578947368421054,0.8663157894736843,,,,
4680,AF015,Pelabuhan Lameruru,2026-10-05 12:00:00,2026-10-06,2026-10-09,2026-10-06 21:00:00,Berawan Tebal,7.0,21.0,97.0,Barat Laut,4.0,7.0,Tenang,0.3,Timur Laut,0.62,-0.45,2026-10-06 15:00:55,24.842105263157894,84.84210526315789,5.7368421052631575,12.052631578947368,0.4105263157894737,0.8657894736842104,22.393939393939394,0.0,5.636363636363637,90.60606060606061
4681,AF015,Pelabuhan Lameruru,2026-10-05 12:00:00,2026-10-06,2026-10-09,2026-10-06 22:00:00,Berawan Tebal,7.0,21.0,97.0,Barat Laut,4.0,,Tenang,0.3,Utara,0.63,-0.28,2026-10-06 15:00:55,25.0,85.26315789473684,5.7368421052631575,,0.4263157894736842,0.8689473684210527,25.0,0.0,7.1,87.0
4682,AF015,Pelabuhan Lameruru,2026-10-05 12:00:00,2026-10-06,2026-10-09,2026-10-06 23:00:00,Berawan,10.0,23.0,84.0,Barat Laut,2.0,,Tenang,0.3,Tenggara,0.62,-0.07,2026-10-06 15:00:55,25.42105263157895,82.52631578947368,5.526315789473684,,0.46315789473684216,0.868421052631579,,,,
4683,AF016,Pelabuhan Molawe,2026-10-05 12:00:00,2026-10-06,2026-10-09,2026-10-06 00:00:00,Berawan Tebal,10.0,26.0,72.0,Timur,2.0,6.0,Tenang,0.1,Barat Daya,0.61,0.29,2026-10-06 15:00:55,26.05263157894737,79.0,5.421052631578948,14.473684210526315,0.431578947368421,0.8831578947368421,,,,
4684,AF016,Pelabuhan Molawe,2026-10-05 12:00:00,2026-10-06,2026-10-09,2026-10-06 01:00:00,Berawan,10.0,27.0,64.0,Timur,2.0,,Tenang,0.1,Selatan,0.6,0.38,2026-10-06 15:00:55,26.57894736842105,76.26315789473684,5.421052631578948,,0.4473684210526316,0.911578947368421,,,,
4685,AF016,Pelabuhan Molawe,2026-10-05 12:00:00,2026-10-06,2026-10-09,2026-10-06 02:00:00,Cerah Berawan,10.0,29.0,57.0,Timur,6.0,,Tenang,0.1,Barat Laut,0.66,0.22,2026-10-06 15:00:55,26.736842105263158,75.3157894736842,6.631578947368421,,0.45789473684210524,0.9563157894736843,,,,
4686,AF016,Pelabuhan Molawe,2026-10-05 12:00:00,2026-10-06,2026-10-09,2026-10-06 03:00:00,Berawan Tebal,10.0,29.0,54.0,Timur,6.0,11.0,Tenang,0.1,Barat Laut,0.71,-0.18,2026-10-06 15:00:55,26.842105263157894,74.84210526315789,6.631578947368421,18.05263157894737,0.46315789473684216,0.9863157894736841,,,,
4687,AF016,Pelabuhan Molawe,2026-10-05 12:00:00,2026-10-06,2026-10-09,2026-10-06 04:00:00,Berawan Tebal,10.0,29.0,54.0,Timur,6.0,,Tenang,0.1,Barat Laut,0.75,-0.48,2026-10-06 15:00:55,27.157894736842106,74.36842105263158,6.631578947368421,,0.46842105263157896,1.0036842105263157,,,,
4688,AF016,Pelabuhan Molawe,2026-10-05 12:00:00,2026-10-06,2026-10-09,2026-10-06 05:00:00,Berawan Tebal,10.0,30.0,55.0,Timur,6.0,,Tenang,0.1,Barat Laut,0.78,-0.77,2026-10-06 15:00:55,27.68421052631579,73.78947368421052,7.7368421052631575,,0.4842105263157894,1.0110526315789474,,,,
4689,AF016,Pelabuhan Molawe,2026-10-05 12:00:00,2026-10-06,2026-10-09,2026-10-06 06:00:00,Berawan Tebal,10.0,30.0,56.0,Timur,6.0,13.0,Tenang,0.1,Barat Laut,0.79,-0.93,2026-10-06 15:00:55,28.157894736842106,73.05263157894737,7.7368421052631575,20.157894736842106,0.5,1.0089473684210528,,,,
4690,AF016,Pelabuhan Molawe,2026-10-05 12:00:00,2026-10-06,2026-10-09,2026-10-06 07:00:00,Berawan Tebal,10.0,29.0,61.0,Timur,6.0,,Tenang,0.1,Barat Laut,0.8,-1.08,2026-10-06 15:00:55,27.94736842105263,72.84210526315789,7.7368421052631575,,0.5157894736842106,1.0057894736842106,,,,
4691,AF016,Pelabuhan Molawe,2026-10-05 12:00:00,2026-10-06,2026-10-09,2026-10-06 08:00:00,Berawan,10.0,28.0,68.0,Timur,5.0,,Tenang,0.2,Barat Laut,0.73,-1.06,2026-10-06 15:00:55,27.842105263157894,72.6842105263158,8.631578947368421,,0.5368421052631579,1.0005263157894737,,,,
4692,AF016,Pelabuhan Molawe,2026-10-05 12:00:00,2026-10-06,2026-10-09,2026-10-06 09:00:00,Cerah,10.0,27.0,73.0,Timur,5.0,12.0,Tenang,0.2,Barat Laut,0.74,-0.84,2026-10-06 15:00:55,27.63157894736842,72.94736842105263,8.631578947368421,19.736842105263158,0.5473684210526316,0.9957894736842107,,,,
4693,AF016,Pelabuhan Molawe,2026-10-05 12:00:00,2026-10-06,2026-10-09,2026-10-06 10:00:00,Cerah,10.0,25.0,81.0,Timur,5.0,,Tenang,0.1,Barat,0.69,-0.55,2026-10-06 15:00:55,27.105263157894736,74.6842105263158,8.631578947368421,,0.5842105263157894,0.9852631578947367,,,,
4694,AF016,Pelabuhan Molawe,2026-10-05 12:00:00,2026-10-06,2026-10-09,2026-10-06 11:00:00,Cerah,10.0,24.0,84.0,Barat Laut,1.0,,Tenang,0.1,Barat,0.63,-0.16,2026-10-06 15:00:55,26.842105263157894,76.84210526315789,8.631578947368421,,0.6052631578947368,0.9647368421052632,,,,
4695,AF016,Pelabuhan Molawe,2026-10-05 12:00:00,2026-10-06,2026-10-09,2026-10-06 12:00:00,Cerah,10.0,23.0,87.0,Barat Laut,1.0,9.0,Tenang,0.1,Barat,0.67,0.1,2026-10-06 15:00:55,26.473684210526315,78.05263157894737,8.631578947368421,17.789473684210527,0.6,0.9352631578947368,,,,
4696,AF016,Pelabuhan Molawe,2026-10-05 12:00:00,2026-10-06,2026-10-09,2026-10-06 13:00:00,Cerah,10.0,23.0,89.0,Barat Laut,1.0,,Tenang,0.1,Barat,0.65,0.23,2026-10-06 15:00:55,26.36842105263158,78.73684210526316,8.631578947368421,,0.5684210526315789,0.898421052631579,,,,
4697,AF016,Pelabuhan Molawe,2026-10-05 12:00:00,2026-10-06,2026-10-09,2026-10-06 14:00:00,Cerah Berawan,10.0,22.0,91.0,Barat,3.0,,Tenang,0.1,Barat,0.64,0.38,2026-10-06 15:00:55,26.210526315789473,79.6842105263158,7.157894736842105,,0.531578947368421,0.8668421052631579,,,,
4698,AF016,Pelabuhan Molawe,2026-10-05 12:00:00,2026-10-06,2026-10-09,2026-10-06 15:00:00,Cerah Berawan,10.0,22.0,91.0,Barat,3.0,7.0,Tenang,0.1,Barat,0.63,0.28,2026-10-06 15:00:55,26.0,80.6842105263158,7.157894736842105,15.68421052631579,0.5052631578947369,0.865263157894737,23.363636363636363,0.0,6.942424242424242,88.18181818181819
4699,AF016,Pelabuhan Molawe,2026-10-05 12:00:00,2026-10-06,2026-10-09,2026-10-06 16:00:00,Cerah,10.0,22.0,90.0,Barat,3.0,,Tenang,0.1,Barat Laut,0.62,0.1,2026-10-06 15:00:55,25.68421052631579,81.52631578947368,7.157894736842105,,0.46842105263157896,0.871578947368421,23.0,0.0,4.9,94.0
4700,AF016,Pelabuhan Molawe,2026-10-05 12:00:00,2026-10-06,2026-10-09,2026-10-06 17:00:00,Berawan Tebal,10.0,22.0,90.0,Barat,2.0,,Tenang,0.1,Selatan,0.58,-0.13,2026-10-06 15:00:55,25.473684210526315,82.21052631578948,5.526315789473684,,0.4263157894736842,0.8736842105263158,,,,
4701,AF016,Pelabuhan Molawe,2026-10-05 12:00:00,2026-10-06,2026-10-09,2026-10-06 18:00:00,Berawan Tebal,10.0,22.0,90.0,Barat,2.0,7.0,Tenang,0.1,Timur,0.62,-0.32,2026-10-06 15:00:55,25.263157894736842,82.89473684210526,5.526315789473684,13.68421052631579,0.4105263157894737,0.8757894736842106,22.696969696969695,0.0,5.718181818181818,90.42424242424242
4702,AF016,Pelabuhan Molawe,2026-10-05 12:00:00,2026-10-06,2026-10-09,2026-10-06 19:00:00,Berawan Tebal,10.0,22.0,90.0,Barat,2.0,,Tenang,0.1,Timur,0.6,-0.42,2026-10-06 15:00:55,25.105263157894736,83.47368421052632,5.526315789473684,,0.4052631578947368,0.8721052631578947,22.0,0.0,5.6,97.0
4703,AF016,Pelabuhan Molawe,2026-10-05 12:00:00,2026-10-06,2026-10-09,2026-10-06 20:00:00,Berawan,10.0,22.0,91.0,Barat,1.0,,Tenang,0.1,Timur,0.64,-0.45,2026-10-06 15:00:55,24.94736842105263,84.3157894736842,5.7368421052631575,,0.41578947368421054,0.8663157894736843,,,,
4704,AF016,Pelabuhan Molawe,2026-10-05 12:00:00,2026-10-06,2026-10-09,2026-10-06 21:00:00,Berawan,10.0,22.0,89.0,Barat,1.0,5.0,Tenang,0.1,Timur Laut,0.6,-0.41,2026-10-06 15:00:55,24.842105263157894,84.84210526315789,5.7368421052631575,12.052631578947368,0.4105263157894737,0.8657894736842104,22.393939393939394,0.0,5.636363636363637,90.60606060606061
4705,AF016,Pelabuhan Molawe,2026-10-05 12:00:00,2026-10-06,2026-10-09,2026-10-06 22:00:00,Berawan Tebal,10.0,22.0,88.0,Barat,1.0,,Tenang,0.1,Timur,0.6,-0.28,2026-10-06 15:00:55,25.0,85.26315789473684,5.7368421052631575,,0.4263157894736842,0.8689473684210527,25.0,0.0,7.1,87.0
4706,AF016,Pelabuhan Molawe,2026-10-05 12:00:00,2026-10-06,2026-10-09,2026-10-06 23:00:00,Cerah Berawan,10.0,25.0,79.0,Timur,2.0,,Tenang,0.1,Timur,0.61,-0.06,2026-10-06 15:00:55,25.42105263157895,82.52631578947368,5.526315789473684,,0.46315789473684216,0.868421052631579,,,,
4707,AF017,Pelabuhan Amolengo,2026-10-05 12:00:00,2026-10-06,2026-10-09,2026-10-06 00:00:00,Berawan Tebal,10.0,26.0,78.0,Timur Laut,2.0,8.0,Tenang,0.1,Barat Daya,0.77,0.34,2026-10-06 15:00:55,26.05263157894737,79.0,5.421052631578948,14.473684210526315,0.431578947368421,0.8831578947368421,,,,
4708,AF017,Pelabuhan Amolengo,2026-10-05 12:00:00,2026-10-06,2026-10-09,2026-10-06 01:00:00,Berawan,10.0,27.0,69.0,Timur Laut,2.0,,Tenang,0.1,Timur Laut,0.82,0.32,2026-10-06 15:00:55,26.57894736842105,76.26315789473684,5.421052631578948,,0.4473684210526316,0.911578947368421,,,,
4709,AF017,Pelabuhan Amolengo,2026-10-05 12:00:00,2026-10-06,2026-10-09,2026-10-06 02:00:00,Cerah Berawan,10.0,28.0,66.0,Timur Laut,8.0,,Tenang,0.1,Timur Laut,1.2,0.1,2026-10-06 15:00:55,26.736842105263158,75.3157894736842,6.631578947368421,,0.45789473684210524,0.9563157894736843,,,,
4710,AF017,Pelabuhan Amolengo,2026-10-05 12:00:00,2026-10-06,2026-10-09,2026-10-06 03:00:00,Berawan Tebal,10.0,28.0,68.0,Timur Laut,8.0,18.0,Tenang,0.1,Timur Laut,1.35,-0.16,2026-10-06 15:00:55,26.842105263157894,74.84210526315789,6.631578947368421,18.05263157894737,0.46315789473684216,0.9863157894736841,,,,
4711,AF017,Pelabuhan Amolengo,2026-10-05 12:00:00,2026-10-06,2026-10-09,2026-10-06 04:00:00,Berawan Tebal,10.0,29.0,67.0,Timur Laut,8.0,,Tenang,0.1,Timur Laut,1.33,-0.54,2026-10-06 15:00:55,27.157894736842106,74.36842105263158,6.631578947368421,,0.46842105263157896,1.0036842105263157,,,,
4712,AF017,Pelabuhan Amolengo,2026-10-05 12:00:00,2026-10-06,2026-10-09,2026-10-06 05:00:00,Berawan Tebal,10.0,29.0,65.0,Timur Laut,9.0,,Tenang,0.1,Timur Laut,1.07,-0.83,2026-10-06 15:00:55,27.68421052631579,73.78947368421052,7.7368421052631575,,0.4842105263157894,1.0110526315789474,,,,
4713,AF017,Pelabuhan Amolengo,2026-10-05 12:00:00,2026-10-06,2026-10-09,2026-10-06 06:00:00,Berawan Tebal,10.0,29.0,64.0,Timur Laut,9.0,22.0,Tenang,0.1,Timur Laut,0.69,-1.07,2026-10-06 15:00:55,28.157894736842106,73.05263157894737,7.7368421052631575,20.157894736842106,0.5,1.0089473684210528,,,,
4714,AF017,Pelabuhan Amolengo,2026-10-05 12:00:00,2026-10-06,2026-10-09,2026-10-06 07:00:00,Cerah Berawan,10.0,29.0,63.0,Timur Laut,9.0,,Tenang,0.1,Barat Daya,0.88,-1.14,2026-10-06 15:00:55,27.94736842105263,72.84210526315789,7.7368421052631575,,0.5157894736842106,1.0057894736842106,,,,
4715,AF017,Pelabuhan Amolengo,2026-10-05 12:00:00,2026-10-06,2026-10-09,2026-10-06 08:00:00,Cerah,10.0,28.0,65.0,Timur Laut,5.0,,Tenang,0.1,Barat Daya,1.29,-1.14,2026-10-06 15:00:55,27.842105263157894,72.6842105263158,8.631578947368421,,0.5368421052631579,1.0005263157894737,,,,
4716,AF017,Pelabuhan Amolengo,2026-10-05 12:00:00,2026-10-06,2026-10-09,2026-10-06 09:00:00,Cerah,10.0,27.0,69.0,Timur Laut,5.0,21.0,Tenang,0.1,Barat Daya,1.55,-0.98,2026-10-06 15:00:55,27.63157894736842,72.94736842105263,8.631578947368421,19.736842105263158,0.5473684210526316,0.9957894736842107,,,,
4717,AF017,Pelabuhan Amolengo,2026-10-05 12:00:00,2026-10-06,2026-10-09,2026-10-06 10:00:00,Cerah,10.0,25.0,77.0,Timur Laut,5.0,,Tenang,0.1,Barat Daya,1.67,-0.67,2026-10-06 15:00:55,27.105263157894736,74.6842105263158,8.631578947368421,,0.5842105263157894,0.9852631578947367,,,,
4718,AF017,Pelabuhan Amolengo,2026-10-05 12:00:00,2026-10-06,2026-10-09,2026-10-06 11:00:00,Cerah,10.0,24.0,85.0,Timur Laut,3.0,,Tenang,0.1,Barat Daya,1.58,-0.34,2026-10-06 15:00:55,26.842105263157894,76.84210526315789,8.631578947368421,,0.6052631578947368,0.9647368421052632,,,,
4719,AF017,Pelabuhan Amolengo,2026-10-05 12:00:00,2026-10-06,2026-10-09,2026-10-06 12:00:00,Cerah,10.0,23.0,92.0,Timur Laut,3.0,12.0,Tenang,0.1,Barat Daya,1.31,0.01,2026-10-06 15:00:55,26.473684210526315,78.05263157894737,8.631578947368421,17.789473684210527,0.6,0.9352631578947368,,,,
4720,AF017,Pelabuhan Amolengo,2026-10-05 12:00:00,2026-10-06,2026-10-09,2026-10-06 13:00:00,Cerah Berawan,10.0,23.0,93.0,Timur Laut,3.0,,Tenang,0.1,Barat Daya,0.91,0.27,2026-10-06 15:00:55,26.36842105263158,78.73684210526316,8.631578947368421,,0.5684210526315789,0.898421052631579,,,,
4721,AF017,Pelabuhan Amolengo,2026-10-05 12:00:00,2026-10-06,2026-10-09,2026-10-06 14:00:00,Berawan Tebal,8.0,22.0,95.0,Timur Laut,2.0,,Tenang,0.1,Timur Laut,0.66,0.36,2026-10-06 15:00:55,26.210526315789473,79.6842105263158,7.157894736842105,,0.531578947368421,0.8668421052631579,,,,
4722,AF017,Pelabuhan Amolengo,2026-10-05 12:00:00,2026-10-06,2026-10-09,2026-10-06 15:00:00,Berawan,8.0,22.0,96.0,Timur Laut,2.0,6.0,Tenang,0.1,Timur Laut,1.05,0.32,2026-10-06 15:00:55,26.0,80.6842105263158,7.157894736842105,15.68421052631579,0.5052631578947369,0.865263157894737,23.363636363636363,0.0,6.942424242424242,88.18181818181819
4723,AF017,Pelabuhan Amolengo,2026-10-05 12:00:00,2026-10-06,2026-10-09,2026-10-06 16:00:00,Berawan,8.0,22.0,97.0,Timur Laut,2.0,,Tenang,0.1,Timur Laut,1.25,0.18,2026-10-06 15:00:55,25.68421052631579,81.52631578947368,7.157894736842105,,0.46842105263157896,0.871578947368421,23.0,0.0,4.9,94.0
4724,AF017,Pelabuhan Amolengo,2026-10-05 12:00:00,2026-10-06,2026-10-09,2026-10-06 17:00:00,Berawan,7.0,22.0,97.0,Timur Laut,2.0,,Tenang,0.1,Timur Laut,1.25,-0.04,2026-10-06 15:00:55,25.473684210526315,82.21052631578948,5.526315789473684,,0.4263157894736842,0.8736842105263158,,,,
4725,AF017,Pelabuhan Amolengo,2026-10-05 12:00:00,2026-10-06,2026-10-09,2026-10-06 18:00:00,Berawan,7.0,22.0,98.0,Timur Laut,2.0,6.0,Tenang,0.1,Timur Laut,1.08,-0.24,2026-10-06 15:00:55,25.263157894736842,82.89473684210526,5.526315789473684,13.68421052631579,0.4105263157894737,0.8757894736842106,22.696969696969695,0.0,5.718181818181818,90.42424242424242
4726,AF017,Pelabuhan Amolengo,2026-10-05 12:00:00,2026-10-06,2026-10-09,2026-10-06 19:00:00,Berawan,7.0,22.0,98.0,Timur Laut,2.0,,Tenang,0.1,Timur Laut,0.79,-0.39,2026-10-06 15:00:55,25.105263157894736,83.47368421052632,5.526315789473684,,0.4052631578947368,0.8721052631578947,22.0,0.0,5.6,97.0
4727,AF017,Pelabuhan Amolengo,2026-10-05 12:00:00,2026-10-06,2026-10-09,2026-10-06 20:00:00,Berawan Tebal,8.0,22.0,98.0,Timur,2.0,,Tenang,0.1,Barat Daya,0.75,-0.47,2026-10-06 15:00:55,24.94736842105263,84.3157894736842,5.7368421052631575,,0.41578947368421054,0.8663157894736843,,,,
4728,AF017,Pelabuhan Amolengo,2026-10-05 12:00:00,2026-10-06,2026-10-09,2026-10-06 21:00:00,Berawan,8.0,22.0,98.0,Timur,2.0,6.0,Tenang,0.1,Barat Daya,1.1,-0.43,2026-10-06 15:00:55,24.842105263157894,84.84210526315789,5.7368421052631575,12.052631578947368,0.4105263157894737,0.8657894736842104,22.393939393939394,0.0,5.636363636363637,90.60606060606061
4729,AF017,Pelabuhan Amolengo,2026-10-05 12:00:00,2026-10-06,2026-10-09,2026-10-06 22:00:00,Berawan,8.0,22.0,97.0,Timur,2.0,,Tenang,0.1,Barat Daya,1.32,-0.31,2026-10-06 15:00:55,25.0,85.26315789473684,5.7368421052631575,,0.4263157894736842,0.8689473684210527,25.0,0.0,7.1,87.0
4730,AF017,Pelabuhan Amolengo,2026-10-05 12:00:00,2026-10-06,2026-10-09,2026-10-06 23:00:00,Berawan,10.0,24.0,89.0,Timur Laut,2.0,,Tenang,0.1,Barat Daya,1.38,-0.09,2026-10-06 15:00:55,25.42105263157895,82.52631578947368,5.526315789473684,,0.46315789473684216,0.868421052631579,,,,
4731,AF018,Pelabuhan Torobulu,2026-10-05 12:00:00,2026-10-06,2026-10-09,2026-10-06 00:00:00,Berawan,10.0,27.0,74.0,Timur Laut,4.0,9.0,Tenang,0.1,Tenggara,0.6,0.63,2026-10-06 15:00:55,26.05263157894737,79.0,5.421052631578948,14.473684210526315,0.431578947368421,0.8831578947368421,,,,
4732,AF018,Pelabuhan Torobulu,2026-10-05 12:00:00,2026-10-06,2026-10-09,2026-10-06 01:00:00,Berawan Tebal,10.0,27.0,70.0,Timur Laut,4.0,,Tenang,0.1,Barat,0.61,0.59,2026-10-06 15:00:55,26.57894736842105,76.26315789473684,5.421052631578948,,0.4473684210526316,0.911578947368421,,,,
4733,AF018,Pelabuhan Torobulu,2026-10-05 12:00:00,2026-10-06,2026-10-09,2026-10-06 02:00:00,Cerah Berawan,10.0,28.0,70.0,Tenggara,3.0,,Tenang,0.1,Barat,0.64,0.34,2026-10-06 15:00:55,26.736842105263158,75.3157894736842,6.631578947368421,,0.45789473684210524,0.9563157894736843,,,,
4734,AF018,Pelabuhan Torobulu,2026-10-05 12:00:00,2026-10-06,2026-10-09,2026-10-06 03:00:00,Berawan Tebal,10.0,29.0,65.0,Tenggara,3.0,9.0,Tenang,0.1,Barat,0.72,-0.06,2026-10-06 15:00:55,26.842105263157894,74.84210526315789,6.631578947368421,18.05263157894737,0.46315789473684216,0.9863157894736841,,,,
4735,AF018,Pelabuhan Torobulu,2026-10-05 12:00:00,2026-10-06,2026-10-09,2026-10-06 04:00:00,Berawan Tebal,10.0,29.0,63.0,Tenggara,3.0,,Tenang,0.1,Barat,0.79,-0.54,2026-10-06 15:00:55,27.157894736842106,74.36842105263158,6.631578947368421,,0.46842105263157896,1.0036842105263157,,,,
4736,AF018,Pelabuhan Torobulu,2026-10-05 12:00:00,2026-10-06,2026-10-09,2026-10-06 05:00:00,Berawan Tebal,10.0,30.0,58.0,Timur Laut,4.0,,Tenang,0.1,Barat,0.88,-0.94,2026-10-06 15:00:55,27.68421052631579,73.78947368421052,7.7368421052631575,,0.4842105263157894,1.0110526315789474,,,,
4737,AF018,Pelabuhan Torobulu,2026-10-05 12:00:00,2026-10-06,2026-10-09,2026-10-06 06:00:00,Berawan Tebal,10.0,31.0,55.0,Timur Laut,4.0,12.0,Tenang,0.1,Barat,0.97,-1.25,2026-10-06 15:00:55,28.157894736842106,73.05263157894737,7.7368421052631575,20.157894736842106,0.5,1.0089473684210528,,,,
4738,AF018,Pelabuhan Torobulu,2026-10-05 12:00:00,2026-10-06,2026-10-09,2026-10-06 07:00:00,Berawan Tebal,10.0,31.0,56.0,Timur Laut,4.0,,Tenang,0.1,Barat,1.02,-1.4,2026-10-06 15:00:55,27.94736842105263,72.84210526315789,7.7368421052631575,,0.5157894736842106,1.0057894736842106,,,,
4739,AF018,Pelabuhan Torobulu,2026-10-05 12:00:00,2026-10-06,2026-10-09,2026-10-06 08:00:00,Cerah Berawan,10.0,30.0,57.0,Timur,11.0,,Tenang,0.1,Barat,1.03,-1.39,2026-10-06 15:00:55,27.842105263157894,72.6842105263158,8.631578947368421,,0.5368421052631579,1.0005263157894737,,,,
4740,AF018,Pelabuhan Torobulu,2026-10-05 12:00:00,2026-10-06,2026-10-09,2026-10-06 09:00:00,Cerah,10.0,30.0,57.0,Timur,11.0,15.0,Tenang,0.1,Barat,0.97,-1.15,2026-10-06 15:00:55,27.63157894736842,72.94736842105263,8.631578947368421,19.736842105263158,0.5473684210526316,0.9957894736842107,,,,
4741,AF018,Pelabuhan Torobulu,2026-10-05 12:00:00,2026-10-06,2026-10-09,2026-10-06 10:00:00,Cerah,10.0,29.0,60.0,Timur,11.0,,Tenang,0.1,Barat,0.92,-0.72,2026-10-06 15:00:55,27.105263157894736,74.6842105263158,8.631578947368421,,0.5842105263157894,0.9852631578947367,,,,
4742,AF018,Pelabuhan Torobulu,2026-10-05 12:00:00,2026-10-06,2026-10-09,2026-10-06 11:00:00,Cerah,10.0,28.0,64.0,Timur,11.0,,Tenang,0.3,Barat,0.84,-0.24,2026-10-06 15:00:55,26.842105263157894,76.84210526315789,8.631578947368421,,0.6052631578947368,0.9647368421052632,,,,
4743,AF018,Pelabuhan Torobulu,2026-10-05 12:00:00,2026-10-06,2026-10-09,2026-10-06 12:00:00,Cerah,10.0,27.0,68.0,Timur,11.0,15.0,Tenang,0.4,Barat,0.77,0.23,2026-10-06 15:00:55,26.473684210526315,78.05263157894737,8.631578947368421,17.789473684210527,0.6,0.9352631578947368,,,,
4744,AF018,Pelabuhan Torobulu,2026-10-05 12:00:00,2026-10-06,2026-10-09,2026-10-06 13:00:00,Cerah,10.0,27.0,72.0,Timur,11.0,,Tenang,0.3,Barat Laut,0.65,0.52,2026-10-06 15:00:55,26.36842105263158,78.73684210526316,8.631578947368421,,0.5684210526315789,0.898421052631579,,,,
4745,AF018,Pelabuhan Torobulu,2026-10-05 12:00:00,2026-10-06,2026-10-09,2026-10-06 14:00:00,Cerah Berawan,10.0,26.0,76.0,Timur,9.0,,Tenang,0.3,Utara,0.61,0.62,2026-10-06 15:00:55,26.210526315789473,79.6842105263158,7.157894736842105,,0.531578947368421,0.8668421052631579,,,,
4746,AF018,Pelabuhan Torobulu,2026-10-05 12:00:00,2026-10-06,2026-10-09,2026-10-06 15:00:00,Cerah Berawan,10.0,25.0,80.0,Timur,9.0,14.0,Tenang,0.3,Timur,0.61,0.52,2026-10-06 15:00:55,26.0,80.6842105263158,7.157894736842105,15.68421052631579,0.5052631578947369,0.865263157894737,23.363636363636363,0.0,6.942424242424242,88.18181818181819
4747,AF018,Pelabuhan Torobulu,2026-10-05 12:00:00,2026-10-06,2026-10-09,2026-10-06 16:00:00,Cerah Berawan,10.0,24.0,85.0,Timur,9.0,,Tenang,0.2,Timur,0.62,0.26,2026-10-06 15:00:55,25.68421052631579,81.52631578947368,7.157894736842105,,0.46842105263157896,0.871578947368421,23.0,0.0,4.9,94.0
4748,AF018,Pelabuhan Torobulu,2026-10-05 12:00:00,2026-10-06,2026-10-09,2026-10-06 17:00:00,Cerah Berawan,10.0,24.0,88.0,Utara,5.0,,Tenang,0.2,Tenggara,0.61,-0.05,2026-10-06 15:00:55,25.473684210526315,82.21052631578948,5.526315789473684,,0.4263157894736842,0.8736842105263158,,,,
4749,AF018,Pelabuhan Torobulu,2026-10-05 12:00:00,2026-10-06,2026-10-09,2026-10-06 18:00:00,Cerah,10.0,23.0,88.0,Utara,5.0,13.0,Tenang,0.1,Barat Daya,0.62,-0.36,2026-10-06 15:00:55,25.263157894736842,82.89473684210526,5.526315789473684,13.68421052631579,0.4105263157894737,0.8757894736842106,22.696969696969695,0.0,5.718181818181818,90.42424242424242
4750,AF018,Pelabuhan Torobulu,2026-10-05 12:00:00,2026-10-06,2026-10-09,2026-10-06 19:00:00,Cerah,10.0,23.0,91.0,Utara,5.0,,Tenang,0.1,Barat Daya,0.65,-0.58,2026-10-06 15:00:55,25.105263157894736,83.47368421052632,5.526315789473684,,0.4052631578947368,0.8721052631578947,22.0,0.0,5.6,97.0
4751,AF018,Pelabuhan Torobulu,2026-10-05 12:00:00,2026-10-06,2026-10-09,2026-10-06 20:00:00,Cerah Berawan,10.0,22.0,93.0,Timur Laut,5.0,,Tenang,0.1,Barat,0.69,-0.69,2026-10-06 15:00:55,24.94736842105263,84.3157894736842,5.7368421052631575,,0.41578947368421054,0.8663157894736843,,,,
4752,AF018,Pelabuhan Torobulu,2026-10-05 12:00:00,2026-10-06,2026-10-09,2026-10-06 21:00:00,Cerah Berawan,10.0,22.0,94.0,Timur Laut,5.0,10.0,Tenang,0.1,Barat,0.69,-0.62,2026-10-06 15:00:55,24.842105263157894,84.84210526315789,5.7368421052631575,12.052631578947368,0.4105263157894737,0.8657894736842104,22.393939393939394,0.0,5.636363636363637,90.60606060606061
4753,AF018,Pelabuhan Torobulu,2026-10-05 12:00:00,2026-10-06,2026-10-09,2026-10-06 22:00:00,Cerah Berawan,10.0,23.0,93.0,Timur Laut,5.0,,Tenang,0.1,Barat,0.68,-0.4,2026-10-06 15:00:55,25.0,85.26315789473684,5.7368421052631575,,0.4263157894736842,0.8689473684210527,25.0,0.0,7.1,87.0
4754,AF018,Pelabuhan Torobulu,2026-10-05 12:00:00,2026-10-06,2026-10-09,2026-10-06 23:00:00,Cerah Berawan,10.0,25.0,82.0,Timur Laut,3.0,,Tenang,0.1,Barat,0.64,-0.08,2026-10-06 15:00:55,25.42105263157895,82.52631578947368,5.526315789473684,,0.46315789473684216,0.868421052631579,,,,
4755,AF019,Pelabuhan Langara,2026-10-05 12:00:00,2026-10-06,2026-10-09,2026-10-06 00:00:00,Berawan Tebal,10.0,25.0,86.0,Barat Laut,3.0,6.0,Tenang,0.1,Utara,0.7,0.27,2026-10-06 15:00:55,26.05263157894737,79.0,5.421052631578948,14.473684210526315,0.431578947368421,0.8831578947368421,,,,
4756,AF019,Pelabuhan Langara,2026-10-05 12:00:00,2026-10-06,2026-10-09,2026-10-06 01:00:00,Cerah Berawan,10.0,26.0,78.0,Barat Laut,3.0,,Tenang,0.1,Utara,0.73,0.21,2026-10-06 15:00:55,26.57894736842105,76.26315789473684,5.421052631578948,,0.4473684210526316,0.911578947368421,,,,
4757,AF019,Pelabuhan Langara,2026-10-05 12:00:00,2026-10-06,2026-10-09,2026-10-06 02:00:00,Berawan,10.0,27.0,76.0,Barat Laut,7.0,,Tenang,0.1,Timur Laut,0.77,0.04,2026-10-06 15:00:55,26.736842105263158,75.3157894736842,6.631578947368421,,0.45789473684210524,0.9563157894736843,,,,
4758,AF019,Pelabuhan Langara,2026-10-05 12:00:00,2026-10-06,2026-10-09,2026-10-06 03:00:00,Berawan Tebal,10.0,27.0,75.0,Barat Laut,7.0,14.0,Tenang,0.1,Timur Laut,0.8,-0.24,2026-10-06 15:00:55,26.842105263157894,74.84210526315789,6.631578947368421,18.05263157894737,0.46315789473684216,0.9863157894736841,,,,
4759,AF019,Pelabuhan Langara,2026-10-05 12:00:00,2026-10-06,2026-10-09,2026-10-06 04:00:00,Berawan Tebal,10.0,28.0,72.0,Barat Laut,7.0,,Tenang,0.1,Timur Laut,0.81,-0.55,2026-10-06 15:00:55,27.157894736842106,74.36842105263158,6.631578947368421,,0.46842105263157896,1.0036842105263157,,,,
4760,AF019,Pelabuhan Langara,2026-10-05 12:00:00,2026-10-06,2026-10-09,2026-10-06 05:00:00,Berawan Tebal,10.0,29.0,64.0,Timur Laut,4.0,,Tenang,0.1,Timur Laut,0.83,-0.82,2026-10-06 15:00:55,27.68421052631579,73.78947368421052,7.7368421052631575,,0.4842105263157894,1.0110526315789474,,,,
4761,AF019,Pelabuhan Langara,2026-10-05 12:00:00,2026-10-06,2026-10-09,2026-10-06 06:00:00,Berawan,10.0,31.0,56.0,Timur Laut,4.0,15.0,Tenang,0.1,Timur Laut,0.79,-1.0,2026-10-06 15:00:55,28.157894736842106,73.05263157894737,7.7368421052631575,20.157894736842106,0.5,1.0089473684210528,,,,
4762,AF019,Pelabuhan Langara,2026-10-05 12:00:00,2026-10-06,2026-10-09,2026-10-06 07:00:00,Cerah,10.0,30.0,54.0,Timur Laut,4.0,,Tenang,0.1,Timur Laut,0.68,-1.04,2026-10-06 15:00:55,27.94736842105263,72.84210526315789,7.7368421052631575,,0.5157894736842106,1.0057894736842106,,,,
4763,AF019,Pelabuhan Langara,2026-10-05 12:00:00,2026-10-06,2026-10-09,2026-10-06 08:00:00,Cerah,10.0,30.0,52.0,Timur,6.0,,Tenang,0.1,Selatan,0.71,-0.98,2026-10-06 15:00:55,27.842105263157894,72.6842105263158,8.631578947368421,,0.5368421052631579,1.0005263157894737,,,,
4764,AF019,Pelabuhan Langara,2026-10-05 12:00:00,2026-10-06,2026-10-09,2026-10-06 09:00:00,Cerah,10.0,28.0,55.0,Timur,6.0,11.0,Tenang,0.1,Selatan,0.92,-0.79,2026-10-06 15:00:55,27.63157894736842,72.94736842105263,8.631578947368421,19.736842105263158,0.5473684210526316,0.9957894736842107,,,,
4765,AF019,Pelabuhan Langara,2026-10-05 12:00:00,2026-10-06,2026-10-09,2026-10-06 10:00:00,Cerah,10.0,26.0,66.0,Timur,6.0,,Tenang,0.1,Barat Daya,0.91,-0.51,2026-10-06 15:00:55,27.105263157894736,74.6842105263158,8.631578947368421,,0.5842105263157894,0.9852631578947367,,,,
4766,AF019,Pelabuhan Langara,2026-10-05 12:00:00,2026-10-06,2026-10-09,2026-10-06 11:00:00,Cerah,10.0,25.0,79.0,Tenggara,6.0,,Tenang,0.1,Barat Daya,0.8,-0.22,2026-10-06 15:00:55,26.842105263157894,76.84210526315789,8.631578947368421,,0.6052631578947368,0.9647368421052632,,,,
4767,AF019,Pelabuhan Langara,2026-10-05 12:00:00,2026-10-06,2026-10-09,2026-10-06 12:00:00,Cerah,10.0,25.0,85.0,Tenggara,6.0,10.0,Tenang,0.1,Barat,0.74,0.02,2026-10-06 15:00:55,26.473684210526315,78.05263157894737,8.631578947368421,17.789473684210527,0.6,0.9352631578947368,,,,
4768,AF019,Pelabuhan Langara,2026-10-05 12:00:00,2026-10-06,2026-10-09,2026-10-06 13:00:00,Cerah Berawan,10.0,24.0,87.0,Tenggara,6.0,,Tenang,0.1,Barat,0.69,0.2,2026-10-06 15:00:55,26.36842105263158,78.73684210526316,8.631578947368421,,0.5684210526315789,0.898421052631579,,,,
4769,AF019,Pelabuhan Langara,2026-10-05 12:00:00,2026-10-06,2026-10-09,2026-10-06 14:00:00,Cerah,10.0,24.0,88.0,Tenggara,4.0,,Tenang,0.1,Barat,0.6,0.3,2026-10-06 15:00:55,26.210526315789473,79.6842105263158,7.157894736842105,,0.531578947368421,0.8668421052631579,,,,
4770,AF019,Pelabuhan Langara,2026-10-05 12:00:00,2026-10-06,2026-10-09,2026-10-06 15:00:00,Cerah,10.0,24.0,89.0,Tenggara,4.0,7.0,Tenang,0.1,Timur,0.64,0.26,2026-10-06 15:00:55,26.0,80.6842105263158,7.157894736842105,15.68421052631579,0.5052631578947369,0.865263157894737,23.363636363636363,0.0,6.942424242424242,88.18181818181819
4771,AF019,Pelabuhan Langara,2026-10-05 12:00:00,2026-10-06,2026-10-09,2026-10-06 16:00:00,Cerah,10.0,24.0,89.0,Tenggara,4.0,,Tenang,0.1,Timur,0.68,0.1,2026-10-06 15:00:55,25.68421052631579,81.52631578947368,7.157894736842105,,0.46842105263157896,0.871578947368421,23.0,0.0,4.9,94.0
4772,AF019,Pelabuhan Langara,2026-10-05 12:00:00,2026-10-06,2026-10-09,2026-10-06 17:00:00,Cerah Berawan,10.0,23.0,91.0,Tenggara,1.0,,Tenang,0.1,Timur Laut,0.7,-0.1,2026-10-06 15:00:55,25.473684210526315,82.21052631578948,5.526315789473684,,0.4263157894736842,0.8736842105263158,,,,
4773,AF019,Pelabuhan Langara,2026-10-05 12:00:00,2026-10-06,2026-10-09,2026-10-06 18:00:00,Cerah Berawan,10.0,23.0,92.0,Tenggara,1.0,3.0,Tenang,0.1,Timur Laut,0.68,-0.27,2026-10-06 15:00:55,25.263157894736842,82.89473684210526,5.526315789473684,13.68421052631579,0.4105263157894737,0.8757894736842106,22.696969696969695,0.0,5.718181818181818,90.42424242424242
4774,AF019,Pelabuhan Langara,2026-10-05 12:00:00,2026-10-06,2026-10-09,2026-10-06 19:00:00,Cerah Berawan,10.0,23.0,94.0,Tenggara,1.0,,Tenang,0.1,Utara,0.66,-0.41,2026-10-06 15:00:55,25.105263157894736,83.47368421052632,5.526315789473684,,0.4052631578947368,0.8721052631578947,22.0,0.0,5.6,97.0
4775,AF019,Pelabuhan Langara,2026-10-05 12:00:00,2026-10-06,2026-10-09,2026-10-06 20:00:00,Cerah Berawan,8.0,23.0,95.0,Selatan,2.0,,Tenang,0.1,Barat Laut,0.62,-0.45,2026-10-06 15:00:55,24.94736842105263,84.3157894736842,5.7368421052631575,,0.41578947368421054,0.8663157894736843,,,,
4776,AF019,Pelabuhan Langara,2026-10-05 12:00:00,2026-10-06,2026-10-09,2026-10-06 21:00:00,Cerah Berawan,8.0,23.0,97.0,Selatan,2.0,5.0,Tenang,0.1,Barat Daya,0.66,-0.41,2026-10-06 15:00:55,24.842105263157894,84.84210526315789,5.7368421052631575,12.052631578947368,0.4105263157894737,0.8657894736842104,22.393939393939394,0.0,5.636363636363637,90.60606060606061
4777,AF019,Pelabuhan Langara,2026-10-05 12:00:00,2026-10-06,2026-10-09,2026-10-06 22:00:00,Berawan,8.0,23.0,97.0,Selatan,2.0,,Tenang,0.1,Barat Daya,0.69,-0.25,2026-10-06 15:00:55,25.0,85.26315789473684,5.7368421052631575,,0.4263157894736842,0.8689473684210527,25.0,0.0,7.1,87.0
4778,AF019,Pelabuhan Langara,2026-10-05 12:00:00,2026-10-06,2026-10-09,2026-10-06 23:00:00,Cerah Berawan,10.0,24.0,92.0,Barat,2.0,,Tenang,0.1,Barat,0.65,-0.05,2026-10-06 15:00:55,25.42105263157895,82.52631578947368,5.526315789473684,,0.46315789473684216,0.868421052631579,,,,
4779,AF020,Pelabuhan Munse,2026-10-05 12:00:00,2026-10-06,2026-10-09,2026-10-06 00:00:00,Cerah Berawan,10.0,26.0,77.0,Tenggara,7.0,10.0,Rendah,0.5,Timur Laut,0.88,0.26,2026-10-06 15:00:55,26.05263157894737,79.0,5.421052631578948,14.473684210526315,0.431578947368421,0.8831578947368421,,,,
4780,AF020,Pelabuhan Munse,2026-10-05 12:00:00,2026-10-06,2026-10-09,2026-10-06 01:00:00,Cerah Berawan,10.0,26.0,74.0,Tenggara,7.0,,Rendah,0.6,Timur Laut,0.87,0.18,2026-10-06 15:00:55,26.57894736842105,76.26315789473684,5.421052631578948,,0.4473684210526316,0.911578947368421,,,,
4781,AF020,Pelabuhan Munse,2026-10-05 12:00:00,2026-10-06,2026-10-09,2026-10-06 02:00:00,Berawan,10.0,27.0,72.0,Tenggara,6.0,,Rendah,0.5,Timur Laut,0.88,0.0,2026-10-06 15:00:55,26.736842105263158,75.3157894736842,6.631578947368421,,0.45789473684210524,0.9563157894736843,,,,
4782,AF020,Pelabuhan Munse,2026-10-05 12:00:00,2026-10-06,2026-10-09,2026-10-06 03:00:00,Berawan Tebal,10.0,27.0,69.0,Tenggara,6.0,10.0,Tenang,0.4,Timur Laut,0.89,-0.26,2026-10-06 15:00:55,26.842105263157894,74.84210526315789,6.631578947368421,18.05263157894737,0.46315789473684216,0.9863157894736841,,,,
4783,AF020,Pelabuhan Munse,2026-10-05 12:00:00,2026-10-06,2026-10-09,2026-10-06 04:00:00,Berawan Tebal,10.0,27.0,67.0,Tenggara,6.0,,Tenang,0.4,Timur Laut,0.92,-0.56,2026-10-06 15:00:55,27.157894736842106,74.36842105263158,6.631578947368421,,0.46842105263157896,1.0036842105263157,,,,
4784,AF020,Pelabuhan Munse,2026-10-05 12:00:00,2026-10-06,2026-10-09,2026-10-06 05:00:00,Berawan Tebal,10.0,28.0,65.0,Tenggara,6.0,,Tenang,0.4,Timur Laut,0.94,-0.83,2026-10-06 15:00:55,27.68421052631579,73.78947368421052,7.7368421052631575,,0.4842105263157894,1.0110526315789474,,,,
4785,AF020,Pelabuhan Munse,2026-10-05 12:00:00,2026-10-06,2026-10-09,2026-10-06 06:00:00,Berawan,10.0,28.0,66.0,Tenggara,6.0,8.0,Tenang,0.4,Timur Laut,0.96,-1.01,2026-10-06 15:00:55,28.157894736842106,73.05263157894737,7.7368421052631575,20.157894736842106,0.5,1.0089473684210528,,,,
4786,AF020,Pelabuhan Munse,2026-10-05 12:00:00,2026-10-06,2026-10-09,2026-10-06 07:00:00,Cerah,10.0,27.0,69.0,Tenggara,6.0,,Tenang,0.4,Utara,0.93,-1.07,2026-10-06 15:00:55,27.94736842105263,72.84210526315789,7.7368421052631575,,0.5157894736842106,1.0057894736842106,,,,
4787,AF020,Pelabuhan Munse,2026-10-05 12:00:00,2026-10-06,2026-10-09,2026-10-06 08:00:00,Cerah,10.0,27.0,71.0,Tenggara,7.0,,Tenang,0.4,Utara,0.87,-0.98,2026-10-06 15:00:55,27.842105263157894,72.6842105263158,8.631578947368421,,0.5368421052631579,1.0005263157894737,,,,
4788,AF020,Pelabuhan Munse,2026-10-05 12:00:00,2026-10-06,2026-10-09,2026-10-06 09:00:00,Cerah,10.0,26.0,76.0,Tenggara,7.0,10.0,Rendah,0.5,Utara,0.81,-0.8,2026-10-06 15:00:55,27.63157894736842,72.94736842105263,8.631578947368421,19.736842105263158,0.5473684210526316,0.9957894736842107,,,,
4789,AF020,Pelabuhan Munse,2026-10-05 12:00:00,2026-10-06,2026-10-09,2026-10-06 10:00:00,Cerah,10.0,25.0,81.0,Tenggara,7.0,,Rendah,0.5,Utara,0.77,-0.52,2026-10-06 15:00:55,27.105263157894736,74.6842105263158,8.631578947368421,,0.5842105263157894,0.9852631578947367,,,,
4790,AF020,Pelabuhan Munse,2026-10-05 12:00:00,2026-10-06,2026-10-09,2026-10-06 11:00:00,Cerah,10.0,25.0,82.0,Tenggara,9.0,,Rendah,0.5,Utara,0.71,-0.22,2026-10-06 15:00:55,26.842105263157894,76.84210526315789,8.631578947368421,,0.6052631578947368,0.9647368421052632,,,,
4791,AF020,Pelabuhan Munse,2026-10-05 12:00:00,2026-10-06,2026-10-09,2026-10-06 12:00:00,Cerah,10.0,25.0,83.0,Tenggara,9.0,11.0,Rendah,0.5,Utara,0.69,0.04,2026-10-06 15:00:55,26.473684210526315,78.05263157894737,8.631578947368421,17.789473684210527,0.6,0.9352631578947368,,,,
4792,AF020,Pelabuhan Munse,2026-10-05 12:00:00,2026-10-06,2026-10-09,2026-10-06 13:00:00,Cerah Berawan,10.0,25.0,84.0,Tenggara,9.0,,Rendah,0.5,Utara,0.68,0.23,2026-10-06 15:00:55,26.36842105263158,78.73684210526316,8.631578947368421,,0.5684210526315789,0.898421052631579,,,,
4793,AF020,Pelabuhan Munse,2026-10-05 12:00:00,2026-10-06,2026-10-09,2026-10-06 14:00:00,Cerah,10.0,25.0,85.0,Tenggara,7.0,,Rendah,0.5,Timur Laut,0.68,0.31,2026-10-06 15:00:55,26.210526315789473,79.6842105263158,7.157894736842105,,0.531578947368421,0.8668421052631579,,,,
4794,AF020,Pelabuhan Munse,2026-10-05 12:00:00,2026-10-06,2026-10-09,2026-10-06 15:00:00,Cerah,10.0,24.0,85.0,Tenggara,7.0,11.0,Rendah,0.5,Timur Laut,0.71,0.28,2026-10-06 15:00:55,26.0,80.6842105263158,7.157894736842105,15.68421052631579,0.5052631578947369,0.865263157894737,23.363636363636363,0.0,6.942424242424242,88.18181818181819
4795,AF020,Pelabuhan Munse,2026-10-05 12:00:00,2026-10-06,2026-10-09,2026-10-06 16:00:00,Cerah Berawan,10.0,24.0,85.0,Tenggara,7.0,,Rendah,0.5,Utara,0.71,0.13,2026-10-06 15:00:55,25.68421052631579,81.52631578947368,7.157894736842105,,0.46842105263157896,0.871578947368421,23.0,0.0,4.9,94.0
4796,AF020,Pelabuhan Munse,2026-10-05 12:00:00,2026-10-06,2026-10-09,2026-10-06 17:00:00,Cerah Berawan,10.0,24.0,85.0,Tenggara,4.0,,Rendah,0.5,Timur Laut,0.74,-0.06,2026-10-06 15:00:55,25.473684210526315,82.21052631578948,5.526315789473684,,0.4263157894736842,0.8736842105263158,,,,
4797,AF020,Pelabuhan Munse,2026-10-05 12:00:00,2026-10-06,2026-10-09,2026-10-06 18:00:00,Cerah Berawan,10.0,24.0,85.0,Tenggara,4.0,10.0,Tenang,0.4,Timur Laut,0.81,-0.23,2026-10-06 15:00:55,25.263157894736842,82.89473684210526,5.526315789473684,13.68421052631579,0.4105263157894737,0.8757894736842106,22.696969696969695,0.0,5.718181818181818,90.42424242424242
4798,AF020,Pelabuhan Munse,2026-10-05 12:00:00,2026-10-06,2026-10-09,2026-10-06 19:00:00,Cerah Berawan,10.0,24.0,86.0,Tenggara,4.0,,Tenang,0.4,Timur Laut,0.84,-0.37,2026-10-06 15:00:55,25.105263157894736,83.47368421052632,5.526315789473684,,0.4052631578947368,0.8721052631578947,22.0,0.0,5.6,97.0
4799,AF020,Pelabuhan Munse,2026-10-05 12:00:00,2026-10-06,2026-10-09,2026-10-06 20:00:00,Cerah Berawan,10.0,24.0,88.0,Selatan,3.0,,Tenang,0.4,Timur Laut,0.84,-0.43,2026-10-06 15:00:55,24.94736842105263,84.3157894736842,5.7368421052631575,,0.41578947368421054,0.8663157894736843,,,,
4800,AF020,Pelabuhan Munse,2026-10-05 12:00:00,2026-10-06,2026-10-09,2026-10-06 21:00:00,Berawan,10.0,23.0,91.0,Selatan,3.0,7.0,Tenang,0.4,Timur Laut,0.82,-0.39,2026-10-06 15:00:55,24.842105263157894,84.84210526315789,5.7368421052631575,12.052631578947368,0.4105263157894737,0.8657894736842104,22.393939393939394,0.0,5.636363636363637,90.60606060606061
4801,AF020,Pelabuhan Munse,2026-10-05 12:00:00,2026-10-06,2026-10-09,2026-10-06 22:00:00,Berawan,10.0,24.0,91.0,Selatan,3.0,,Tenang,0.4,Timur Laut,0.82,-0.24,2026-10-06 15:00:55,25.0,85.26315789473684,5.7368421052631575,,0.4263157894736842,0.8689473684210527,25.0,0.0,7.1,87.0
4802,AF020,Pelabuhan Munse,2026-10-05 12:00:00,2026-10-06,2026-10-09,2026-10-06 23:00:00,Cerah Berawan,10.0,25.0,81.0,Tenggara,6.0,,Rendah,0.5,Timur Laut,0.81,-0.05,2026-10-06 15:00:55,25.42105263157895,82.52631578947368,5.526315789473684,,0.46315789473684216,0.868421052631579,,,,
4803,AF021,Pelabuhan Banabungi Pasarwajo,2026-10-05 12:00:00,2026-10-06,2026-10-09,2026-10-06 00:00:00,Berawan,10.0,26.0,77.0,Timur Laut,3.0,11.0,Tenang,0.1,Barat,0.61,0.32,2026-10-06 15:00:55,26.05263157894737,79.0,5.421052631578948,14.473684210526315,0.431578947368421,0.8831578947368421,,,,
4804,AF021,Pelabuhan Banabungi Pasarwajo,2026-10-05 12:00:00,2026-10-06,2026-10-09,2026-10-06 01:00:00,Berawan,10.0,27.0,73.0,Timur Laut,3.0,,Tenang,0.1,Barat,0.64,0.22,2026-10-06 15:00:55,26.57894736842105,76.26315789473684,5.421052631578948,,0.4473684210526316,0.911578947368421,,,,
4805,AF021,Pelabuhan Banabungi Pasarwajo,2026-10-05 12:00:00,2026-10-06,2026-10-09,2026-10-06 02:00:00,Cerah Berawan,10.0,28.0,69.0,Timur,5.0,,Tenang,0.1,Barat,0.65,0.01,2026-10-06 15:00:55,26.736842105263158,75.3157894736842,6.631578947368421,,0.45789473684210524,0.9563157894736843,,,,
4806,AF021,Pelabuhan Banabungi Pasarwajo,2026-10-05 12:00:00,2026-10-06,2026-10-09,2026-10-06 03:00:00,Berawan,10.0,28.0,66.0,Timur,5.0,15.0,Tenang,0.1,Barat,0.65,-0.29,2026-10-06 15:00:55,26.842105263157894,74.84210526315789,6.631578947368421,18.05263157894737,0.46315789473684216,0.9863157894736841,,,,
4807,AF021,Pelabuhan Banabungi Pasarwajo,2026-10-05 12:00:00,2026-10-06,2026-10-09,2026-10-06 04:00:00,Berawan Tebal,10.0,29.0,64.0,Timur,5.0,,Tenang,0.1,Barat,0.66,-0.6,2026-10-06 15:00:55,27.157894736842106,74.36842105263158,6.631578947368421,,0.46842105263157896,1.0036842105263157,,,,
4808,AF021,Pelabuhan Banabungi Pasarwajo,2026-10-05 12:00:00,2026-10-06,2026-10-09,2026-10-06 05:00:00,Berawan Tebal,10.0,29.0,64.0,Tenggara,5.0,,Tenang,0.1,Barat,0.72,-0.88,2026-10-06 15:00:55,27.68421052631579,73.78947368421052,7.7368421052631575,,0.4842105263157894,1.0110526315789474,,,,
4809,AF021,Pelabuhan Banabungi Pasarwajo,2026-10-05 12:00:00,2026-10-06,2026-10-09,2026-10-06 06:00:00,Berawan Tebal,10.0,29.0,64.0,Tenggara,5.0,15.0,Tenang,0.1,Barat,0.78,-1.07,2026-10-06 15:00:55,28.157894736842106,73.05263157894737,7.7368421052631575,20.157894736842106,0.5,1.0089473684210528,,,,
4810,AF021,Pelabuhan Banabungi Pasarwajo,2026-10-05 12:00:00,2026-10-06,2026-10-09,2026-10-06 07:00:00,Berawan,10.0,28.0,66.0,Tenggara,5.0,,Tenang,0.1,Barat,0.78,-1.1,2026-10-06 15:00:55,27.94736842105263,72.84210526315789,7.7368421052631575,,0.5157894736842106,1.0057894736842106,,,,
4811,AF021,Pelabuhan Banabungi Pasarwajo,2026-10-05 12:00:00,2026-10-06,2026-10-09,2026-10-06 08:00:00,Cerah,10.0,27.0,71.0,Timur,4.0,,Tenang,0.1,Barat,0.72,-1.0,2026-10-06 15:00:55,27.842105263157894,72.6842105263158,8.631578947368421,,0.5368421052631579,1.0005263157894737,,,,
4812,AF021,Pelabuhan Banabungi Pasarwajo,2026-10-05 12:00:00,2026-10-06,2026-10-09,2026-10-06 09:00:00,Cerah,10.0,26.0,75.0,Timur,4.0,15.0,Tenang,0.1,Barat,0.64,-0.78,2026-10-06 15:00:55,27.63157894736842,72.94736842105263,8.631578947368421,19.736842105263158,0.5473684210526316,0.9957894736842107,,,,
4813,AF021,Pelabuhan Banabungi Pasarwajo,2026-10-05 12:00:00,2026-10-06,2026-10-09,2026-10-06 10:00:00,Cerah,10.0,25.0,83.0,Timur,4.0,,Tenang,0.1,Barat,0.61,-0.5,2026-10-06 15:00:55,27.105263157894736,74.6842105263158,8.631578947368421,,0.5842105263157894,0.9852631578947367,,,,
4814,AF021,Pelabuhan Banabungi Pasarwajo,2026-10-05 12:00:00,2026-10-06,2026-10-09,2026-10-06 11:00:00,Cerah,10.0,24.0,88.0,Timur,5.0,,Tenang,0.1,Barat,0.62,-0.2,2026-10-06 15:00:55,26.842105263157894,76.84210526315789,8.631578947368421,,0.6052631578947368,0.9647368421052632,,,,
4815,AF021,Pelabuhan Banabungi Pasarwajo,2026-10-05 12:00:00,2026-10-06,2026-10-09,2026-10-06 12:00:00,Cerah,10.0,23.0,90.0,Timur,5.0,12.0,Tenang,0.1,Barat,0.64,0.05,2026-10-06 15:00:55,26.473684210526315,78.05263157894737,8.631578947368421,17.789473684210527,0.6,0.9352631578947368,,,,
4816,AF021,Pelabuhan Banabungi Pasarwajo,2026-10-05 12:00:00,2026-10-06,2026-10-09,2026-10-06 13:00:00,Cerah Berawan,10.0,23.0,91.0,Timur,5.0,,Tenang,0.1,Barat,0.63,0.23,2026-10-06 15:00:55,26.36842105263158,78.73684210526316,8.631578947368421,,0.5684210526315789,0.898421052631579,,,,
4817,AF021,Pelabuhan Banabungi Pasarwajo,2026-10-05 12:00:00,2026-10-06,2026-10-09,2026-10-06 14:00:00,Berawan,10.0,23.0,92.0,Timur Laut,5.0,,Tenang,0.1,Barat,0.59,0.28,2026-10-06 15:00:55,26.210526315789473,79.6842105263158,7.157894736842105,,0.531578947368421,0.8668421052631579,,,,
4818,AF021,Pelabuhan Banabungi Pasarwajo,2026-10-05 12:00:00,2026-10-06,2026-10-09,2026-10-06 15:00:00,Berawan,10.0,23.0,93.0,Timur Laut,5.0,8.0,Tenang,0.1,Timur,0.6,0.2,2026-10-06 15:00:55,26.0,80.6842105263158,7.157894736842105,15.68421052631579,0.5052631578947369,0.865263157894737,23.363636363636363,0.0,6.942424242424242,88.18181818181819
4819,AF021,Pelabuhan Banabungi Pasarwajo,2026-10-05 12:00:00,2026-10-06,2026-10-09,2026-10-06 16:00:00,Cerah Berawan,10.0,23.0,94.0,Timur Laut,5.0,,Tenang,0.1,Timur,0.6,0.05,2026-10-06 15:00:55,25.68421052631579,81.52631578947368,7.157894736842105,,0.46842105263157896,0.871578947368421,23.0,0.0,4.9,94.0
4820,AF021,Pelabuhan Banabungi Pasarwajo,2026-10-05 12:00:00,2026-10-06,2026-10-09,2026-10-06 17:00:00,Cerah Berawan,7.0,23.0,97.0,Utara,4.0,,Tenang,0.1,Barat,0.6,-0.18,2026-10-06 15:00:55,25.473684210526315,82.21052631578948,5.526315789473684,,0.4263157894736842,0.8736842105263158,,,,
4821,AF021,Pelabuhan Banabungi Pasarwajo,2026-10-05 12:00:00,2026-10-06,2026-10-09,2026-10-06 18:00:00,Berawan,7.0,22.0,97.0,Utara,4.0,7.0,Tenang,0.1,Barat,0.63,-0.34,2026-10-06 15:00:55,25.263157894736842,82.89473684210526,5.526315789473684,13.68421052631579,0.4105263157894737,0.8757894736842106,22.696969696969695,0.0,5.718181818181818,90.42424242424242
4822,AF021,Pelabuhan Banabungi Pasarwajo,2026-10-05 12:00:00,2026-10-06,2026-10-09,2026-10-06 19:00:00,Berawan,7.0,22.0,97.0,Utara,4.0,,Tenang,0.1,Barat,0.65,-0.44,2026-10-06 15:00:55,25.105263157894736,83.47368421052632,5.526315789473684,,0.4052631578947368,0.8721052631578947,22.0,0.0,5.6,97.0
4823,AF021,Pelabuhan Banabungi Pasarwajo,2026-10-05 12:00:00,2026-10-06,2026-10-09,2026-10-06 20:00:00,Berawan,7.0,22.0,96.0,Barat Laut,5.0,,Tenang,0.1,Barat,0.61,-0.43,2026-10-06 15:00:55,24.94736842105263,84.3157894736842,5.7368421052631575,,0.41578947368421054,0.8663157894736843,,,,
4824,AF021,Pelabuhan Banabungi Pasarwajo,2026-10-05 12:00:00,2026-10-06,2026-10-09,2026-10-06 21:00:00,Berawan,7.0,22.0,96.0,Barat Laut,5.0,6.0,Tenang,0.1,Timur,0.63,-0.33,2026-10-06 15:00:55,24.842105263157894,84.84210526315789,5.7368421052631575,12.052631578947368,0.4105263157894737,0.8657894736842104,22.393939393939394,0.0,5.636363636363637,90.60606060606061
4825,AF021,Pelabuhan Banabungi Pasarwajo,2026-10-05 12:00:00,2026-10-06,2026-10-09,2026-10-06 22:00:00,Berawan,7.0,22.0,95.0,Barat Laut,5.0,,Tenang,0.1,Timur,0.66,-0.16,2026-10-06 15:00:55,25.0,85.26315789473684,5.7368421052631575,,0.4263157894736842,0.8689473684210527,25.0,0.0,7.1,87.0
4826,AF021,Pelabuhan Banabungi Pasarwajo,2026-10-05 12:00:00,2026-10-06,2026-10-09,2026-10-06 23:00:00,Cerah Berawan,10.0,24.0,86.0,Timur,3.0,,Tenang,0.1,Timur,0.61,0.04,2026-10-06 15:00:55,25.42105263157895,82.52631578947368,5.526315789473684,,0.46315789473684216,0.868421052631579,,,,
4827,AF022,Pelabuhan Kamaru-Lasalimu,2026-10-05 12:00:00,2026-10-06,2026-10-09,2026-10-06 00:00:00,Berawan,10.0,27.0,76.0,Timur,4.0,10.0,Tenang,0.3,Barat,0.66,0.34,2026-10-06 15:00:55,26.05263157894737,79.0,5.421052631578948,14.473684210526315,0.431578947368421,0.8831578947368421,,,,
4828,AF022,Pelabuhan Kamaru-Lasalimu,2026-10-05 12:00:00,2026-10-06,2026-10-09,2026-10-06 01:00:00,Berawan,10.0,28.0,70.0,Timur,4.0,,Tenang,0.2,Barat,0.67,0.27,2026-10-06 15:00:55,26.57894736842105,76.26315789473684,5.421052631578948,,0.4473684210526316,0.911578947368421,,,,
4829,AF022,Pelabuhan Kamaru-Lasalimu,2026-10-05 12:00:00,2026-10-06,2026-10-09,2026-10-06 02:00:00,Berawan,10.0,28.0,67.0,Timur,6.0,,Tenang,0.2,Barat Laut,0.67,0.08,2026-10-06 15:00:55,26.736842105263158,75.3157894736842,6.631578947368421,,0.45789473684210524,0.9563157894736843,,,,
4830,AF022,Pelabuhan Kamaru-Lasalimu,2026-10-05 12:00:00,2026-10-06,2026-10-09,2026-10-06 03:00:00,Berawan Tebal,10.0,29.0,65.0,Timur,6.0,11.0,Tenang,0.3,Barat,0.66,-0.21,2026-10-06 15:00:55,26.842105263157894,74.84210526315789,6.631578947368421,18.05263157894737,0.46315789473684216,0.9863157894736841,,,,
4831,AF022,Pelabuhan Kamaru-Lasalimu,2026-10-05 12:00:00,2026-10-06,2026-10-09,2026-10-06 04:00:00,Berawan Tebal,10.0,29.0,65.0,Timur,6.0,,Tenang,0.3,Barat,0.66,-0.52,2026-10-06 15:00:55,27.157894736842106,74.36842105263158,6.631578947368421,,0.46842105263157896,1.0036842105263157,,,,
4832,AF022,Pelabuhan Kamaru-Lasalimu,2026-10-05 12:00:00,2026-10-06,2026-10-09,2026-10-06 05:00:00,Berawan Tebal,10.0,29.0,68.0,Timur,7.0,,Tenang,0.4,Barat Daya,0.67,-0.82,2026-10-06 15:00:55,27.68421052631579,73.78947368421052,7.7368421052631575,,0.4842105263157894,1.0110526315789474,,,,
4833,AF022,Pelabuhan Kamaru-Lasalimu,2026-10-05 12:00:00,2026-10-06,2026-10-09,2026-10-06 06:00:00,Berawan Tebal,10.0,29.0,68.0,Timur,7.0,11.0,Tenang,0.4,Selatan,0.68,-1.0,2026-10-06 15:00:55,28.157894736842106,73.05263157894737,7.7368421052631575,20.157894736842106,0.5,1.0089473684210528,,,,
4834,AF022,Pelabuhan Kamaru-Lasalimu,2026-10-05 12:00:00,2026-10-06,2026-10-09,2026-10-06 07:00:00,Berawan,10.0,29.0,70.0,Timur,7.0,,Tenang,0.4,Selatan,0.71,-1.07,2026-10-06 15:00:55,27.94736842105263,72.84210526315789,7.7368421052631575,,0.5157894736842106,1.0057894736842106,,,,
4835,AF022,Pelabuhan Kamaru-Lasalimu,2026-10-05 12:00:00,2026-10-06,2026-10-09,2026-10-06 08:00:00,Cerah,10.0,28.0,72.0,Timur,5.0,,Tenang,0.4,Selatan,0.74,-0.99,2026-10-06 15:00:55,27.842105263157894,72.6842105263158,8.631578947368421,,0.5368421052631579,1.0005263157894737,,,,
4836,AF022,Pelabuhan Kamaru-Lasalimu,2026-10-05 12:00:00,2026-10-06,2026-10-09,2026-10-06 09:00:00,Cerah,10.0,28.0,76.0,Timur,5.0,11.0,Tenang,0.4,Selatan,0.74,-0.81,2026-10-06 15:00:55,27.63157894736842,72.94736842105263,8.631578947368421,19.736842105263158,0.5473684210526316,0.9957894736842107,,,,
4837,AF022,Pelabuhan Kamaru-Lasalimu,2026-10-05 12:00:00,2026-10-06,2026-10-09,2026-10-06 10:00:00,Cerah,10.0,26.0,83.0,Timur,5.0,,Tenang,0.4,Selatan,0.73,-0.52,2026-10-06 15:00:55,27.105263157894736,74.6842105263158,8.631578947368421,,0.5842105263157894,0.9852631578947367,,,,
4838,AF022,Pelabuhan Kamaru-Lasalimu,2026-10-05 12:00:00,2026-10-06,2026-10-09,2026-10-06 11:00:00,Cerah,10.0,25.0,85.0,Tenggara,4.0,,Tenang,0.4,Selatan,0.7,-0.23,2026-10-06 15:00:55,26.842105263157894,76.84210526315789,8.631578947368421,,0.6052631578947368,0.9647368421052632,,,,
4839,AF022,Pelabuhan Kamaru-Lasalimu,2026-10-05 12:00:00,2026-10-06,2026-10-09,2026-10-06 12:00:00,Cerah Berawan,10.0,25.0,85.0,Tenggara,4.0,9.0,Tenang,0.3,Barat Daya,0.67,0.04,2026-10-06 15:00:55,26.473684210526315,78.05263157894737,8.631578947368421,17.789473684210527,0.6,0.9352631578947368,,,,
4840,AF022,Pelabuhan Kamaru-Lasalimu,2026-10-05 12:00:00,2026-10-06,2026-10-09,2026-10-06 13:00:00,Berawan,10.0,25.0,85.0,Tenggara,4.0,,Tenang,0.3,Barat,0.65,0.23,2026-10-06 15:00:55,26.36842105263158,78.73684210526316,8.631578947368421,,0.5684210526315789,0.898421052631579,,,,
4841,AF022,Pelabuhan Kamaru-Lasalimu,2026-10-05 12:00:00,2026-10-06,2026-10-09,2026-10-06 14:00:00,Berawan Tebal,10.0,24.0,86.0,Tenggara,2.0,,Tenang,0.3,Barat,0.67,0.3,2026-10-06 15:00:55,26.210526315789473,79.6842105263158,7.157894736842105,,0.531578947368421,0.8668421052631579,,,,
4842,AF022,Pelabuhan Kamaru-Lasalimu,2026-10-05 12:00:00,2026-10-06,2026-10-09,2026-10-06 15:00:00,Cerah Berawan,10.0,24.0,86.0,Tenggara,2.0,9.0,Tenang,0.3,Barat Laut,0.68,0.24,2026-10-06 15:00:55,26.0,80.6842105263158,7.157894736842105,15.68421052631579,0.5052631578947369,0.865263157894737,23.363636363636363,0.0,6.942424242424242,88.18181818181819
4843,AF022,Pelabuhan Kamaru-Lasalimu,2026-10-05 12:00:00,2026-10-06,2026-10-09,2026-10-06 16:00:00,Cerah Berawan,10.0,24.0,86.0,Tenggara,2.0,,Tenang,0.3,Barat Laut,0.67,0.09,2026-10-06 15:00:55,25.68421052631579,81.52631578947368,7.157894736842105,,0.46842105263157896,0.871578947368421,23.0,0.0,4.9,94.0
4844,AF022,Pelabuhan Kamaru-Lasalimu,2026-10-05 12:00:00,2026-10-06,2026-10-09,2026-10-06 17:00:00,Cerah Berawan,10.0,24.0,88.0,Tenggara,1.0,,Tenang,0.3,Barat Laut,0.65,-0.14,2026-10-06 15:00:55,25.473684210526315,82.21052631578948,5.526315789473684,,0.4263157894736842,0.8736842105263158,,,,
4845,AF022,Pelabuhan Kamaru-Lasalimu,2026-10-05 12:00:00,2026-10-06,2026-10-09,2026-10-06 18:00:00,Cerah Berawan,10.0,24.0,90.0,Tenggara,1.0,9.0,Tenang,0.2,Utara,0.61,-0.32,2026-10-06 15:00:55,25.263157894736842,82.89473684210526,5.526315789473684,13.68421052631579,0.4105263157894737,0.8757894736842106,22.696969696969695,0.0,5.718181818181818,90.42424242424242
4846,AF022,Pelabuhan Kamaru-Lasalimu,2026-10-05 12:00:00,2026-10-06,2026-10-09,2026-10-06 19:00:00,Cerah Berawan,10.0,23.0,91.0,Tenggara,1.0,,Tenang,0.2,Timur,0.61,-0.45,2026-10-06 15:00:55,25.105263157894736,83.47368421052632,5.526315789473684,,0.4052631578947368,0.8721052631578947,22.0,0.0,5.6,97.0
4847,AF022,Pelabuhan Kamaru-Lasalimu,2026-10-05 12:00:00,2026-10-06,2026-10-09,2026-10-06 20:00:00,Cerah Berawan,10.0,23.0,90.0,Selatan,1.0,,Tenang,0.2,Tenggara,0.64,-0.48,2026-10-06 15:00:55,24.94736842105263,84.3157894736842,5.7368421052631575,,0.41578947368421054,0.8663157894736843,,,,
4848,AF022,Pelabuhan Kamaru-Lasalimu,2026-10-05 12:00:00,2026-10-06,2026-10-09,2026-10-06 21:00:00,Berawan,10.0,23.0,92.0,Selatan,1.0,7.0,Tenang,0.2,Tenggara,0.66,-0.41,2026-10-06 15:00:55,24.842105263157894,84.84210526315789,5.7368421052631575,12.052631578947368,0.4105263157894737,0.8657894736842104,22.393939393939394,0.0,5.636363636363637,90.60606060606061
4849,AF022,Pelabuhan Kamaru-Lasalimu,2026-10-05 12:00:00,2026-10-06,2026-10-09,2026-10-06 22:00:00,Berawan,10.0,23.0,91.0,Selatan,1.0,,Tenang,0.3,Tenggara,0.65,-0.24,2026-10-06 15:00:55,25.0,85.26315789473684,5.7368421052631575,,0.4263157894736842,0.8689473684210527,25.0,0.0,7.1,87.0
4850,AF022,Pelabuhan Kamaru-Lasalimu,2026-10-05 12:00:00,2026-10-06,2026-10-09,2026-10-06 23:00:00,Cerah Berawan,10.0,25.0,84.0,Timur Laut,5.0,,Tenang,0.3,Selatan,0.62,-0.02,2026-10-06 15:00:55,25.42105263157895,82.52631578947368,5.526315789473684,,0.46315789473684216,0.868421052631579,,,,
4851,AF023,Pelabuhan Bandar Batauga,2026-10-05 12:00:00,2026-10-06,2026-10-09,2026-10-06 00:00:00,Cerah Berawan,10.0,27.0,68.0,Timur,1.0,11.0,Tenang,0.1,Tenggara,0.64,0.36,2026-10-06 15:00:55,26.05263157894737,79.0,5.421052631578948,14.473684210526315,0.431578947368421,0.8831578947368421,,,,
4852,AF023,Pelabuhan Bandar Batauga,2026-10-05 12:00:00,2026-10-06,2026-10-09,2026-10-06 01:00:00,Berawan Tebal,10.0,29.0,61.0,Timur,1.0,,Tenang,0.1,Tenggara,0.65,0.27,2026-10-06 15:00:55,26.57894736842105,76.26315789473684,5.421052631578948,,0.4473684210526316,0.911578947368421,,,,
4853,AF023,Pelabuhan Bandar Batauga,2026-10-05 12:00:00,2026-10-06,2026-10-09,2026-10-06 02:00:00,Cerah Berawan,10.0,29.0,60.0,Barat Daya,4.0,,Tenang,0.1,Selatan,0.66,0.07,2026-10-06 15:00:55,26.736842105263158,75.3157894736842,6.631578947368421,,0.45789473684210524,0.9563157894736843,,,,
4854,AF023,Pelabuhan Bandar Batauga,2026-10-05 12:00:00,2026-10-06,2026-10-09,2026-10-06 03:00:00,Berawan,10.0,30.0,57.0,Barat Daya,4.0,16.0,Tenang,0.1,Selatan,0.65,-0.24,2026-10-06 15:00:55,26.842105263157894,74.84210526315789,6.631578947368421,18.05263157894737,0.46315789473684216,0.9863157894736841,,,,
4855,AF023,Pelabuhan Bandar Batauga,2026-10-05 12:00:00,2026-10-06,2026-10-09,2026-10-06 04:00:00,Berawan Tebal,10.0,31.0,54.0,Barat Daya,4.0,,Tenang,0.1,Tenggara,0.63,-0.57,2026-10-06 15:00:55,27.157894736842106,74.36842105263158,6.631578947368421,,0.46842105263157896,1.0036842105263157,,,,
4856,AF023,Pelabuhan Bandar Batauga,2026-10-05 12:00:00,2026-10-06,2026-10-09,2026-10-06 05:00:00,Berawan Tebal,10.0,32.0,50.0,Tenggara,11.0,,Tenang,0.1,Timur Laut,0.67,-0.89,2026-10-06 15:00:55,27.68421052631579,73.78947368421052,7.7368421052631575,,0.4842105263157894,1.0110526315789474,,,,
4857,AF023,Pelabuhan Bandar Batauga,2026-10-05 12:00:00,2026-10-06,2026-10-09,2026-10-06 06:00:00,Berawan Tebal,10.0,32.0,49.0,Tenggara,11.0,21.0,Tenang,0.3,Utara,0.72,-1.1,2026-10-06 15:00:55,28.157894736842106,73.05263157894737,7.7368421052631575,20.157894736842106,0.5,1.0089473684210528,,,,
4858,AF023,Pelabuhan Bandar Batauga,2026-10-05 12:00:00,2026-10-06,2026-10-09,2026-10-06 07:00:00,Berawan Tebal,10.0,31.0,48.0,Tenggara,11.0,,Tenang,0.2,Utara,0.77,-1.16,2026-10-06 15:00:55,27.94736842105263,72.84210526315789,7.7368421052631575,,0.5157894736842106,1.0057894736842106,,,,
4859,AF023,Pelabuhan Bandar Batauga,2026-10-05 12:00:00,2026-10-06,2026-10-09,2026-10-06 08:00:00,Berawan,10.0,30.0,48.0,Tenggara,8.0,,Tenang,0.1,Barat Laut,0.81,-1.06,2026-10-06 15:00:55,27.842105263157894,72.6842105263158,8.631578947368421,,0.5368421052631579,1.0005263157894737,,,,
4860,AF023,Pelabuhan Bandar Batauga,2026-10-05 12:00:00,2026-10-06,2026-10-09,2026-10-06 09:00:00,Cerah,10.0,29.0,53.0,Tenggara,8.0,21.0,Tenang,0.1,Barat Laut,0.8,-0.81,2026-10-06 15:00:55,27.63157894736842,72.94736842105263,8.631578947368421,19.736842105263158,0.5473684210526316,0.9957894736842107,,,,
4861,AF023,Pelabuhan Bandar Batauga,2026-10-05 12:00:00,2026-10-06,2026-10-09,2026-10-06 10:00:00,Cerah,10.0,27.0,61.0,Tenggara,8.0,,Tenang,0.1,Barat Laut,0.75,-0.49,2026-10-06 15:00:55,27.105263157894736,74.6842105263158,8.631578947368421,,0.5842105263157894,0.9852631578947367,,,,
4862,AF023,Pelabuhan Bandar Batauga,2026-10-05 12:00:00,2026-10-06,2026-10-09,2026-10-06 11:00:00,Cerah,10.0,26.0,69.0,Timur,6.0,,Tenang,0.1,Barat Laut,0.68,-0.16,2026-10-06 15:00:55,26.842105263157894,76.84210526315789,8.631578947368421,,0.6052631578947368,0.9647368421052632,,,,
4863,AF023,Pelabuhan Bandar Batauga,2026-10-05 12:00:00,2026-10-06,2026-10-09,2026-10-06 12:00:00,Cerah,10.0,25.0,74.0,Timur,6.0,14.0,Tenang,0.1,Barat,0.62,0.12,2026-10-06 15:00:55,26.473684210526315,78.05263157894737,8.631578947368421,17.789473684210527,0.6,0.9352631578947368,,,,
4864,AF023,Pelabuhan Bandar Batauga,2026-10-05 12:00:00,2026-10-06,2026-10-09,2026-10-06 13:00:00,Cerah Berawan,10.0,25.0,81.0,Timur,6.0,,Tenang,0.1,Selatan,0.63,0.28,2026-10-06 15:00:55,26.36842105263158,78.73684210526316,8.631578947368421,,0.5684210526315789,0.898421052631579,,,,
4865,AF023,Pelabuhan Bandar Batauga,2026-10-05 12:00:00,2026-10-06,2026-10-09,2026-10-06 14:00:00,Berawan,10.0,24.0,85.0,Timur,4.0,,Tenang,0.1,Selatan,0.67,0.32,2026-10-06 15:00:55,26.210526315789473,79.6842105263158,7.157894736842105,,0.531578947368421,0.8668421052631579,,,,
4866,AF023,Pelabuhan Bandar Batauga,2026-10-05 12:00:00,2026-10-06,2026-10-09,2026-10-06 15:00:00,Berawan Tebal,10.0,24.0,88.0,Timur,4.0,8.0,Tenang,0.1,Selatan,0.68,0.25,2026-10-06 15:00:55,26.0,80.6842105263158,7.157894736842105,15.68421052631579,0.5052631578947369,0.865263157894737,23.363636363636363,0.0,6.942424242424242,88.18181818181819
4867,AF023,Pelabuhan Bandar Batauga,2026-10-05 12:00:00,2026-10-06,2026-10-09,2026-10-06 16:00:00,Cerah Berawan,10.0,24.0,90.0,Timur,4.0,,Tenang,0.1,Tenggara,0.67,0.07,2026-10-06 15:00:55,25.68421052631579,81.52631578947368,7.157894736842105,,0.46842105263157896,0.871578947368421,23.0,0.0,4.9,94.0
4868,AF023,Pelabuhan Bandar Batauga,2026-10-05 12:00:00,2026-10-06,2026-10-09,2026-10-06 17:00:00,Cerah Berawan,7.0,23.0,94.0,Timur Laut,2.0,,Tenang,0.1,Tenggara,0.64,-0.13,2026-10-06 15:00:55,25.473684210526315,82.21052631578948,5.526315789473684,,0.4263157894736842,0.8736842105263158,,,,
4869,AF023,Pelabuhan Bandar Batauga,2026-10-05 12:00:00,2026-10-06,2026-10-09,2026-10-06 18:00:00,Cerah Berawan,7.0,23.0,97.0,Timur Laut,2.0,7.0,Tenang,0.1,Tenggara,0.61,-0.33,2026-10-06 15:00:55,25.263157894736842,82.89473684210526,5.526315789473684,13.68421052631579,0.4105263157894737,0.8757894736842106,22.696969696969695,0.0,5.718181818181818,90.42424242424242
4870,AF023,Pelabuhan Bandar Batauga,2026-10-05 12:00:00,2026-10-06,2026-10-09,2026-10-06 19:00:00,Cerah Berawan,7.0,22.0,97.0,Timur Laut,2.0,,Tenang,0.1,Utara,0.61,-0.46,2026-10-06 15:00:55,25.105263157894736,83.47368421052632,5.526315789473684,,0.4052631578947368,0.8721052631578947,22.0,0.0,5.6,97.0
4871,AF023,Pelabuhan Bandar Batauga,2026-10-05 12:00:00,2026-10-06,2026-10-09,2026-10-06 20:00:00,Berawan,7.0,22.0,97.0,Timur Laut,3.0,,Tenang,0.1,Barat Laut,0.67,-0.46,2026-10-06 15:00:55,24.94736842105263,84.3157894736842,5.7368421052631575,,0.41578947368421054,0.8663157894736843,,,,
4872,AF023,Pelabuhan Bandar Batauga,2026-10-05 12:00:00,2026-10-06,2026-10-09,2026-10-06 21:00:00,Berawan,7.0,22.0,97.0,Timur Laut,3.0,6.0,Tenang,0.1,Barat Laut,0.7,-0.39,2026-10-06 15:00:55,24.842105263157894,84.84210526315789,5.7368421052631575,12.052631578947368,0.4105263157894737,0.8657894736842104,22.393939393939394,0.0,5.636363636363637,90.60606060606061
4873,AF023,Pelabuhan Bandar Batauga,2026-10-05 12:00:00,2026-10-06,2026-10-09,2026-10-06 22:00:00,Cerah Berawan,7.0,23.0,95.0,Timur Laut,3.0,,Tenang,0.1,Barat,0.67,-0.21,2026-10-06 15:00:55,25.0,85.26315789473684,5.7368421052631575,,0.4263157894736842,0.8689473684210527,25.0,0.0,7.1,87.0
4874,AF023,Pelabuhan Bandar Batauga,2026-10-05 12:00:00,2026-10-06,2026-10-09,2026-10-06 23:00:00,Cerah Berawan,10.0,25.0,86.0,Timur,3.0,,Tenang,0.1,Barat Daya,0.65,0.01,2026-10-06 15:00:55,25.42105263157895,82.52631578947368,5.526315789473684,,0.46315789473684216,0.868421052631579,,,,
4875,AF024,Pelabuhan Siompu,2026-10-05 12:00:00,2026-10-06,2026-10-09,2026-10-06 00:00:00,Cerah Berawan,10.0,27.0,76.0,Utara,3.0,11.0,Tenang,0.1,Selatan,0.62,0.37,2026-10-06 15:00:55,26.05263157894737,79.0,5.421052631578948,14.473684210526315,0.431578947368421,0.8831578947368421,,,,
4876,AF024,Pelabuhan Siompu,2026-10-05 12:00:00,2026-10-06,2026-10-09,2026-10-06 01:00:00,Berawan Tebal,10.0,27.0,71.0,Utara,3.0,,Tenang,0.1,Selatan,0.63,0.27,2026-10-06 15:00:55,26.57894736842105,76.26315789473684,5.421052631578948,,0.4473684210526316,0.911578947368421,,,,
4877,AF024,Pelabuhan Siompu,2026-10-05 12:00:00,2026-10-06,2026-10-09,2026-10-06 02:00:00,Cerah Berawan,10.0,28.0,70.0,Barat,8.0,,Tenang,0.1,Selatan,0.65,0.06,2026-10-06 15:00:55,26.736842105263158,75.3157894736842,6.631578947368421,,0.45789473684210524,0.9563157894736843,,,,
4878,AF024,Pelabuhan Siompu,2026-10-05 12:00:00,2026-10-06,2026-10-09,2026-10-06 03:00:00,Berawan,10.0,28.0,69.0,Barat,8.0,16.0,Tenang,0.1,Selatan,0.65,-0.24,2026-10-06 15:00:55,26.842105263157894,74.84210526315789,6.631578947368421,18.05263157894737,0.46315789473684216,0.9863157894736841,,,,
4879,AF024,Pelabuhan Siompu,2026-10-05 12:00:00,2026-10-06,2026-10-09,2026-10-06 04:00:00,Berawan Tebal,10.0,29.0,66.0,Barat,8.0,,Tenang,0.1,Tenggara,0.66,-0.58,2026-10-06 15:00:55,27.157894736842106,74.36842105263158,6.631578947368421,,0.46842105263157896,1.0036842105263157,,,,
4880,AF024,Pelabuhan Siompu,2026-10-05 12:00:00,2026-10-06,2026-10-09,2026-10-06 05:00:00,Berawan Tebal,10.0,30.0,63.0,Tenggara,16.0,,Tenang,0.1,Tenggara,0.62,-0.89,2026-10-06 15:00:55,27.68421052631579,73.78947368421052,7.7368421052631575,,0.4842105263157894,1.0110526315789474,,,,
4881,AF024,Pelabuhan Siompu,2026-10-05 12:00:00,2026-10-06,2026-10-09,2026-10-06 06:00:00,Berawan Tebal,10.0,30.0,60.0,Tenggara,16.0,24.0,Tenang,0.1,Barat Laut,0.7,-1.1,2026-10-06 15:00:55,28.157894736842106,73.05263157894737,7.7368421052631575,20.157894736842106,0.5,1.0089473684210528,,,,
4882,AF024,Pelabuhan Siompu,2026-10-05 12:00:00,2026-10-06,2026-10-09,2026-10-06 07:00:00,Berawan Tebal,10.0,30.0,59.0,Tenggara,16.0,,Tenang,0.1,Barat Laut,0.8,-1.17,2026-10-06 15:00:55,27.94736842105263,72.84210526315789,7.7368421052631575,,0.5157894736842106,1.0057894736842106,,,,
4883,AF024,Pelabuhan Siompu,2026-10-05 12:00:00,2026-10-06,2026-10-09,2026-10-06 08:00:00,Berawan Tebal,10.0,29.0,61.0,Tenggara,11.0,,Tenang,0.1,Barat Laut,0.88,-1.06,2026-10-06 15:00:55,27.842105263157894,72.6842105263158,8.631578947368421,,0.5368421052631579,1.0005263157894737,,,,
4884,AF024,Pelabuhan Siompu,2026-10-05 12:00:00,2026-10-06,2026-10-09,2026-10-06 09:00:00,Cerah,10.0,28.0,65.0,Tenggara,11.0,25.0,Tenang,0.1,Barat Laut,0.89,-0.82,2026-10-06 15:00:55,27.63157894736842,72.94736842105263,8.631578947368421,19.736842105263158,0.5473684210526316,0.9957894736842107,,,,
4885,AF024,Pelabuhan Siompu,2026-10-05 12:00:00,2026-10-06,2026-10-09,2026-10-06 10:00:00,Cerah,10.0,28.0,67.0,Tenggara,11.0,,Tenang,0.1,Barat Laut,0.85,-0.5,2026-10-06 15:00:55,27.105263157894736,74.6842105263158,8.631578947368421,,0.5842105263157894,0.9852631578947367,,,,
4886,AF024,Pelabuhan Siompu,2026-10-05 12:00:00,2026-10-06,2026-10-09,2026-10-06 11:00:00,Cerah,10.0,27.0,70.0,Tenggara,9.0,,Tenang,0.1,Barat,0.78,-0.17,2026-10-06 15:00:55,26.842105263157894,76.84210526315789,8.631578947368421,,0.6052631578947368,0.9647368421052632,,,,
4887,AF024,Pelabuhan Siompu,2026-10-05 12:00:00,2026-10-06,2026-10-09,2026-10-06 12:00:00,Cerah,10.0,26.0,73.0,Tenggara,9.0,16.0,Tenang,0.1,Barat,0.7,0.12,2026-10-06 15:00:55,26.473684210526315,78.05263157894737,8.631578947368421,17.789473684210527,0.6,0.9352631578947368,,,,
4888,AF024,Pelabuhan Siompu,2026-10-05 12:00:00,2026-10-06,2026-10-09,2026-10-06 13:00:00,Cerah Berawan,10.0,26.0,79.0,Tenggara,9.0,,Tenang,0.1,Barat,0.62,0.28,2026-10-06 15:00:55,26.36842105263158,78.73684210526316,8.631578947368421,,0.5684210526315789,0.898421052631579,,,,
4889,AF024,Pelabuhan Siompu,2026-10-05 12:00:00,2026-10-06,2026-10-09,2026-10-06 14:00:00,Berawan,10.0,26.0,82.0,Timur,6.0,,Tenang,0.1,Selatan,0.61,0.33,2026-10-06 15:00:55,26.210526315789473,79.6842105263158,7.157894736842105,,0.531578947368421,0.8668421052631579,,,,
4890,AF024,Pelabuhan Siompu,2026-10-05 12:00:00,2026-10-06,2026-10-09,2026-10-06 15:00:00,Berawan Tebal,10.0,25.0,83.0,Timur,6.0,11.0,Tenang,0.1,Selatan,0.63,0.25,2026-10-06 15:00:55,26.0,80.6842105263158,7.157894736842105,15.68421052631579,0.5052631578947369,0.865263157894737,23.363636363636363,0.0,6.942424242424242,88.18181818181819
4891,AF024,Pelabuhan Siompu,2026-10-05 12:00:00,2026-10-06,2026-10-09,2026-10-06 16:00:00,Cerah Berawan,10.0,25.0,85.0,Timur,6.0,,Tenang,0.1,Selatan,0.65,0.07,2026-10-06 15:00:55,25.68421052631579,81.52631578947368,7.157894736842105,,0.46842105263157896,0.871578947368421,23.0,0.0,4.9,94.0
4892,AF024,Pelabuhan Siompu,2026-10-05 12:00:00,2026-10-06,2026-10-09,2026-10-06 17:00:00,Cerah,10.0,25.0,89.0,Timur Laut,3.0,,Tenang,0.1,Selatan,0.64,-0.13,2026-10-06 15:00:55,25.473684210526315,82.21052631578948,5.526315789473684,,0.4263157894736842,0.8736842105263158,,,,
4893,AF024,Pelabuhan Siompu,2026-10-05 12:00:00,2026-10-06,2026-10-09,2026-10-06 18:00:00,Cerah Berawan,10.0,24.0,94.0,Timur Laut,3.0,8.0,Tenang,0.1,Selatan,0.62,-0.33,2026-10-06 15:00:55,25.263157894736842,82.89473684210526,5.526315789473684,13.68421052631579,0.4105263157894737,0.8757894736842106,22.696969696969695,0.0,5.718181818181818,90.42424242424242
4894,AF024,Pelabuhan Siompu,2026-10-05 12:00:00,2026-10-06,2026-10-09,2026-10-06 19:00:00,Cerah Berawan,10.0,24.0,96.0,Timur Laut,3.0,,Tenang,0.1,Barat,0.63,-0.46,2026-10-06 15:00:55,25.105263157894736,83.47368421052632,5.526315789473684,,0.4052631578947368,0.8721052631578947,22.0,0.0,5.6,97.0
4895,AF024,Pelabuhan Siompu,2026-10-05 12:00:00,2026-10-06,2026-10-09,2026-10-06 20:00:00,Cerah Berawan,7.0,24.0,97.0,Timur Laut,4.0,,Tenang,0.1,Barat,0.68,-0.47,2026-10-06 15:00:55,24.94736842105263,84.3157894736842,5.7368421052631575,,0.41578947368421054,0.8663157894736843,,,,
4896,AF024,Pelabuhan Siompu,2026-10-05 12:00:00,2026-10-06,2026-10-09,2026-10-06 21:00:00,Cerah Berawan,7.0,23.0,97.0,Timur Laut,4.0,7.0,Tenang,0.1,Barat,0.72,-0.39,2026-10-06 15:00:55,24.842105263157894,84.84210526315789,5.7368421052631575,12.052631578947368,0.4105263157894737,0.8657894736842104,22.393939393939394,0.0,5.636363636363637,90.60606060606061
4897,AF024,Pelabuhan Siompu,2026-10-05 12:00:00,2026-10-06,2026-10-09,2026-10-06 22:00:00,Cerah Berawan,7.0,24.0,95.0,Timur Laut,4.0,,Tenang,0.1,Barat,0.7,-0.2,2026-10-06 15:00:55,25.0,85.26315789473684,5.7368421052631575,,0.4263157894736842,0.8689473684210527,25.0,0.0,7.1,87.0
4898,AF024,Pelabuhan Siompu,2026-10-05 12:00:00,2026-10-06,2026-10-09,2026-10-06 23:00:00,Cerah Berawan,10.0,25.0,90.0,Utara,3.0,,Tenang,0.1,Barat,0.64,0.02,2026-10-06 15:00:55,25.42105263157895,82.52631578947368,5.526315789473684,,0.46315789473684216,0.868421052631579,,,,
4899,AF025,Pelabuhan Kadatua,2026-10-05 12:00:00,2026-10-06,2026-10-09,2026-10-06 00:00:00,Cerah Berawan,10.0,26.0,77.0,Utara,4.0,9.0,Tenang,0.1,Barat Daya,0.63,0.39,2026-10-06 15:00:55,26.05263157894737,79.0,5.421052631578948,14.473684210526315,0.431578947368421,0.8831578947368421,,,,
4900,AF025,Pelabuhan Kadatua,2026-10-05 12:00:00,2026-10-06,2026-10-09,2026-10-06 01:00:00,Berawan Tebal,10.0,27.0,70.0,Utara,4.0,,Tenang,0.1,Selatan,0.76,0.31,2026-10-06 15:00:55,26.57894736842105,76.26315789473684,5.421052631578948,,0.4473684210526316,0.911578947368421,,,,
4901,AF025,Pelabuhan Kadatua,2026-10-05 12:00:00,2026-10-06,2026-10-09,2026-10-06 02:00:00,Cerah Berawan,10.0,28.0,71.0,Barat,12.0,,Tenang,0.1,Selatan,0.88,0.09,2026-10-06 15:00:55,26.736842105263158,75.3157894736842,6.631578947368421,,0.45789473684210524,0.9563157894736843,,,,
4902,AF025,Pelabuhan Kadatua,2026-10-05 12:00:00,2026-10-06,2026-10-09,2026-10-06 03:00:00,Berawan Tebal,10.0,27.0,74.0,Barat,12.0,16.0,Tenang,0.1,Selatan,0.99,-0.23,2026-10-06 15:00:55,26.842105263157894,74.84210526315789,6.631578947368421,18.05263157894737,0.46315789473684216,0.9863157894736841,,,,
4903,AF025,Pelabuhan Kadatua,2026-10-05 12:00:00,2026-10-06,2026-10-09,2026-10-06 04:00:00,Berawan Tebal,10.0,28.0,75.0,Barat,12.0,,Tenang,0.1,Selatan,0.97,-0.58,2026-10-06 15:00:55,27.157894736842106,74.36842105263158,6.631578947368421,,0.46842105263157896,1.0036842105263157,,,,
4904,AF025,Pelabuhan Kadatua,2026-10-05 12:00:00,2026-10-06,2026-10-09,2026-10-06 05:00:00,Berawan Tebal,10.0,30.0,68.0,Selatan,11.0,,Tenang,0.1,Selatan,0.86,-0.9,2026-10-06 15:00:55,27.68421052631579,73.78947368421052,7.7368421052631575,,0.4842105263157894,1.0110526315789474,,,,
4905,AF025,Pelabuhan Kadatua,2026-10-05 12:00:00,2026-10-06,2026-10-09,2026-10-06 06:00:00,Berawan Tebal,10.0,31.0,60.0,Selatan,11.0,18.0,Tenang,0.1,Selatan,0.67,-1.1,2026-10-06 15:00:55,28.157894736842106,73.05263157894737,7.7368421052631575,20.157894736842106,0.5,1.0089473684210528,,,,
4906,AF025,Pelabuhan Kadatua,2026-10-05 12:00:00,2026-10-06,2026-10-09,2026-10-06 07:00:00,Berawan Tebal,10.0,31.0,56.0,Selatan,11.0,,Tenang,0.3,Utara,0.68,-1.17,2026-10-06 15:00:55,27.94736842105263,72.84210526315789,7.7368421052631575,,0.5157894736842106,1.0057894736842106,,,,
4907,AF025,Pelabuhan Kadatua,2026-10-05 12:00:00,2026-10-06,2026-10-09,2026-10-06 08:00:00,Berawan Tebal,10.0,30.0,53.0,Tenggara,10.0,,Tenang,0.4,Utara,0.86,-1.07,2026-10-06 15:00:55,27.842105263157894,72.6842105263158,8.631578947368421,,0.5368421052631579,1.0005263157894737,,,,
4908,AF025,Pelabuhan Kadatua,2026-10-05 12:00:00,2026-10-06,2026-10-09,2026-10-06 09:00:00,Cerah,10.0,29.0,56.0,Tenggara,10.0,12.0,Tenang,0.3,Utara,0.97,-0.84,2026-10-06 15:00:55,27.63157894736842,72.94736842105263,8.631578947368421,19.736842105263158,0.5473684210526316,0.9957894736842107,,,,
4909,AF025,Pelabuhan Kadatua,2026-10-05 12:00:00,2026-10-06,2026-10-09,2026-10-06 10:00:00,Cerah,10.0,28.0,62.0,Tenggara,10.0,,Tenang,0.2,Utara,0.94,-0.51,2026-10-06 15:00:55,27.105263157894736,74.6842105263158,8.631578947368421,,0.5842105263157894,0.9852631578947367,,,,
4910,AF025,Pelabuhan Kadatua,2026-10-05 12:00:00,2026-10-06,2026-10-09,2026-10-06 11:00:00,Cerah,10.0,27.0,66.0,Tenggara,8.0,,Tenang,0.1,Barat Laut,0.88,-0.17,2026-10-06 15:00:55,26.842105263157894,76.84210526315789,8.631578947368421,,0.6052631578947368,0.9647368421052632,,,,
4911,AF025,Pelabuhan Kadatua,2026-10-05 12:00:00,2026-10-06,2026-10-09,2026-10-06 12:00:00,Cerah,10.0,26.0,70.0,Tenggara,8.0,12.0,Tenang,0.1,Barat Laut,0.78,0.12,2026-10-06 15:00:55,26.473684210526315,78.05263157894737,8.631578947368421,17.789473684210527,0.6,0.9352631578947368,,,,
4912,AF025,Pelabuhan Kadatua,2026-10-05 12:00:00,2026-10-06,2026-10-09,2026-10-06 13:00:00,Cerah,10.0,26.0,75.0,Tenggara,8.0,,Tenang,0.1,Barat,0.68,0.28,2026-10-06 15:00:55,26.36842105263158,78.73684210526316,8.631578947368421,,0.5684210526315789,0.898421052631579,,,,
4913,AF025,Pelabuhan Kadatua,2026-10-05 12:00:00,2026-10-06,2026-10-09,2026-10-06 14:00:00,Berawan,10.0,26.0,80.0,Timur,6.0,,Tenang,0.1,Barat Daya,0.69,0.34,2026-10-06 15:00:55,26.210526315789473,79.6842105263158,7.157894736842105,,0.531578947368421,0.8668421052631579,,,,
4914,AF025,Pelabuhan Kadatua,2026-10-05 12:00:00,2026-10-06,2026-10-09,2026-10-06 15:00:00,Berawan Tebal,10.0,25.0,83.0,Timur,6.0,11.0,Tenang,0.1,Selatan,0.76,0.26,2026-10-06 15:00:55,26.0,80.6842105263158,7.157894736842105,15.68421052631579,0.5052631578947369,0.865263157894737,23.363636363636363,0.0,6.942424242424242,88.18181818181819
4915,AF025,Pelabuhan Kadatua,2026-10-05 12:00:00,2026-10-06,2026-10-09,2026-10-06 16:00:00,Cerah Berawan,10.0,25.0,85.0,Timur,6.0,,Tenang,0.1,Selatan,0.81,0.08,2026-10-06 15:00:55,25.68421052631579,81.52631578947368,7.157894736842105,,0.46842105263157896,0.871578947368421,23.0,0.0,4.9,94.0
4916,AF025,Pelabuhan Kadatua,2026-10-05 12:00:00,2026-10-06,2026-10-09,2026-10-06 17:00:00,Cerah Berawan,8.0,25.0,88.0,Timur Laut,4.0,,Tenang,0.1,Selatan,0.81,-0.14,2026-10-06 15:00:55,25.473684210526315,82.21052631578948,5.526315789473684,,0.4263157894736842,0.8736842105263158,,,,
4917,AF025,Pelabuhan Kadatua,2026-10-05 12:00:00,2026-10-06,2026-10-09,2026-10-06 18:00:00,Cerah Berawan,8.0,24.0,91.0,Timur Laut,4.0,7.0,Tenang,0.1,Selatan,0.77,-0.34,2026-10-06 15:00:55,25.263157894736842,82.89473684210526,5.526315789473684,13.68421052631579,0.4105263157894737,0.8757894736842106,22.696969696969695,0.0,5.718181818181818,90.42424242424242
4918,AF025,Pelabuhan Kadatua,2026-10-05 12:00:00,2026-10-06,2026-10-09,2026-10-06 19:00:00,Cerah Berawan,8.0,24.0,93.0,Timur Laut,4.0,,Tenang,0.1,Barat Daya,0.71,-0.48,2026-10-06 15:00:55,25.105263157894736,83.47368421052632,5.526315789473684,,0.4052631578947368,0.8721052631578947,22.0,0.0,5.6,97.0
4919,AF025,Pelabuhan Kadatua,2026-10-05 12:00:00,2026-10-06,2026-10-09,2026-10-06 20:00:00,Cerah Berawan,7.0,24.0,95.0,Timur Laut,5.0,,Tenang,0.1,Barat,0.66,-0.47,2026-10-06 15:00:55,24.94736842105263,84.3157894736842,5.7368421052631575,,0.41578947368421054,0.8663157894736843,,,,
4920,AF025,Pelabuhan Kadatua,2026-10-05 12:00:00,2026-10-06,2026-10-09,2026-10-06 21:00:00,Cerah Berawan,7.0,24.0,95.0,Timur Laut,5.0,7.0,Tenang,0.1,Barat Laut,0.68,-0.4,2026-10-06 15:00:55,24.842105263157894,84.84210526315789,5.7368421052631575,12.052631578947368,0.4105263157894737,0.8657894736842104,22.393939393939394,0.0,5.636363636363637,90.60606060606061
4921,AF025,Pelabuhan Kadatua,2026-10-05 12:00:00,2026-10-06,2026-10-09,2026-10-06 22:00:00,Cerah Berawan,7.0,24.0,94.0,Timur Laut,5.0,,Tenang,0.1,Barat Laut,0.72,-0.2,2026-10-06 15:00:55,25.0,85.26315789473684,5.7368421052631575,,0.4263157894736842,0.8689473684210527,25.0,0.0,7.1,87.0
4922,AF025,Pelabuhan Kadatua,2026-10-05 12:00:00,2026-10-06,2026-10-09,2026-10-06 23:00:00,Cerah Berawan,10.0,24.0,91.0,Utara,3.0,,Tenang,0.1,Utara,0.72,0.03,2026-10-06 15:00:55,25.42105263157895,82.52631578947368,5.526315789473684,,0.46315789473684216,0.868421052631579,,,,
4923,AF026,Pelabuhan Batu Atas Timur,2026-10-05 12:00:00,2026-10-06,2026-10-09,2026-10-06 00:00:00,Berawan,10.0,27.0,81.0,Timur,9.0,10.0,Tenang,0.4,Barat,0.93,0.41,2026-10-06 15:00:55,26.05263157894737,79.0,5.421052631578948,14.473684210526315,0.431578947368421,0.8831578947368421,,,,
4924,AF026,Pelabuhan Batu Atas Timur,2026-10-05 12:00:00,2026-10-06,2026-10-09,2026-10-06 01:00:00,Berawan,10.0,27.0,81.0,Timur,9.0,,Rendah,0.5,Barat Daya,0.95,0.31,2026-10-06 15:00:55,26.57894736842105,76.26315789473684,5.421052631578948,,0.4473684210526316,0.911578947368421,,,,
4925,AF026,Pelabuhan Batu Atas Timur,2026-10-05 12:00:00,2026-10-06,2026-10-09,2026-10-06 02:00:00,Berawan,10.0,27.0,80.0,Timur,8.0,,Rendah,0.5,Barat Daya,0.96,0.09,2026-10-06 15:00:55,26.736842105263158,75.3157894736842,6.631578947368421,,0.45789473684210524,0.9563157894736843,,,,
4926,AF026,Pelabuhan Batu Atas Timur,2026-10-05 12:00:00,2026-10-06,2026-10-09,2026-10-06 03:00:00,Berawan,10.0,27.0,79.0,Timur,8.0,11.0,Rendah,0.5,Barat Daya,0.97,-0.23,2026-10-06 15:00:55,26.842105263157894,74.84210526315789,6.631578947368421,18.05263157894737,0.46315789473684216,0.9863157894736841,,,,
4927,AF026,Pelabuhan Batu Atas Timur,2026-10-05 12:00:00,2026-10-06,2026-10-09,2026-10-06 04:00:00,Berawan Tebal,10.0,28.0,78.0,Timur,8.0,,Tenang,0.4,Barat Daya,0.99,-0.57,2026-10-06 15:00:55,27.157894736842106,74.36842105263158,6.631578947368421,,0.46842105263157896,1.0036842105263157,,,,
4928,AF026,Pelabuhan Batu Atas Timur,2026-10-05 12:00:00,2026-10-06,2026-10-09,2026-10-06 05:00:00,Berawan Tebal,10.0,28.0,77.0,Timur,8.0,,Tenang,0.4,Barat Daya,1.03,-0.89,2026-10-06 15:00:55,27.68421052631579,73.78947368421052,7.7368421052631575,,0.4842105263157894,1.0110526315789474,,,,
4929,AF026,Pelabuhan Batu Atas Timur,2026-10-05 12:00:00,2026-10-06,2026-10-09,2026-10-06 06:00:00,Berawan Tebal,10.0,29.0,76.0,Timur,8.0,12.0,Tenang,0.4,Barat Daya,1.04,-1.09,2026-10-06 15:00:55,28.157894736842106,73.05263157894737,7.7368421052631575,20.157894736842106,0.5,1.0089473684210528,,,,
4930,AF026,Pelabuhan Batu Atas Timur,2026-10-05 12:00:00,2026-10-06,2026-10-09,2026-10-06 07:00:00,Berawan Tebal,10.0,28.0,76.0,Timur,8.0,,Tenang,0.4,Barat Daya,1.01,-1.15,2026-10-06 15:00:55,27.94736842105263,72.84210526315789,7.7368421052631575,,0.5157894736842106,1.0057894736842106,,,,
4931,AF026,Pelabuhan Batu Atas Timur,2026-10-05 12:00:00,2026-10-06,2026-10-09,2026-10-06 08:00:00,Berawan Tebal,10.0,28.0,77.0,Timur,7.0,,Tenang,0.4,Barat Daya,0.94,-1.05,2026-10-06 15:00:55,27.842105263157894,72.6842105263158,8.631578947368421,,0.5368421052631579,1.0005263157894737,,,,
4932,AF026,Pelabuhan Batu Atas Timur,2026-10-05 12:00:00,2026-10-06,2026-10-09,2026-10-06 09:00:00,Cerah,10.0,27.0,76.0,Timur,7.0,12.0,Tenang,0.4,Barat Daya,0.84,-0.83,2026-10-06 15:00:55,27.63157894736842,72.94736842105263,8.631578947368421,19.736842105263158,0.5473684210526316,0.9957894736842107,,,,
4933,AF026,Pelabuhan Batu Atas Timur,2026-10-05 12:00:00,2026-10-06,2026-10-09,2026-10-06 10:00:00,Cerah,10.0,27.0,77.0,Timur,7.0,,Tenang,0.4,Barat,0.74,-0.51,2026-10-06 15:00:55,27.105263157894736,74.6842105263158,8.631578947368421,,0.5842105263157894,0.9852631578947367,,,,
4934,AF026,Pelabuhan Batu Atas Timur,2026-10-05 12:00:00,2026-10-06,2026-10-09,2026-10-06 11:00:00,Cerah,10.0,27.0,76.0,Timur,9.0,,Tenang,0.4,Barat,0.73,-0.16,2026-10-06 15:00:55,26.842105263157894,76.84210526315789,8.631578947368421,,0.6052631578947368,0.9647368421052632,,,,
4935,AF026,Pelabuhan Batu Atas Timur,2026-10-05 12:00:00,2026-10-06,2026-10-09,2026-10-06 12:00:00,Cerah,10.0,27.0,75.0,Timur,9.0,13.0,Tenang,0.4,Barat,0.75,0.13,2026-10-06 15:00:55,26.473684210526315,78.05263157894737,8.631578947368421,17.789473684210527,0.6,0.9352631578947368,,,,
4936,AF026,Pelabuhan Batu Atas Timur,2026-10-05 12:00:00,2026-10-06,2026-10-09,2026-10-06 13:00:00,Cerah,10.0,27.0,75.0,Timur,9.0,,Tenang,0.4,Barat Daya,0.8,0.31,2026-10-06 15:00:55,26.36842105263158,78.73684210526316,8.631578947368421,,0.5684210526315789,0.898421052631579,,,,
4937,AF026,Pelabuhan Batu Atas Timur,2026-10-05 12:00:00,2026-10-06,2026-10-09,2026-10-06 14:00:00,Cerah Berawan,10.0,27.0,73.0,Timur,11.0,,Tenang,0.4,Barat Daya,0.84,0.37,2026-10-06 15:00:55,26.210526315789473,79.6842105263158,7.157894736842105,,0.531578947368421,0.8668421052631579,,,,
4938,AF026,Pelabuhan Batu Atas Timur,2026-10-05 12:00:00,2026-10-06,2026-10-09,2026-10-06 15:00:00,Berawan Tebal,10.0,27.0,74.0,Timur,11.0,14.0,Tenang,0.4,Barat Daya,0.87,0.29,2026-10-06 15:00:55,26.0,80.6842105263158,7.157894736842105,15.68421052631579,0.5052631578947369,0.865263157894737,23.363636363636363,0.0,6.942424242424242,88.18181818181819
4939,AF026,Pelabuhan Batu Atas Timur,2026-10-05 12:00:00,2026-10-06,2026-10-09,2026-10-06 16:00:00,Cerah Berawan,10.0,26.0,77.0,Timur,11.0,,Tenang,0.4,Barat Daya,0.9,0.1,2026-10-06 15:00:55,25.68421052631579,81.52631578947368,7.157894736842105,,0.46842105263157896,0.871578947368421,23.0,0.0,4.9,94.0
4940,AF026,Pelabuhan Batu Atas Timur,2026-10-05 12:00:00,2026-10-06,2026-10-09,2026-10-06 17:00:00,Cerah,10.0,26.0,79.0,Timur,10.0,,Tenang,0.4,Barat Daya,0.9,-0.12,2026-10-06 15:00:55,25.473684210526315,82.21052631578948,5.526315789473684,,0.4263157894736842,0.8736842105263158,,,,
4941,AF026,Pelabuhan Batu Atas Timur,2026-10-05 12:00:00,2026-10-06,2026-10-09,2026-10-06 18:00:00,Cerah Berawan,10.0,25.0,79.0,Timur,10.0,14.0,Tenang,0.4,Barat Daya,0.89,-0.32,2026-10-06 15:00:55,25.263157894736842,82.89473684210526,5.526315789473684,13.68421052631579,0.4105263157894737,0.8757894736842106,22.696969696969695,0.0,5.718181818181818,90.42424242424242
4942,AF026,Pelabuhan Batu Atas Timur,2026-10-05 12:00:00,2026-10-06,2026-10-09,2026-10-06 19:00:00,Cerah,10.0,25.0,79.0,Timur,10.0,,Tenang,0.4,Barat Daya,0.85,-0.45,2026-10-06 15:00:55,25.105263157894736,83.47368421052632,5.526315789473684,,0.4052631578947368,0.8721052631578947,22.0,0.0,5.6,97.0
4943,AF026,Pelabuhan Batu Atas Timur,2026-10-05 12:00:00,2026-10-06,2026-10-09,2026-10-06 20:00:00,Cerah Berawan,10.0,25.0,78.0,Timur,11.0,,Tenang,0.4,Barat Daya,0.78,-0.47,2026-10-06 15:00:55,24.94736842105263,84.3157894736842,5.7368421052631575,,0.41578947368421054,0.8663157894736843,,,,
4944,AF026,Pelabuhan Batu Atas Timur,2026-10-05 12:00:00,2026-10-06,2026-10-09,2026-10-06 21:00:00,Cerah Berawan,10.0,25.0,79.0,Timur,11.0,14.0,Tenang,0.4,Barat Daya,0.71,-0.38,2026-10-06 15:00:55,24.842105263157894,84.84210526315789,5.7368421052631575,12.052631578947368,0.4105263157894737,0.8657894736842104,22.393939393939394,0.0,5.636363636363637,90.60606060606061
4945,AF026,Pelabuhan Batu Atas Timur,2026-10-05 12:00:00,2026-10-06,2026-10-09,2026-10-06 22:00:00,Cerah Berawan,10.0,26.0,79.0,Timur,11.0,,Rendah,0.5,Barat,0.68,-0.19,2026-10-06 15:00:55,25.0,85.26315789473684,5.7368421052631575,,0.4263157894736842,0.8689473684210527,25.0,0.0,7.1,87.0
4946,AF026,Pelabuhan Batu Atas Timur,2026-10-05 12:00:00,2026-10-06,2026-10-09,2026-10-06 23:00:00,Cerah Berawan,10.0,26.0,78.0,Timur,10.0,,Rendah,0.5,Barat,0.72,0.04,2026-10-06 15:00:55,25.42105263157895,82.52631578947368,5.526315789473684,,0.46315789473684216,0.868421052631579,,,,
4947,AF027,Pelabuhan Wamengkoli/Waara,2026-10-05 12:00:00,2026-10-06,2026-10-09,2026-10-06 00:00:00,Berawan,10.0,27.0,72.0,Timur Laut,3.0,7.0,Tenang,0.1,Timur Laut,0.61,0.41,2026-10-06 15:00:55,26.05263157894737,79.0,5.421052631578948,14.473684210526315,0.431578947368421,0.8831578947368421,,,,
4948,AF027,Pelabuhan Wamengkoli/Waara,2026-10-05 12:00:00,2026-10-06,2026-10-09,2026-10-06 01:00:00,Berawan Tebal,10.0,29.0,62.0,Timur Laut,3.0,,Tenang,0.1,Barat Daya,0.82,0.35,2026-10-06 15:00:55,26.57894736842105,76.26315789473684,5.421052631578948,,0.4473684210526316,0.911578947368421,,,,
4949,AF027,Pelabuhan Wamengkoli/Waara,2026-10-05 12:00:00,2026-10-06,2026-10-09,2026-10-06 02:00:00,Cerah Berawan,10.0,30.0,60.0,Selatan,4.0,,Tenang,0.1,Barat Daya,1.12,0.13,2026-10-06 15:00:55,26.736842105263158,75.3157894736842,6.631578947368421,,0.45789473684210524,0.9563157894736843,,,,
4950,AF027,Pelabuhan Wamengkoli/Waara,2026-10-05 12:00:00,2026-10-06,2026-10-09,2026-10-06 03:00:00,Berawan,10.0,30.0,60.0,Selatan,4.0,7.0,Tenang,0.1,Barat Daya,1.25,-0.18,2026-10-06 15:00:55,26.842105263157894,74.84210526315789,6.631578947368421,18.05263157894737,0.46315789473684216,0.9863157894736841,,,,
4951,AF027,Pelabuhan Wamengkoli/Waara,2026-10-05 12:00:00,2026-10-06,2026-10-09,2026-10-06 04:00:00,Berawan Tebal,10.0,30.0,63.0,Selatan,4.0,,Tenang,0.1,Barat Daya,1.27,-0.54,2026-10-06 15:00:55,27.157894736842106,74.36842105263158,6.631578947368421,,0.46842105263157896,1.0036842105263157,,,,
4952,AF027,Pelabuhan Wamengkoli/Waara,2026-10-05 12:00:00,2026-10-06,2026-10-09,2026-10-06 05:00:00,Berawan Tebal,10.0,30.0,62.0,Barat Daya,3.0,,Tenang,0.1,Barat Daya,1.2,-0.89,2026-10-06 15:00:55,27.68421052631579,73.78947368421052,7.7368421052631575,,0.4842105263157894,1.0110526315789474,,,,
4953,AF027,Pelabuhan Wamengkoli/Waara,2026-10-05 12:00:00,2026-10-06,2026-10-09,2026-10-06 06:00:00,Berawan Tebal,10.0,31.0,59.0,Barat Daya,3.0,7.0,Tenang,0.1,Barat Daya,0.97,-1.11,2026-10-06 15:00:55,28.157894736842106,73.05263157894737,7.7368421052631575,20.157894736842106,0.5,1.0089473684210528,,,,
4954,AF027,Pelabuhan Wamengkoli/Waara,2026-10-05 12:00:00,2026-10-06,2026-10-09,2026-10-06 07:00:00,Berawan Tebal,10.0,32.0,49.0,Barat Daya,3.0,,Tenang,0.1,Barat Daya,0.68,-1.17,2026-10-06 15:00:55,27.94736842105263,72.84210526315789,7.7368421052631575,,0.5157894736842106,1.0057894736842106,,,,
4955,AF027,Pelabuhan Wamengkoli/Waara,2026-10-05 12:00:00,2026-10-06,2026-10-09,2026-10-06 08:00:00,Cerah Berawan,10.0,31.0,43.0,Tenggara,8.0,,Tenang,0.1,Utara,0.66,-1.07,2026-10-06 15:00:55,27.842105263157894,72.6842105263158,8.631578947368421,,0.5368421052631579,1.0005263157894737,,,,
4956,AF027,Pelabuhan Wamengkoli/Waara,2026-10-05 12:00:00,2026-10-06,2026-10-09,2026-10-06 09:00:00,Cerah,10.0,29.0,49.0,Tenggara,8.0,11.0,Tenang,0.1,Utara,0.85,-0.87,2026-10-06 15:00:55,27.63157894736842,72.94736842105263,8.631578947368421,19.736842105263158,0.5473684210526316,0.9957894736842107,,,,
4957,AF027,Pelabuhan Wamengkoli/Waara,2026-10-05 12:00:00,2026-10-06,2026-10-09,2026-10-06 10:00:00,Cerah,10.0,27.0,61.0,Tenggara,8.0,,Tenang,0.1,Timur Laut,0.99,-0.54,2026-10-06 15:00:55,27.105263157894736,74.6842105263158,8.631578947368421,,0.5842105263157894,0.9852631578947367,,,,
4958,AF027,Pelabuhan Wamengkoli/Waara,2026-10-05 12:00:00,2026-10-06,2026-10-09,2026-10-06 11:00:00,Cerah,10.0,26.0,71.0,Timur,6.0,,Tenang,0.1,Timur Laut,1.05,-0.19,2026-10-06 15:00:55,26.842105263157894,76.84210526315789,8.631578947368421,,0.6052631578947368,0.9647368421052632,,,,
4959,AF027,Pelabuhan Wamengkoli/Waara,2026-10-05 12:00:00,2026-10-06,2026-10-09,2026-10-06 12:00:00,Cerah,10.0,25.0,76.0,Timur,6.0,10.0,Tenang,0.1,Timur Laut,0.98,0.11,2026-10-06 15:00:55,26.473684210526315,78.05263157894737,8.631578947368421,17.789473684210527,0.6,0.9352631578947368,,,,
4960,AF027,Pelabuhan Wamengkoli/Waara,2026-10-05 12:00:00,2026-10-06,2026-10-09,2026-10-06 13:00:00,Cerah Berawan,10.0,25.0,80.0,Timur,6.0,,Tenang,0.1,Timur Laut,0.85,0.31,2026-10-06 15:00:55,26.36842105263158,78.73684210526316,8.631578947368421,,0.5684210526315789,0.898421052631579,,,,
4961,AF027,Pelabuhan Wamengkoli/Waara,2026-10-05 12:00:00,2026-10-06,2026-10-09,2026-10-06 14:00:00,Berawan,10.0,25.0,85.0,Timur Laut,4.0,,Tenang,0.1,Barat Laut,0.66,0.39,2026-10-06 15:00:55,26.210526315789473,79.6842105263158,7.157894736842105,,0.531578947368421,0.8668421052631579,,,,
4962,AF027,Pelabuhan Wamengkoli/Waara,2026-10-05 12:00:00,2026-10-06,2026-10-09,2026-10-06 15:00:00,Berawan Tebal,10.0,24.0,89.0,Timur Laut,4.0,7.0,Tenang,0.1,Barat Daya,0.81,0.31,2026-10-06 15:00:55,26.0,80.6842105263158,7.157894736842105,15.68421052631579,0.5052631578947369,0.865263157894737,23.363636363636363,0.0,6.942424242424242,88.18181818181819
4963,AF027,Pelabuhan Wamengkoli/Waara,2026-10-05 12:00:00,2026-10-06,2026-10-09,2026-10-06 16:00:00,Cerah Berawan,10.0,24.0,93.0,Timur Laut,4.0,,Tenang,0.1,Barat Daya,1.0,0.12,2026-10-06 15:00:55,25.68421052631579,81.52631578947368,7.157894736842105,,0.46842105263157896,0.871578947368421,23.0,0.0,4.9,94.0
4964,AF027,Pelabuhan Wamengkoli/Waara,2026-10-05 12:00:00,2026-10-06,2026-10-09,2026-10-06 17:00:00,Cerah Berawan,7.0,23.0,96.0,Timur,3.0,,Tenang,0.1,Barat Daya,1.04,-0.12,2026-10-06 15:00:55,25.473684210526315,82.21052631578948,5.526315789473684,,0.4263157894736842,0.8736842105263158,,,,
4965,AF027,Pelabuhan Wamengkoli/Waara,2026-10-05 12:00:00,2026-10-06,2026-10-09,2026-10-06 18:00:00,Berawan,7.0,23.0,96.0,Timur,3.0,6.0,Tenang,0.1,Barat Daya,0.98,-0.33,2026-10-06 15:00:55,25.263157894736842,82.89473684210526,5.526315789473684,13.68421052631579,0.4105263157894737,0.8757894736842106,22.696969696969695,0.0,5.718181818181818,90.42424242424242
4966,AF027,Pelabuhan Wamengkoli/Waara,2026-10-05 12:00:00,2026-10-06,2026-10-09,2026-10-06 19:00:00,Berawan,7.0,23.0,96.0,Timur,3.0,,Tenang,0.1,Barat Daya,0.86,-0.48,2026-10-06 15:00:55,25.105263157894736,83.47368421052632,5.526315789473684,,0.4052631578947368,0.8721052631578947,22.0,0.0,5.6,97.0
4967,AF027,Pelabuhan Wamengkoli/Waara,2026-10-05 12:00:00,2026-10-06,2026-10-09,2026-10-06 20:00:00,Berawan,7.0,23.0,96.0,Timur Laut,3.0,,Tenang,0.1,Barat,0.69,-0.51,2026-10-06 15:00:55,24.94736842105263,84.3157894736842,5.7368421052631575,,0.41578947368421054,0.8663157894736843,,,,
4968,AF027,Pelabuhan Wamengkoli/Waara,2026-10-05 12:00:00,2026-10-06,2026-10-09,2026-10-06 21:00:00,Berawan,7.0,22.0,97.0,Timur Laut,3.0,6.0,Tenang,0.1,Timur Laut,0.68,-0.43,2026-10-06 15:00:55,24.842105263157894,84.84210526315789,5.7368421052631575,12.052631578947368,0.4105263157894737,0.8657894736842104,22.393939393939394,0.0,5.636363636363637,90.60606060606061
4969,AF027,Pelabuhan Wamengkoli/Waara,2026-10-05 12:00:00,2026-10-06,2026-10-09,2026-10-06 22:00:00,Berawan,7.0,23.0,95.0,Timur Laut,3.0,,Tenang,0.1,Timur Laut,0.88,-0.24,2026-10-06 15:00:55,25.0,85.26315789473684,5.7368421052631575,,0.4263157894736842,0.8689473684210527,25.0,0.0,7.1,87.0
4970,AF027,Pelabuhan Wamengkoli/Waara,2026-10-05 12:00:00,2026-10-06,2026-10-09,2026-10-06 23:00:00,Cerah Berawan,10.0,24.0,88.0,Timur Laut,3.0,,Tenang,0.1,Timur Laut,0.96,0.01,2026-10-06 15:00:55,25.42105263157895,82.52631578947368,5.526315789473684,,0.46315789473684216,0.868421052631579,,,,
4971,AF028,Pelabuhan Tolandona,2026-10-05 12:00:00,2026-10-06,2026-10-09,2026-10-06 00:00:00,Cerah,,,,,,,Tenang,0.1,,,,2026-10-06 15:00:55,26.05263157894737,79.0,5.421052631578948,14.473684210526315,0.431578947368421,0.8831578947368421,,,,
4972,AF028,Pelabuhan Tolandona,2026-10-05 12:00:00,2026-10-06,2026-10-09,2026-10-06 01:00:00,Cerah,,,,,,,Tenang,0.1,,,,2026-10-06 15:00:55,26.57894736842105,76.26315789473684,5.421052631578948,,0.4473684210526316,0.911578947368421,,,,
4973,AF028,Pelabuhan Tolandona,2026-10-05 12:00:00,2026-10-06,2026-10-09,2026-10-06 02:00:00,Cerah,,,,,,,Tenang,0.1,,,,2026-10-06 15:00:55,26.736842105263158,75.3157894736842,6.631578947368421,,0.45789473684210524,0.9563157894736843,,,,
4974,AF028,Pelabuhan Tolandona,2026-10-05 12:00:00,2026-10-06,2026-10-09,2026-10-06 03:00:00,Cerah,,,,,,,Tenang,0.1,,,,2026-10-06 15:00:55,26.842105263157894,74.84210526315789,6.631578947368421,18.05263157894737,0.46315789473684216,0.9863157894736841,,,,
4975,AF028,Pelabuhan Tolandona,2026-10-05 12:00:00,2026-10-06,2026-10-09,2026-10-06 04:00:00,Cerah,,,,,,,Tenang,0.1,,,,2026-10-06 15:00:55,27.157894736842106,74.36842105263158,6.631578947368421,,0.46842105263157896,1.0036842105263157,,,,
4976,AF028,Pelabuhan Tolandona,2026-10-05 12:00:00,2026-10-06,2026-10-09,2026-10-06 05:00:00,Cerah,,,,,,,Tenang,0.1,,,,2026-10-06 15:00:55,27.68421052631579,73.78947368421052,7.7368421052631575,,0.4842105263157894,1.0110526315789474,,,,
4977,AF028,Pelabuhan Tolandona,2026-10-05 12:00:00,2026-10-06,2026-10-09,2026-10-06 06:00:00,Cerah,,,,,,,Tenang,0.1,,,,2026-10-06 15:00:55,28.157894736842106,73.05263157894737,7.7368421052631575,20.157894736842106,0.5,1.0089473684210528,,,,
4978,AF028,Pelabuhan Tolandona,2026-10-05 12:00:00,2026-10-06,2026-10-09,2026-10-06 07:00:00,Cerah,,,,,,,Tenang,0.1,,,,2026-10-06 15:00:55,27.94736842105263,72.84210526315789,7.7368421052631575,,0.5157894736842106,1.0057894736842106,,,,
4979,AF028,Pelabuhan Tolandona,2026-10-05 12:00:00,2026-10-06,2026-10-09,2026-10-06 08:00:00,Cerah,,,,,,,Tenang,0.1,,,,2026-10-06 15:00:55,27.842105263157894,72.6842105263158,8.631578947368421,,0.5368421052631579,1.0005263157894737,,,,
4980,AF028,Pelabuhan Tolandona,2026-10-05 12:00:00,2026-10-06,2026-10-09,2026-10-06 09:00:00,Cerah,,,,,,,Tenang,0.1,,,,2026-10-06 15:00:55,27.63157894736842,72.94736842105263,8.631578947368421,19.736842105263158,0.5473684210526316,0.9957894736842107,,,,
4981,AF028,Pelabuhan Tolandona,2026-10-05 12:00:00,2026-10-06,2026-10-09,2026-10-06 10:00:00,Cerah,,,,,,,Tenang,0.1,,,,2026-10-06 15:00:55,27.105263157894736,74.6842105263158,8.631578947368421,,0.5842105263157894,0.9852631578947367,,,,
4982,AF028,Pelabuhan Tolandona,2026-10-05 12:00:00,2026-10-06,2026-10-09,2026-10-06 11:00:00,Cerah,,,,,,,Tenang,0.1,,,,2026-10-06 15:00:55,26.842105263157894,76.84210526315789,8.631578947368421,,0.6052631578947368,0.9647368421052632,,,,
4983,AF028,Pelabuhan Tolandona,2026-10-05 12:00:00,2026-10-06,2026-10-09,2026-10-06 12:00:00,Cerah,,,,,,,Tenang,0.1,,,,2026-10-06 15:00:55,26.473684210526315,78.05263157894737,8.631578947368421,17.789473684210527,0.6,0.9352631578947368,,,,
4984,AF028,Pelabuhan Tolandona,2026-10-05 12:00:00,2026-10-06,2026-10-09,2026-10-06 13:00:00,Cerah,,,,,,,Tenang,0.1,,,,2026-10-06 15:00:55,26.36842105263158,78.73684210526316,8.631578947368421,,0.5684210526315789,0.898421052631579,,,,
4985,AF028,Pelabuhan Tolandona,2026-10-05 12:00:00,2026-10-06,2026-10-09,2026-10-06 14:00:00,Cerah,,,,,,,Tenang,0.1,,,,2026-10-06 15:00:55,26.210526315789473,79.6842105263158,7.157894736842105,,0.531578947368421,0.8668421052631579,,,,
4986,AF028,Pelabuhan Tolandona,2026-10-05 12:00:00,2026-10-06,2026-10-09,2026-10-06 15:00:00,Cerah,,,,,,,Tenang,0.1,,,,2026-10-06 15:00:55,26.0,80.6842105263158,7.157894736842105,15.68421052631579,0.5052631578947369,0.865263157894737,23.363636363636363,0.0,6.942424242424242,88.18181818181819
4987,AF028,Pelabuhan Tolandona,2026-10-05 12:00:00,2026-10-06,2026-10-09,2026-10-06 16:00:00,Cerah,,,,,,,Tenang,0.1,,,,2026-10-06 15:00:55,25.68421052631579,81.52631578947368,7.157894736842105,,0.46842105263157896,0.871578947368421,23.0,0.0,4.9,94.0
4988,AF028,Pelabuhan Tolandona,2026-10-05 12:00:00,2026-10-06,2026-10-09,2026-10-06 17:00:00,Cerah,,,,,,,Tenang,0.1,,,,2026-10-06 15:00:55,25.473684210526315,82.21052631578948,5.526315789473684,,0.4263157894736842,0.8736842105263158,,,,
4989,AF028,Pelabuhan Tolandona,2026-10-05 12:00:00,2026-10-06,2026-10-09,2026-10-06 18:00:00,Cerah,,,,,,,Tenang,0.1,,,,2026-10-06 15:00:55,25.263157894736842,82.89473684210526,5.526315789473684,13.68421052631579,0.4105263157894737,0.8757894736842106,22.696969696969695,0.0,5.718181818181818,90.42424242424242
4990,AF028,Pelabuhan Tolandona,2026-10-05 12:00:00,2026-10-06,2026-10-09,2026-10-06 19:00:00,Cerah,,,,,,,Tenang,0.1,,,,2026-10-06 15:00:55,25.105263157894736,83.47368421052632,5.526315789473684,,0.4052631578947368,0.8721052631578947,22.0,0.0,5.6,97.0
4991,AF028,Pelabuhan Tolandona,2026-10-05 12:00:00,2026-10-06,2026-10-09,2026-10-06 20:00:00,Cerah,,,,,,,Tenang,0.1,,,,2026-10-06 15:00:55,24.94736842105263,84.3157894736842,5.7368421052631575,,0.41578947368421054,0.8663157894736843,,,,
4992,AF028,Pelabuhan Tolandona,2026-10-05 12:00:00,2026-10-06,2026-10-09,2026-10-06 21:00:00,Cerah,,,,,,,Tenang,0.1,,,,2026-10-06 15:00:55,24.842105263157894,84.84210526315789,5.7368421052631575,12.052631578947368,0.4105263157894737,0.8657894736842104,22.393939393939394,0.0,5.636363636363637,90.60606060606061
4993,AF028,Pelabuhan Tolandona,2026-10-05 12:00:00,2026-10-06,2026-10-09,2026-10-06 22:00:00,Cerah,,,,,,,Tenang,0.1,,,,2026-10-06 15:00:55,25.0,85.26315789473684,5.7368421052631575,,0.4263157894736842,0.8689473684210527,25.0,0.0,7.1,87.0
4994,AF028,Pelabuhan Tolandona,2026-10-05 12:00:00,2026-10-06,2026-10-09,2026-10-06 23:00:00,Cerah,,,,,,,Tenang,0.1,,,,2026-10-06 15:00:55,25.42105263157895,82.52631578947368,5.526315789473684,,0.46315789473684216,0.868421052631579,,,,
4995,AF029,Pelabuhan Mawasangka,2026-10-05 12:00:00,2026-10-06,2026-10-09,2026-10-06 00:00:00,Cerah Berawan,10.0,27.0,73.0,Timur Laut,3.0,8.0,Tenang,0.1,Barat Daya,0.66,0.4,2026-10-06 15:00:55,26.05263157894737,79.0,5.421052631578948,14.473684210526315,0.431578947368421,0.8831578947368421,,,,
4996,AF029,Pelabuhan Mawasangka,2026-10-05 12:00:00,2026-10-06,2026-10-09,2026-10-06 01:00:00,Berawan,10.0,29.0,62.0,Timur Laut,3.0,,Tenang,0.1,Barat Daya,0.74,0.35,2026-10-06 15:00:55,26.57894736842105,76.26315789473684,5.421052631578948,,0.4473684210526316,0.911578947368421,,,,
4997,AF029,Pelabuhan Mawasangka,2026-10-05 12:00:00,2026-10-06,2026-10-09,2026-10-06 02:00:00,Berawan,10.0,30.0,57.0,Barat,9.0,,Tenang,0.1,Barat Daya,0.75,0.12,2026-10-06 15:00:55,26.736842105263158,75.3157894736842,6.631578947368421,,0.45789473684210524,0.9563157894736843,,,,
4998,AF029,Pelabuhan Mawasangka,2026-10-05 12:00:00,2026-10-06,2026-10-09,2026-10-06 03:00:00,Berawan Tebal,10.0,29.0,68.0,Barat,9.0,13.0,Tenang,0.1,Selatan,0.74,-0.18,2026-10-06 15:00:55,26.842105263157894,74.84210526315789,6.631578947368421,18.05263157894737,0.46315789473684216,0.9863157894736841,,,,
4999,AF029,Pelabuhan Mawasangka,2026-10-05 12:00:00,2026-10-06,2026-10-09,2026-10-06 04:00:00,Berawan Tebal,10.0,28.0,70.0,Barat,9.0,,Tenang,0.1,Selatan,0.74,-0.54,2026-10-06 15:00:55,27.157894736842106,74.36842105263158,6.631578947368421,,0.46842105263157896,1.0036842105263157,,,,
5000,AF029,Pelabuhan Mawasangka,2026-10-05 12:00:00,2026-10-06,2026-10-09,2026-10-06 05:00:00,Berawan Tebal,10.0,29.0,68.0,Barat Daya,5.0,,Tenang,0.1,Tenggara,0.77,-0.87,2026-10-06 15:00:55,27.68421052631579,73.78947368421052,7.7368421052631575,,0.4842105263157894,1.0110526315789474,,,,
5001,AF029,Pelabuhan Mawasangka,2026-10-05 12:00:00,2026-10-06,2026-10-09,2026-10-06 06:00:00,Berawan Tebal,10.0,30.0,63.0,Barat Daya,5.0,13.0,Tenang,0.1,Tenggara,0.79,-1.09,2026-10-06 15:00:55,28.157894736842106,73.05263157894737,7.7368421052631575,20.157894736842106,0.5,1.0089473684210528,,,,
5002,AF029,Pelabuhan Mawasangka,2026-10-05 12:00:00,2026-10-06,2026-10-09,2026-10-06 07:00:00,Berawan Tebal,10.0,30.0,65.0,Barat Daya,5.0,,Tenang,0.1,Tenggara,0.79,-1.18,2026-10-06 15:00:55,27.94736842105263,72.84210526315789,7.7368421052631575,,0.5157894736842106,1.0057894736842106,,,,
5003,AF029,Pelabuhan Mawasangka,2026-10-05 12:00:00,2026-10-06,2026-10-09,2026-10-06 08:00:00,Berawan,10.0,29.0,67.0,Barat Daya,8.0,,Tenang,0.1,Timur,0.77,-1.1,2026-10-06 15:00:55,27.842105263157894,72.6842105263158,8.631578947368421,,0.5368421052631579,1.0005263157894737,,,,
5004,AF029,Pelabuhan Mawasangka,2026-10-05 12:00:00,2026-10-06,2026-10-09,2026-10-06 09:00:00,Cerah,10.0,29.0,66.0,Barat Daya,8.0,14.0,Tenang,0.1,Timur,0.78,-0.84,2026-10-06 15:00:55,27.63157894736842,72.94736842105263,8.631578947368421,19.736842105263158,0.5473684210526316,0.9957894736842107,,,,
5005,AF029,Pelabuhan Mawasangka,2026-10-05 12:00:00,2026-10-06,2026-10-09,2026-10-06 10:00:00,Cerah,10.0,28.0,67.0,Barat Daya,8.0,,Tenang,0.1,Timur Laut,0.76,-0.55,2026-10-06 15:00:55,27.105263157894736,74.6842105263158,8.631578947368421,,0.5842105263157894,0.9852631578947367,,,,
5006,AF029,Pelabuhan Mawasangka,2026-10-05 12:00:00,2026-10-06,2026-10-09,2026-10-06 11:00:00,Cerah,10.0,28.0,58.0,Tenggara,7.0,,Tenang,0.1,Timur Laut,0.69,-0.18,2026-10-06 15:00:55,26.842105263157894,76.84210526315789,8.631578947368421,,0.6052631578947368,0.9647368421052632,,,,
5007,AF029,Pelabuhan Mawasangka,2026-10-05 12:00:00,2026-10-06,2026-10-09,2026-10-06 12:00:00,Cerah,10.0,27.0,61.0,Tenggara,7.0,14.0,Tenang,0.1,Timur Laut,0.62,0.13,2026-10-06 15:00:55,26.473684210526315,78.05263157894737,8.631578947368421,17.789473684210527,0.6,0.9352631578947368,,,,
5008,AF029,Pelabuhan Mawasangka,2026-10-05 12:00:00,2026-10-06,2026-10-09,2026-10-06 13:00:00,Cerah,10.0,26.0,69.0,Tenggara,7.0,,Tenang,0.1,Barat,0.61,0.35,2026-10-06 15:00:55,26.36842105263158,78.73684210526316,8.631578947368421,,0.5684210526315789,0.898421052631579,,,,
5009,AF029,Pelabuhan Mawasangka,2026-10-05 12:00:00,2026-10-06,2026-10-09,2026-10-06 14:00:00,Berawan,10.0,25.0,76.0,Timur Laut,3.0,,Tenang,0.1,Barat Daya,0.67,0.38,2026-10-06 15:00:55,26.210526315789473,79.6842105263158,7.157894736842105,,0.531578947368421,0.8668421052631579,,,,
5010,AF029,Pelabuhan Mawasangka,2026-10-05 12:00:00,2026-10-06,2026-10-09,2026-10-06 15:00:00,Berawan Tebal,10.0,24.0,84.0,Timur Laut,3.0,9.0,Tenang,0.1,Barat Daya,0.7,0.29,2026-10-06 15:00:55,26.0,80.6842105263158,7.157894736842105,15.68421052631579,0.5052631578947369,0.865263157894737,23.363636363636363,0.0,6.942424242424242,88.18181818181819
5011,AF029,Pelabuhan Mawasangka,2026-10-05 12:00:00,2026-10-06,2026-10-09,2026-10-06 16:00:00,Berawan Tebal,10.0,23.0,90.0,Timur Laut,3.0,,Tenang,0.1,Barat Daya,0.72,0.12,2026-10-06 15:00:55,25.68421052631579,81.52631578947368,7.157894736842105,,0.46842105263157896,0.871578947368421,23.0,0.0,4.9,94.0
5012,AF029,Pelabuhan Mawasangka,2026-10-05 12:00:00,2026-10-06,2026-10-09,2026-10-06 17:00:00,Cerah,10.0,23.0,93.0,Timur Laut,3.0,,Tenang,0.1,Barat Daya,0.71,-0.11,2026-10-06 15:00:55,25.473684210526315,82.21052631578948,5.526315789473684,,0.4263157894736842,0.8736842105263158,,,,
5013,AF029,Pelabuhan Mawasangka,2026-10-05 12:00:00,2026-10-06,2026-10-09,2026-10-06 18:00:00,Cerah,10.0,23.0,94.0,Timur Laut,3.0,8.0,Tenang,0.1,Barat Daya,0.68,-0.36,2026-10-06 15:00:55,25.263157894736842,82.89473684210526,5.526315789473684,13.68421052631579,0.4105263157894737,0.8757894736842106,22.696969696969695,0.0,5.718181818181818,90.42424242424242
5014,AF029,Pelabuhan Mawasangka,2026-10-05 12:00:00,2026-10-06,2026-10-09,2026-10-06 19:00:00,Cerah Berawan,10.0,23.0,94.0,Timur Laut,3.0,,Tenang,0.1,Barat Daya,0.64,-0.49,2026-10-06 15:00:55,25.105263157894736,83.47368421052632,5.526315789473684,,0.4052631578947368,0.8721052631578947,22.0,0.0,5.6,97.0
5015,AF029,Pelabuhan Mawasangka,2026-10-05 12:00:00,2026-10-06,2026-10-09,2026-10-06 20:00:00,Cerah Berawan,10.0,23.0,96.0,Timur Laut,5.0,,Tenang,0.1,Barat,0.6,-0.53,2026-10-06 15:00:55,24.94736842105263,84.3157894736842,5.7368421052631575,,0.41578947368421054,0.8663157894736843,,,,
5016,AF029,Pelabuhan Mawasangka,2026-10-05 12:00:00,2026-10-06,2026-10-09,2026-10-06 21:00:00,Berawan,10.0,22.0,98.0,Timur Laut,5.0,7.0,Tenang,0.1,Utara,0.6,-0.44,2026-10-06 15:00:55,24.842105263157894,84.84210526315789,5.7368421052631575,12.052631578947368,0.4105263157894737,0.8657894736842104,22.393939393939394,0.0,5.636363636363637,90.60606060606061
5017,AF029,Pelabuhan Mawasangka,2026-10-05 12:00:00,2026-10-06,2026-10-09,2026-10-06 22:00:00,Berawan,10.0,23.0,97.0,Timur Laut,5.0,,Tenang,0.1,Timur Laut,0.61,-0.27,2026-10-06 15:00:55,25.0,85.26315789473684,5.7368421052631575,,0.4263157894736842,0.8689473684210527,25.0,0.0,7.1,87.0
5018,AF029,Pelabuhan Mawasangka,2026-10-05 12:00:00,2026-10-06,2026-10-09,2026-10-06 23:00:00,Cerah Berawan,10.0,24.0,88.0,Timur Laut,3.0,,Tenang,0.1,Timur Laut,0.61,0.0,2026-10-06 15:00:55,25.42105263157895,82.52631578947368,5.526315789473684,,0.46315789473684216,0.868421052631579,,,,
5019,AF030,Pelabuhan Talaga Raya,2026-10-05 12:00:00,2026-10-06,2026-10-09,2026-10-06 00:00:00,Cerah Berawan,10.0,26.0,85.0,Timur Laut,9.0,12.0,Tenang,0.2,Barat,0.68,0.41,2026-10-06 15:00:55,26.05263157894737,79.0,5.421052631578948,14.473684210526315,0.431578947368421,0.8831578947368421,,,,
5020,AF030,Pelabuhan Talaga Raya,2026-10-05 12:00:00,2026-10-06,2026-10-09,2026-10-06 01:00:00,Cerah Berawan,10.0,26.0,79.0,Timur Laut,9.0,,Tenang,0.2,Barat Daya,0.77,0.31,2026-10-06 15:00:55,26.57894736842105,76.26315789473684,5.421052631578948,,0.4473684210526316,0.911578947368421,,,,
5021,AF030,Pelabuhan Talaga Raya,2026-10-05 12:00:00,2026-10-06,2026-10-09,2026-10-06 02:00:00,Berawan Tebal,10.0,27.0,71.0,Utara,5.0,,Tenang,0.3,Selatan,0.9,0.1,2026-10-06 15:00:55,26.736842105263158,75.3157894736842,6.631578947368421,,0.45789473684210524,0.9563157894736843,,,,
5022,AF030,Pelabuhan Talaga Raya,2026-10-05 12:00:00,2026-10-06,2026-10-09,2026-10-06 03:00:00,Berawan,10.0,27.0,66.0,Utara,5.0,12.0,Tenang,0.2,Selatan,1.0,-0.22,2026-10-06 15:00:55,26.842105263157894,74.84210526315789,6.631578947368421,18.05263157894737,0.46315789473684216,0.9863157894736841,,,,
5023,AF030,Pelabuhan Talaga Raya,2026-10-05 12:00:00,2026-10-06,2026-10-09,2026-10-06 04:00:00,Berawan Tebal,10.0,27.0,67.0,Utara,5.0,,Tenang,0.2,Selatan,1.06,-0.59,2026-10-06 15:00:55,27.157894736842106,74.36842105263158,6.631578947368421,,0.46842105263157896,1.0036842105263157,,,,
5024,AF030,Pelabuhan Talaga Raya,2026-10-05 12:00:00,2026-10-06,2026-10-09,2026-10-06 05:00:00,Berawan Tebal,10.0,27.0,72.0,Selatan,7.0,,Tenang,0.2,Selatan,1.04,-0.89,2026-10-06 15:00:55,27.68421052631579,73.78947368421052,7.7368421052631575,,0.4842105263157894,1.0110526315789474,,,,
5025,AF030,Pelabuhan Talaga Raya,2026-10-05 12:00:00,2026-10-06,2026-10-09,2026-10-06 06:00:00,Berawan Tebal,10.0,27.0,77.0,Selatan,7.0,7.0,Tenang,0.2,Selatan,0.95,-1.12,2026-10-06 15:00:55,28.157894736842106,73.05263157894737,7.7368421052631575,20.157894736842106,0.5,1.0089473684210528,,,,
5026,AF030,Pelabuhan Talaga Raya,2026-10-05 12:00:00,2026-10-06,2026-10-09,2026-10-06 07:00:00,Berawan Tebal,10.0,27.0,77.0,Selatan,7.0,,Tenang,0.3,Selatan,0.79,-1.19,2026-10-06 15:00:55,27.94736842105263,72.84210526315789,7.7368421052631575,,0.5157894736842106,1.0057894736842106,,,,
5027,AF030,Pelabuhan Talaga Raya,2026-10-05 12:00:00,2026-10-06,2026-10-09,2026-10-06 08:00:00,Berawan Tebal,10.0,27.0,79.0,Tenggara,10.0,,Tenang,0.3,Barat,0.64,-1.09,2026-10-06 15:00:55,27.842105263157894,72.6842105263158,8.631578947368421,,0.5368421052631579,1.0005263157894737,,,,
5028,AF030,Pelabuhan Talaga Raya,2026-10-05 12:00:00,2026-10-06,2026-10-09,2026-10-06 09:00:00,Cerah,10.0,27.0,79.0,Tenggara,10.0,10.0,Tenang,0.4,Utara,0.79,-0.86,2026-10-06 15:00:55,27.63157894736842,72.94736842105263,8.631578947368421,19.736842105263158,0.5473684210526316,0.9957894736842107,,,,
5029,AF030,Pelabuhan Talaga Raya,2026-10-05 12:00:00,2026-10-06,2026-10-09,2026-10-06 10:00:00,Cerah,10.0,27.0,80.0,Tenggara,10.0,,Rendah,0.5,Utara,0.92,-0.53,2026-10-06 15:00:55,27.105263157894736,74.6842105263158,8.631578947368421,,0.5842105263157894,0.9852631578947367,,,,
5030,AF030,Pelabuhan Talaga Raya,2026-10-05 12:00:00,2026-10-06,2026-10-09,2026-10-06 11:00:00,Cerah,10.0,27.0,82.0,Tenggara,12.0,,Rendah,0.7,Utara,0.95,-0.17,2026-10-06 15:00:55,26.842105263157894,76.84210526315789,8.631578947368421,,0.6052631578947368,0.9647368421052632,,,,
5031,AF030,Pelabuhan Talaga Raya,2026-10-05 12:00:00,2026-10-06,2026-10-09,2026-10-06 12:00:00,Cerah,10.0,27.0,81.0,Tenggara,12.0,18.0,Rendah,0.7,Utara,0.89,0.13,2026-10-06 15:00:55,26.473684210526315,78.05263157894737,8.631578947368421,17.789473684210527,0.6,0.9352631578947368,,,,
5032,AF030,Pelabuhan Talaga Raya,2026-10-05 12:00:00,2026-10-06,2026-10-09,2026-10-06 13:00:00,Cerah,10.0,27.0,77.0,Tenggara,12.0,,Rendah,0.6,Utara,0.77,0.32,2026-10-06 15:00:55,26.36842105263158,78.73684210526316,8.631578947368421,,0.5684210526315789,0.898421052631579,,,,
5033,AF030,Pelabuhan Talaga Raya,2026-10-05 12:00:00,2026-10-06,2026-10-09,2026-10-06 14:00:00,Cerah Berawan,10.0,27.0,75.0,Timur,10.0,,Rendah,0.5,Timur Laut,0.66,0.38,2026-10-06 15:00:55,26.210526315789473,79.6842105263158,7.157894736842105,,0.531578947368421,0.8668421052631579,,,,
5034,AF030,Pelabuhan Talaga Raya,2026-10-05 12:00:00,2026-10-06,2026-10-09,2026-10-06 15:00:00,Berawan,10.0,26.0,77.0,Timur,10.0,16.0,Tenang,0.4,Tenggara,0.62,0.3,2026-10-06 15:00:55,26.0,80.6842105263158,7.157894736842105,15.68421052631579,0.5052631578947369,0.865263157894737,23.363636363636363,0.0,6.942424242424242,88.18181818181819
5035,AF030,Pelabuhan Talaga Raya,2026-10-05 12:00:00,2026-10-06,2026-10-09,2026-10-06 16:00:00,Berawan Tebal,10.0,26.0,80.0,Timur,10.0,,Tenang,0.3,Selatan,0.7,0.1,2026-10-06 15:00:55,25.68421052631579,81.52631578947368,7.157894736842105,,0.46842105263157896,0.871578947368421,23.0,0.0,4.9,94.0
5036,AF030,Pelabuhan Talaga Raya,2026-10-05 12:00:00,2026-10-06,2026-10-09,2026-10-06 17:00:00,Cerah Berawan,10.0,25.0,84.0,Timur Laut,7.0,,Tenang,0.3,Selatan,0.75,-0.13,2026-10-06 15:00:55,25.473684210526315,82.21052631578948,5.526315789473684,,0.4263157894736842,0.8736842105263158,,,,
5037,AF030,Pelabuhan Talaga Raya,2026-10-05 12:00:00,2026-10-06,2026-10-09,2026-10-06 18:00:00,Cerah Berawan,10.0,25.0,88.0,Timur Laut,7.0,12.0,Tenang,0.3,Barat Daya,0.76,-0.35,2026-10-06 15:00:55,25.263157894736842,82.89473684210526,5.526315789473684,13.68421052631579,0.4105263157894737,0.8757894736842106,22.696969696969695,0.0,5.718181818181818,90.42424242424242
5038,AF030,Pelabuhan Talaga Raya,2026-10-05 12:00:00,2026-10-06,2026-10-09,2026-10-06 19:00:00,Cerah Berawan,10.0,24.0,90.0,Timur Laut,7.0,,Tenang,0.2,Barat Daya,0.74,-0.48,2026-10-06 15:00:55,25.105263157894736,83.47368421052632,5.526315789473684,,0.4052631578947368,0.8721052631578947,22.0,0.0,5.6,97.0
5039,AF030,Pelabuhan Talaga Raya,2026-10-05 12:00:00,2026-10-06,2026-10-09,2026-10-06 20:00:00,Cerah Berawan,8.0,24.0,91.0,Timur Laut,10.0,,Tenang,0.2,Barat Daya,0.71,-0.5,2026-10-06 15:00:55,24.94736842105263,84.3157894736842,5.7368421052631575,,0.41578947368421054,0.8663157894736843,,,,
5040,AF030,Pelabuhan Talaga Raya,2026-10-05 12:00:00,2026-10-06,2026-10-09,2026-10-06 21:00:00,Cerah Berawan,8.0,24.0,91.0,Timur Laut,10.0,11.0,Tenang,0.2,Barat,0.69,-0.4,2026-10-06 15:00:55,24.842105263157894,84.84210526315789,5.7368421052631575,12.052631578947368,0.4105263157894737,0.8657894736842104,22.393939393939394,0.0,5.636363636363637,90.60606060606061
5041,AF030,Pelabuhan Talaga Raya,2026-10-05 12:00:00,2026-10-06,2026-10-09,2026-10-06 22:00:00,Cerah Berawan,8.0,24.0,91.0,Timur Laut,10.0,,Tenang,0.2,Barat,0.69,-0.2,2026-10-06 15:00:55,25.0,85.26315789473684,5.7368421052631575,,0.4263157894736842,0.8689473684210527,25.0,0.0,7.1,87.0
5042,AF030,Pelabuhan Talaga Raya,2026-10-05 12:00:00,2026-10-06,2026-10-09,2026-10-06 23:00:00,Cerah,9.0,25.0,84.0,Timur Laut,9.0,,Tenang,0.3,Barat Laut,0.73,0.04,2026-10-06 15:00:55,25.42105263157895,82.52631578947368,5.526315789473684,,0.46315789473684216,0.868421052631579,,,,
5043,AF031,Pelabuhan Ereke - Waode Buri,2026-10-05 12:00:00,2026-10-06,2026-10-09,2026-10-06 00:00:00,Berawan,10.0,27.0,77.0,Timur,6.0,14.0,Tenang,0.1,Barat Laut,0.64,0.32,2026-10-06 15:00:55,26.05263157894737,79.0,5.421052631578948,14.473684210526315,0.431578947368421,0.8831578947368421,,,,
5044,AF031,Pelabuhan Ereke - Waode Buri,2026-10-05 12:00:00,2026-10-06,2026-10-09,2026-10-06 01:00:00,Cerah Berawan,10.0,27.0,74.0,Timur,6.0,,Tenang,0.1,Barat Laut,0.7,0.24,2026-10-06 15:00:55,26.57894736842105,76.26315789473684,5.421052631578948,,0.4473684210526316,0.911578947368421,,,,
5045,AF031,Pelabuhan Ereke - Waode Buri,2026-10-05 12:00:00,2026-10-06,2026-10-09,2026-10-06 02:00:00,Berawan,10.0,28.0,72.0,Timur,6.0,,Tenang,0.1,Barat Laut,0.72,0.05,2026-10-06 15:00:55,26.736842105263158,75.3157894736842,6.631578947368421,,0.45789473684210524,0.9563157894736843,,,,
5046,AF031,Pelabuhan Ereke - Waode Buri,2026-10-05 12:00:00,2026-10-06,2026-10-09,2026-10-06 03:00:00,Berawan Tebal,10.0,28.0,71.0,Timur,6.0,18.0,Tenang,0.1,Barat Laut,0.7,-0.23,2026-10-06 15:00:55,26.842105263157894,74.84210526315789,6.631578947368421,18.05263157894737,0.46315789473684216,0.9863157894736841,,,,
5047,AF031,Pelabuhan Ereke - Waode Buri,2026-10-05 12:00:00,2026-10-06,2026-10-09,2026-10-06 04:00:00,Berawan Tebal,10.0,28.0,70.0,Timur,6.0,,Tenang,0.1,Barat,0.69,-0.51,2026-10-06 15:00:55,27.157894736842106,74.36842105263158,6.631578947368421,,0.46842105263157896,1.0036842105263157,,,,
5048,AF031,Pelabuhan Ereke - Waode Buri,2026-10-05 12:00:00,2026-10-06,2026-10-09,2026-10-06 05:00:00,Berawan Tebal,10.0,28.0,70.0,Timur,6.0,,Tenang,0.1,Barat,0.7,-0.8,2026-10-06 15:00:55,27.68421052631579,73.78947368421052,7.7368421052631575,,0.4842105263157894,1.0110526315789474,,,,
5049,AF031,Pelabuhan Ereke - Waode Buri,2026-10-05 12:00:00,2026-10-06,2026-10-09,2026-10-06 06:00:00,Berawan,10.0,27.0,70.0,Timur,6.0,19.0,Tenang,0.1,Barat,0.69,-0.96,2026-10-06 15:00:55,28.157894736842106,73.05263157894737,7.7368421052631575,20.157894736842106,0.5,1.0089473684210528,,,,
5050,AF031,Pelabuhan Ereke - Waode Buri,2026-10-05 12:00:00,2026-10-06,2026-10-09,2026-10-06 07:00:00,Cerah,10.0,27.0,72.0,Timur,6.0,,Tenang,0.1,Barat,0.7,-1.01,2026-10-06 15:00:55,27.94736842105263,72.84210526315789,7.7368421052631575,,0.5157894736842106,1.0057894736842106,,,,
5051,AF031,Pelabuhan Ereke - Waode Buri,2026-10-05 12:00:00,2026-10-06,2026-10-09,2026-10-06 08:00:00,Cerah,10.0,27.0,73.0,Timur,5.0,,Tenang,0.1,Barat,0.71,-0.97,2026-10-06 15:00:55,27.842105263157894,72.6842105263158,8.631578947368421,,0.5368421052631579,1.0005263157894737,,,,
5052,AF031,Pelabuhan Ereke - Waode Buri,2026-10-05 12:00:00,2026-10-06,2026-10-09,2026-10-06 09:00:00,Cerah,10.0,27.0,75.0,Timur,5.0,19.0,Tenang,0.1,Barat,0.7,-0.81,2026-10-06 15:00:55,27.63157894736842,72.94736842105263,8.631578947368421,19.736842105263158,0.5473684210526316,0.9957894736842107,,,,
5053,AF031,Pelabuhan Ereke - Waode Buri,2026-10-05 12:00:00,2026-10-06,2026-10-09,2026-10-06 10:00:00,Cerah,10.0,26.0,79.0,Timur,5.0,,Tenang,0.1,Barat Daya,0.69,-0.52,2026-10-06 15:00:55,27.105263157894736,74.6842105263158,8.631578947368421,,0.5842105263157894,0.9852631578947367,,,,
5054,AF031,Pelabuhan Ereke - Waode Buri,2026-10-05 12:00:00,2026-10-06,2026-10-09,2026-10-06 11:00:00,Cerah,10.0,26.0,80.0,Tenggara,8.0,,Tenang,0.1,Barat Daya,0.68,-0.24,2026-10-06 15:00:55,26.842105263157894,76.84210526315789,8.631578947368421,,0.6052631578947368,0.9647368421052632,,,,
5055,AF031,Pelabuhan Ereke - Waode Buri,2026-10-05 12:00:00,2026-10-06,2026-10-09,2026-10-06 12:00:00,Cerah Berawan,10.0,26.0,80.0,Tenggara,8.0,10.0,Tenang,0.1,Barat Daya,0.65,0.01,2026-10-06 15:00:55,26.473684210526315,78.05263157894737,8.631578947368421,17.789473684210527,0.6,0.9352631578947368,,,,
5056,AF031,Pelabuhan Ereke - Waode Buri,2026-10-05 12:00:00,2026-10-06,2026-10-09,2026-10-06 13:00:00,Berawan,10.0,26.0,80.0,Tenggara,8.0,,Tenang,0.1,Barat,0.63,0.21,2026-10-06 15:00:55,26.36842105263158,78.73684210526316,8.631578947368421,,0.5684210526315789,0.898421052631579,,,,
5057,AF031,Pelabuhan Ereke - Waode Buri,2026-10-05 12:00:00,2026-10-06,2026-10-09,2026-10-06 14:00:00,Cerah Berawan,10.0,26.0,81.0,Timur,6.0,,Tenang,0.1,Barat Laut,0.62,0.3,2026-10-06 15:00:55,26.210526315789473,79.6842105263158,7.157894736842105,,0.531578947368421,0.8668421052631579,,,,
5058,AF031,Pelabuhan Ereke - Waode Buri,2026-10-05 12:00:00,2026-10-06,2026-10-09,2026-10-06 15:00:00,Cerah Berawan,10.0,25.0,82.0,Timur,6.0,5.0,Tenang,0.1,Barat Laut,0.61,0.23,2026-10-06 15:00:55,26.0,80.6842105263158,7.157894736842105,15.68421052631579,0.5052631578947369,0.865263157894737,23.363636363636363,0.0,6.942424242424242,88.18181818181819
5059,AF031,Pelabuhan Ereke - Waode Buri,2026-10-05 12:00:00,2026-10-06,2026-10-09,2026-10-06 16:00:00,Cerah,10.0,25.0,82.0,Timur,6.0,,Tenang,0.1,Barat Daya,0.59,0.06,2026-10-06 15:00:55,25.68421052631579,81.52631578947368,7.157894736842105,,0.46842105263157896,0.871578947368421,23.0,0.0,4.9,94.0
5060,AF031,Pelabuhan Ereke - Waode Buri,2026-10-05 12:00:00,2026-10-06,2026-10-09,2026-10-06 17:00:00,Cerah Berawan,10.0,25.0,85.0,Timur,3.0,,Tenang,0.1,Selatan,0.62,-0.17,2026-10-06 15:00:55,25.473684210526315,82.21052631578948,5.526315789473684,,0.4263157894736842,0.8736842105263158,,,,
5061,AF031,Pelabuhan Ereke - Waode Buri,2026-10-05 12:00:00,2026-10-06,2026-10-09,2026-10-06 18:00:00,Cerah Berawan,10.0,24.0,89.0,Timur,3.0,5.0,Tenang,0.1,Selatan,0.61,-0.32,2026-10-06 15:00:55,25.263157894736842,82.89473684210526,5.526315789473684,13.68421052631579,0.4105263157894737,0.8757894736842106,22.696969696969695,0.0,5.718181818181818,90.42424242424242
5062,AF031,Pelabuhan Ereke - Waode Buri,2026-10-05 12:00:00,2026-10-06,2026-10-09,2026-10-06 19:00:00,Cerah Berawan,10.0,24.0,91.0,Timur,3.0,,Tenang,0.1,Timur Laut,0.59,-0.46,2026-10-06 15:00:55,25.105263157894736,83.47368421052632,5.526315789473684,,0.4052631578947368,0.8721052631578947,22.0,0.0,5.6,97.0
5063,AF031,Pelabuhan Ereke - Waode Buri,2026-10-05 12:00:00,2026-10-06,2026-10-09,2026-10-06 20:00:00,Cerah Berawan,8.0,24.0,93.0,Utara,1.0,,Tenang,0.1,Utara,0.62,-0.47,2026-10-06 15:00:55,24.94736842105263,84.3157894736842,5.7368421052631575,,0.41578947368421054,0.8663157894736843,,,,
5064,AF031,Pelabuhan Ereke - Waode Buri,2026-10-05 12:00:00,2026-10-06,2026-10-09,2026-10-06 21:00:00,Berawan,8.0,23.0,95.0,Utara,1.0,3.0,Tenang,0.1,Utara,0.62,-0.36,2026-10-06 15:00:55,24.842105263157894,84.84210526315789,5.7368421052631575,12.052631578947368,0.4105263157894737,0.8657894736842104,22.393939393939394,0.0,5.636363636363637,90.60606060606061
5065,AF031,Pelabuhan Ereke - Waode Buri,2026-10-05 12:00:00,2026-10-06,2026-10-09,2026-10-06 22:00:00,Berawan,8.0,23.0,95.0,Utara,1.0,,Tenang,0.1,Barat Laut,0.59,-0.21,2026-10-06 15:00:55,25.0,85.26315789473684,5.7368421052631575,,0.4263157894736842,0.8689473684210527,25.0,0.0,7.1,87.0
5066,AF031,Pelabuhan Ereke - Waode Buri,2026-10-05 12:00:00,2026-10-06,2026-10-09,2026-10-06 23:00:00,Berawan,10.0,25.0,87.0,Timur,5.0,,Tenang,0.1,Barat Daya,0.62,-0.03,2026-10-06 15:00:55,25.42105263157895,82.52631578947368,5.526315789473684,,0.46315789473684216,0.868421052631579,,,,
5067,AF032,"Pelabuhan Labuan, Buton Utara",2026-10-05 12:00:00,2026-10-06,2026-10-09,2026-10-06 00:00:00,Cerah,,,,,,,Tenang,0.1,,,,2026-10-06 15:00:55,26.05263157894737,79.0,5.421052631578948,14.473684210526315,0.431578947368421,0.8831578947368421,,,,
5068,AF032,"Pelabuhan Labuan, Buton Utara",2026-10-05 12:00:00,2026-10-06,2026-10-09,2026-10-06 01:00:00,Cerah,,,,,,,Tenang,0.1,,,,2026-10-06 15:00:55,26.57894736842105,76.26315789473684,5.421052631578948,,0.4473684210526316,0.911578947368421,,,,
5069,AF032,"Pelabuhan Labuan, Buton Utara",2026-10-05 12:00:00,2026-10-06,2026-10-09,2026-10-06 02:00:00,Cerah,,,,,,,Tenang,0.1,,,,2026-10-06 15:00:55,26.736842105263158,75.3157894736842,6.631578947368421,,0.45789473684210524,0.9563157894736843,,,,
5070,AF032,"Pelabuhan Labuan, Buton Utara",2026-10-05 12:00:00,2026-10-06,2026-10-09,2026-10-06 03:00:00,Cerah,,,,,,,Tenang,0.1,,,,2026-10-06 15:00:55,26.842105263157894,74.84210526315789,6.631578947368421,18.05263157894737,0.46315789473684216,0.9863157894736841,,,,
5071,AF032,"Pelabuhan Labuan, Buton Utara",2026-10-05 12:00:00,2026-10-06,2026-10-09,2026-10-06 04:00:00,Cerah,,,,,,,Tenang,0.1,,,,2026-10-06 15:00:55,27.157894736842106,74.36842105263158,6.631578947368421,,0.46842105263157896,1.0036842105263157,,,,
5072,AF032,"Pelabuhan Labuan, Buton Utara",2026-10-05 12:00:00,2026-10-06,2026-10-09,2026-10-06 05:00:00,Cerah,,,,,,,Tenang,0.1,,,,2026-10-06 15:00:55,27.68421052631579,73.78947368421052,7.7368421052631575,,0.4842105263157894,1.0110526315789474,,,,
5073,AF032,"Pelabuhan Labuan, Buton Utara",2026-10-05 12:00:00,2026-10-06,2026-10-09,2026-10-06 06:00:00,Cerah,,,,,,,Tenang,0.1,,,,2026-10-06 15:00:55,28.157894736842106,73.05263157894737,7.7368421052631575,20.157894736842106,0.5,1.0089473684210528,,,,
5074,AF032,"Pelabuhan Labuan, Buton Utara",2026-10-05 12:00:00,2026-10-06,2026-10-09,2026-10-06 07:00:00,Cerah,,,,,,,Tenang,0.1,,,,2026-10-06 15:00:55,27.94736842105263,72.84210526315789,7.7368421052631575,,0.5157894736842106,1.0057894736842106,,,,
5075,AF032,"Pelabuhan Labuan, Buton Utara",2026-10-05 12:00:00,2026-10-06,2026-10-09,2026-10-06 08:00:00,Cerah,,,,,,,Tenang,0.1,,,,2026-10-06 15:00:55,27.842105263157894,72.6842105263158,8.631578947368421,,0.5368421052631579,1.0005263157894737,,,,
5076,AF032,"Pelabuhan Labuan, Buton Utara",2026-10-05 12:00:00,2026-10-06,2026-10-09,2026-10-06 09:00:00,Cerah,,,,,,,Tenang,0.1,,,,2026-10-06 15:00:55,27.63157894736842,72.94736842105263,8.631578947368421,19.736842105263158,0.5473684210526316,0.9957894736842107,,,,
5077,AF032,"Pelabuhan Labuan, Buton Utara",2026-10-05 12:00:00,2026-10-06,2026-10-09,2026-10-06 10:00:00,Cerah,,,,,,,Tenang,0.1,,,,2026-10-06 15:00:55,27.105263157894736,74.6842105263158,8.631578947368421,,0.5842105263157894,0.9852631578947367,,,,
5078,AF032,"Pelabuhan Labuan, Buton Utara",2026-10-05 12:00:00,2026-10-06,2026-10-09,2026-10-06 11:00:00,Cerah,,,,,,,Tenang,0.1,,,,2026-10-06 15:00:55,26.842105263157894,76.84210526315789,8.631578947368421,,0.6052631578947368,0.9647368421052632,,,,
5079,AF032,"Pelabuhan Labuan, Buton Utara",2026-10-05 12:00:00,2026-10-06,2026-10-09,2026-10-06 12:00:00,Cerah,,,,,,,Tenang,0.1,,,,2026-10-06 15:00:55,26.473684210526315,78.05263157894737,8.631578947368421,17.789473684210527,0.6,0.9352631578947368,,,,
5080,AF032,"Pelabuhan Labuan, Buton Utara",2026-10-05 12:00:00,2026-10-06,2026-10-09,2026-10-06 13:00:00,Cerah,,,,,,,Tenang,0.1,,,,2026-10-06 15:00:55,26.36842105263158,78.73684210526316,8.631578947368421,,0.5684210526315789,0.898421052631579,,,,
5081,AF032,"Pelabuhan Labuan, Buton Utara",2026-10-05 12:00:00,2026-10-06,2026-10-09,2026-10-06 14:00:00,Cerah,,,,,,,Tenang,0.1,,,,2026-10-06 15:00:55,26.210526315789473,79.6842105263158,7.157894736842105,,0.531578947368421,0.8668421052631579,,,,
5082,AF032,"Pelabuhan Labuan, Buton Utara",2026-10-05 12:00:00,2026-10-06,2026-10-09,2026-10-06 15:00:00,Cerah,,,,,,,Tenang,0.1,,,,2026-10-06 15:00:55,26.0,80.6842105263158,7.157894736842105,15.68421052631579,0.5052631578947369,0.865263157894737,23.363636363636363,0.0,6.942424242424242,88.18181818181819
5083,AF032,"Pelabuhan Labuan, Buton Utara",2026-10-05 12:00:00,2026-10-06,2026-10-09,2026-10-06 16:00:00,Cerah,,,,,,,Tenang,0.1,,,,2026-10-06 15:00:55,25.68421052631579,81.52631578947368,7.157894736842105,,0.46842105263157896,0.871578947368421,23.0,0.0,4.9,94.0
5084,AF032,"Pelabuhan Labuan, Buton Utara",2026-10-05 12:00:00,2026-10-06,2026-10-09,2026-10-06 17:00:00,Cerah,,,,,,,Tenang,0.1,,,,2026-10-06 15:00:55,25.473684210526315,82.21052631578948,5.526315789473684,,0.4263157894736842,0.8736842105263158,,,,
5085,AF032,"Pelabuhan Labuan, Buton Utara",2026-10-05 12:00:00,2026-10-06,2026-10-09,2026-10-06 18:00:00,Cerah,,,,,,,Tenang,0.1,,,,2026-10-06 15:00:55,25.263157894736842,82.89473684210526,5.526315789473684,13.68421052631579,0.4105263157894737,0.8757894736842106,22.696969696969695,0.0,5.718181818181818,90.42424242424242
5086,AF032,"Pelabuhan Labuan, Buton Utara",2026-10-05 12:00:00,2026-10-06,2026-10-09,2026-10-06 19:00:00,Cerah,,,,,,,Tenang,0.1,,,,2026-10-06 15:00:55,25.105263157894736,83.47368421052632,5.526315789473684,,0.4052631578947368,0.8721052631578947,22.0,0.0,5.6,97.0
5087,AF032,"Pelabuhan Labuan, Buton Utara",2026-10-05 12:00:00,2026-10-06,2026-10-09,2026-10-06 20:00:00,Cerah,,,,,,,Tenang,0.1,,,,2026-10-06 15:00:55,24.94736842105263,84.3157894736842,5.7368421052631575,,0.41578947368421054,0.8663157894736843,,,,
5088,AF032,"Pelabuhan Labuan, Buton Utara",2026-10-05 12:00:00,2026-10-06,2026-10-09,2026-10-06 21:00:00,Cerah,,,,,,,Tenang,0.1,,,,2026-10-06 15:00:55,24.842105263157894,84.84210526315789,5.7368421052631575,12.052631578947368,0.4105263157894737,0.8657894736842104,22.393939393939394,0.0,5.636363636363637,90.60606060606061
5089,AF032,"Pelabuhan Labuan, Buton Utara",2026-10-05 12:00:00,2026-10-06,2026-10-09,2026-10-06 22:00:00,Cerah,,,,,,,Tenang,0.1,,,,2026-10-06 15:00:55,25.0,85.26315789473684,5.7368421052631575,,0.4263157894736842,0.8689473684210527,25.0,0.0,7.1,87.0
5090,AF032,"Pelabuhan Labuan, Buton Utara",2026-10-05 12:00:00,2026-10-06,2026-10-09,2026-10-06 23:00:00,Cerah,,,,,,,Tenang,0.1,,,,2026-10-06 15:00:55,25.42105263157895,82.52631578947368,5.526315789473684,,0.46315789473684216,0.868421052631579,,,,
5091,AF033,Pelabuhan Wanci,2026-10-05 12:00:00,2026-10-06,2026-10-09,2026-10-06 00:00:00,Cerah Berawan,10.0,27.0,76.0,Timur,7.0,12.0,Tenang,0.1,Barat Laut,0.62,0.35,2026-10-06 15:00:55,26.05263157894737,79.0,5.421052631578948,14.473684210526315,0.431578947368421,0.8831578947368421,,,,
5092,AF033,Pelabuhan Wanci,2026-10-05 12:00:00,2026-10-06,2026-10-09,2026-10-06 01:00:00,Berawan,10.0,27.0,74.0,Timur,7.0,,Tenang,0.1,Barat,0.65,0.28,2026-10-06 15:00:55,26.57894736842105,76.26315789473684,5.421052631578948,,0.4473684210526316,0.911578947368421,,,,
5093,AF033,Pelabuhan Wanci,2026-10-05 12:00:00,2026-10-06,2026-10-09,2026-10-06 02:00:00,Berawan,10.0,27.0,73.0,Timur,7.0,,Tenang,0.1,Barat,0.66,0.09,2026-10-06 15:00:55,26.736842105263158,75.3157894736842,6.631578947368421,,0.45789473684210524,0.9563157894736843,,,,
5094,AF033,Pelabuhan Wanci,2026-10-05 12:00:00,2026-10-06,2026-10-09,2026-10-06 03:00:00,Berawan Tebal,10.0,28.0,70.0,Timur,7.0,12.0,Tenang,0.1,Barat,0.66,-0.21,2026-10-06 15:00:55,26.842105263157894,74.84210526315789,6.631578947368421,18.05263157894737,0.46315789473684216,0.9863157894736841,,,,
5095,AF033,Pelabuhan Wanci,2026-10-05 12:00:00,2026-10-06,2026-10-09,2026-10-06 04:00:00,Berawan Tebal,10.0,28.0,69.0,Timur,7.0,,Tenang,0.1,Barat,0.66,-0.53,2026-10-06 15:00:55,27.157894736842106,74.36842105263158,6.631578947368421,,0.46842105263157896,1.0036842105263157,,,,
5096,AF033,Pelabuhan Wanci,2026-10-05 12:00:00,2026-10-06,2026-10-09,2026-10-06 05:00:00,Berawan Tebal,10.0,28.0,71.0,Timur,6.0,,Tenang,0.1,Barat Laut,0.68,-0.85,2026-10-06 15:00:55,27.68421052631579,73.78947368421052,7.7368421052631575,,0.4842105263157894,1.0110526315789474,,,,
5097,AF033,Pelabuhan Wanci,2026-10-05 12:00:00,2026-10-06,2026-10-09,2026-10-06 06:00:00,Berawan,10.0,29.0,71.0,Timur,6.0,11.0,Tenang,0.1,Barat Laut,0.69,-1.04,2026-10-06 15:00:55,28.157894736842106,73.05263157894737,7.7368421052631575,20.157894736842106,0.5,1.0089473684210528,,,,
5098,AF033,Pelabuhan Wanci,2026-10-05 12:00:00,2026-10-06,2026-10-09,2026-10-06 07:00:00,Cerah,10.0,28.0,71.0,Timur,6.0,,Tenang,0.1,Barat Laut,0.68,-1.11,2026-10-06 15:00:55,27.94736842105263,72.84210526315789,7.7368421052631575,,0.5157894736842106,1.0057894736842106,,,,
5099,AF033,Pelabuhan Wanci,2026-10-05 12:00:00,2026-10-06,2026-10-09,2026-10-06 08:00:00,Cerah,10.0,28.0,72.0,Timur,7.0,,Tenang,0.1,Utara,0.64,-1.01,2026-10-06 15:00:55,27.842105263157894,72.6842105263158,8.631578947368421,,0.5368421052631579,1.0005263157894737,,,,
5100,AF033,Pelabuhan Wanci,2026-10-05 12:00:00,2026-10-06,2026-10-09,2026-10-06 09:00:00,Cerah,10.0,27.0,75.0,Timur,7.0,10.0,Tenang,0.1,Timur,0.64,-0.81,2026-10-06 15:00:55,27.63157894736842,72.94736842105263,8.631578947368421,19.736842105263158,0.5473684210526316,0.9957894736842107,,,,
5101,AF033,Pelabuhan Wanci,2026-10-05 12:00:00,2026-10-06,2026-10-09,2026-10-06 10:00:00,Cerah,10.0,27.0,76.0,Timur,7.0,,Tenang,0.1,Tenggara,0.68,-0.51,2026-10-06 15:00:55,27.105263157894736,74.6842105263158,8.631578947368421,,0.5842105263157894,0.9852631578947367,,,,
5102,AF033,Pelabuhan Wanci,2026-10-05 12:00:00,2026-10-06,2026-10-09,2026-10-06 11:00:00,Cerah Berawan,10.0,27.0,77.0,Timur,7.0,,Tenang,0.1,Tenggara,0.72,-0.19,2026-10-06 15:00:55,26.842105263157894,76.84210526315789,8.631578947368421,,0.6052631578947368,0.9647368421052632,,,,
5103,AF033,Pelabuhan Wanci,2026-10-05 12:00:00,2026-10-06,2026-10-09,2026-10-06 12:00:00,Cerah Berawan,10.0,26.0,78.0,Timur,7.0,10.0,Tenang,0.1,Selatan,0.72,0.08,2026-10-06 15:00:55,26.473684210526315,78.05263157894737,8.631578947368421,17.789473684210527,0.6,0.9352631578947368,,,,
5104,AF033,Pelabuhan Wanci,2026-10-05 12:00:00,2026-10-06,2026-10-09,2026-10-06 13:00:00,Berawan,10.0,26.0,78.0,Timur,7.0,,Tenang,0.1,Selatan,0.69,0.26,2026-10-06 15:00:55,26.36842105263158,78.73684210526316,8.631578947368421,,0.5684210526315789,0.898421052631579,,,,
5105,AF033,Pelabuhan Wanci,2026-10-05 12:00:00,2026-10-06,2026-10-09,2026-10-06 14:00:00,Berawan,10.0,26.0,79.0,Timur,7.0,,Tenang,0.1,Selatan,0.68,0.33,2026-10-06 15:00:55,26.210526315789473,79.6842105263158,7.157894736842105,,0.531578947368421,0.8668421052631579,,,,
5106,AF033,Pelabuhan Wanci,2026-10-05 12:00:00,2026-10-06,2026-10-09,2026-10-06 15:00:00,Cerah Berawan,10.0,26.0,81.0,Timur,7.0,11.0,Tenang,0.1,Barat Daya,0.67,0.25,2026-10-06 15:00:55,26.0,80.6842105263158,7.157894736842105,15.68421052631579,0.5052631578947369,0.865263157894737,23.363636363636363,0.0,6.942424242424242,88.18181818181819
5107,AF033,Pelabuhan Wanci,2026-10-05 12:00:00,2026-10-06,2026-10-09,2026-10-06 16:00:00,Cerah Berawan,10.0,26.0,81.0,Timur,7.0,,Tenang,0.1,Barat Daya,0.65,0.1,2026-10-06 15:00:55,25.68421052631579,81.52631578947368,7.157894736842105,,0.46842105263157896,0.871578947368421,23.0,0.0,4.9,94.0
5108,AF033,Pelabuhan Wanci,2026-10-05 12:00:00,2026-10-06,2026-10-09,2026-10-06 17:00:00,Cerah Berawan,10.0,26.0,81.0,Timur,5.0,,Tenang,0.1,Barat Daya,0.62,-0.14,2026-10-06 15:00:55,25.473684210526315,82.21052631578948,5.526315789473684,,0.4263157894736842,0.8736842105263158,,,,
5109,AF033,Pelabuhan Wanci,2026-10-05 12:00:00,2026-10-06,2026-10-09,2026-10-06 18:00:00,Cerah Berawan,10.0,26.0,81.0,Timur,5.0,11.0,Tenang,0.1,Barat,0.61,-0.34,2026-10-06 15:00:55,25.263157894736842,82.89473684210526,5.526315789473684,13.68421052631579,0.4105263157894737,0.8757894736842106,22.696969696969695,0.0,5.718181818181818,90.42424242424242
5110,AF033,Pelabuhan Wanci,2026-10-05 12:00:00,2026-10-06,2026-10-09,2026-10-06 19:00:00,Cerah Berawan,10.0,26.0,80.0,Timur,5.0,,Tenang,0.1,Barat Laut,0.62,-0.47,2026-10-06 15:00:55,25.105263157894736,83.47368421052632,5.526315789473684,,0.4052631578947368,0.8721052631578947,22.0,0.0,5.6,97.0
5111,AF033,Pelabuhan Wanci,2026-10-05 12:00:00,2026-10-06,2026-10-09,2026-10-06 20:00:00,Cerah Berawan,10.0,26.0,81.0,Timur,6.0,,Tenang,0.1,Barat Laut,0.66,-0.5,2026-10-06 15:00:55,24.94736842105263,84.3157894736842,5.7368421052631575,,0.41578947368421054,0.8663157894736843,,,,
5112,AF033,Pelabuhan Wanci,2026-10-05 12:00:00,2026-10-06,2026-10-09,2026-10-06 21:00:00,Cerah Berawan,10.0,25.0,82.0,Timur,6.0,11.0,Tenang,0.1,Utara,0.7,-0.43,2026-10-06 15:00:55,24.842105263157894,84.84210526315789,5.7368421052631575,12.052631578947368,0.4105263157894737,0.8657894736842104,22.393939393939394,0.0,5.636363636363637,90.60606060606061
5113,AF033,Pelabuhan Wanci,2026-10-05 12:00:00,2026-10-06,2026-10-09,2026-10-06 22:00:00,Cerah Berawan,10.0,26.0,81.0,Timur,6.0,,Tenang,0.1,Utara,0.71,-0.24,2026-10-06 15:00:55,25.0,85.26315789473684,5.7368421052631575,,0.4263157894736842,0.8689473684210527,25.0,0.0,7.1,87.0
5114,AF033,Pelabuhan Wanci,2026-10-05 12:00:00,2026-10-06,2026-10-09,2026-10-06 23:00:00,Cerah Berawan,10.0,26.0,79.0,Timur,8.0,,Tenang,0.1,Barat Laut,0.69,0.0,2026-10-06 15:00:55,25.42105263157895,82.52631578947368,5.526315789473684,,0.46315789473684216,0.868421052631579,,,,
5115,AF034,Pelabuhan Kaledupa,2026-10-05 12:00:00,2026-10-06,2026-10-09,2026-10-06 00:00:00,Berawan,10.0,26.0,79.0,Timur,9.0,13.0,Tenang,0.1,Timur,0.6,0.36,2026-10-06 15:00:55,26.05263157894737,79.0,5.421052631578948,14.473684210526315,0.431578947368421,0.8831578947368421,,,,
5116,AF034,Pelabuhan Kaledupa,2026-10-05 12:00:00,2026-10-06,2026-10-09,2026-10-06 01:00:00,Berawan,10.0,27.0,79.0,Timur,9.0,,Tenang,0.1,Timur Laut,0.6,0.28,2026-10-06 15:00:55,26.57894736842105,76.26315789473684,5.421052631578948,,0.4473684210526316,0.911578947368421,,,,
5117,AF034,Pelabuhan Kaledupa,2026-10-05 12:00:00,2026-10-06,2026-10-09,2026-10-06 02:00:00,Berawan,10.0,27.0,78.0,Timur,7.0,,Tenang,0.1,Barat,0.62,0.09,2026-10-06 15:00:55,26.736842105263158,75.3157894736842,6.631578947368421,,0.45789473684210524,0.9563157894736843,,,,
5118,AF034,Pelabuhan Kaledupa,2026-10-05 12:00:00,2026-10-06,2026-10-09,2026-10-06 03:00:00,Berawan Tebal,10.0,27.0,78.0,Timur,7.0,14.0,Tenang,0.1,Barat,0.63,-0.22,2026-10-06 15:00:55,26.842105263157894,74.84210526315789,6.631578947368421,18.05263157894737,0.46315789473684216,0.9863157894736841,,,,
5119,AF034,Pelabuhan Kaledupa,2026-10-05 12:00:00,2026-10-06,2026-10-09,2026-10-06 04:00:00,Berawan Tebal,10.0,28.0,77.0,Timur,7.0,,Tenang,0.1,Barat Laut,0.61,-0.55,2026-10-06 15:00:55,27.157894736842106,74.36842105263158,6.631578947368421,,0.46842105263157896,1.0036842105263157,,,,
5120,AF034,Pelabuhan Kaledupa,2026-10-05 12:00:00,2026-10-06,2026-10-09,2026-10-06 05:00:00,Berawan Tebal,10.0,28.0,77.0,Timur,4.0,,Tenang,0.1,Barat,0.62,-0.86,2026-10-06 15:00:55,27.68421052631579,73.78947368421052,7.7368421052631575,,0.4842105263157894,1.0110526315789474,,,,
5121,AF034,Pelabuhan Kaledupa,2026-10-05 12:00:00,2026-10-06,2026-10-09,2026-10-06 06:00:00,Berawan,10.0,28.0,76.0,Timur,4.0,11.0,Tenang,0.1,Barat,0.67,-1.07,2026-10-06 15:00:55,28.157894736842106,73.05263157894737,7.7368421052631575,20.157894736842106,0.5,1.0089473684210528,,,,
5122,AF034,Pelabuhan Kaledupa,2026-10-05 12:00:00,2026-10-06,2026-10-09,2026-10-06 07:00:00,Cerah Berawan,10.0,28.0,76.0,Timur,4.0,,Tenang,0.1,Barat,0.72,-1.13,2026-10-06 15:00:55,27.94736842105263,72.84210526315789,7.7368421052631575,,0.5157894736842106,1.0057894736842106,,,,
5123,AF034,Pelabuhan Kaledupa,2026-10-05 12:00:00,2026-10-06,2026-10-09,2026-10-06 08:00:00,Cerah Berawan,10.0,28.0,77.0,Timur,8.0,,Tenang,0.1,Barat,0.74,-1.06,2026-10-06 15:00:55,27.842105263157894,72.6842105263158,8.631578947368421,,0.5368421052631579,1.0005263157894737,,,,
5124,AF034,Pelabuhan Kaledupa,2026-10-05 12:00:00,2026-10-06,2026-10-09,2026-10-06 09:00:00,Cerah,10.0,27.0,77.0,Timur,8.0,10.0,Tenang,0.1,Barat,0.77,-0.86,2026-10-06 15:00:55,27.63157894736842,72.94736842105263,8.631578947368421,19.736842105263158,0.5473684210526316,0.9957894736842107,,,,
5125,AF034,Pelabuhan Kaledupa,2026-10-05 12:00:00,2026-10-06,2026-10-09,2026-10-06 10:00:00,Cerah Berawan,10.0,27.0,78.0,Timur,8.0,,Tenang,0.1,Barat,0.78,-0.54,2026-10-06 15:00:55,27.105263157894736,74.6842105263158,8.631578947368421,,0.5842105263157894,0.9852631578947367,,,,
5126,AF034,Pelabuhan Kaledupa,2026-10-05 12:00:00,2026-10-06,2026-10-09,2026-10-06 11:00:00,Cerah Berawan,10.0,27.0,78.0,Timur,8.0,,Tenang,0.1,Barat,0.78,-0.19,2026-10-06 15:00:55,26.842105263157894,76.84210526315789,8.631578947368421,,0.6052631578947368,0.9647368421052632,,,,
5127,AF034,Pelabuhan Kaledupa,2026-10-05 12:00:00,2026-10-06,2026-10-09,2026-10-06 12:00:00,Berawan,10.0,26.0,78.0,Timur,8.0,12.0,Tenang,0.1,Barat,0.73,0.11,2026-10-06 15:00:55,26.473684210526315,78.05263157894737,8.631578947368421,17.789473684210527,0.6,0.9352631578947368,,,,
5128,AF034,Pelabuhan Kaledupa,2026-10-05 12:00:00,2026-10-06,2026-10-09,2026-10-06 13:00:00,Berawan Tebal,10.0,26.0,80.0,Timur,8.0,,Tenang,0.1,Barat,0.66,0.31,2026-10-06 15:00:55,26.36842105263158,78.73684210526316,8.631578947368421,,0.5684210526315789,0.898421052631579,,,,
5129,AF034,Pelabuhan Kaledupa,2026-10-05 12:00:00,2026-10-06,2026-10-09,2026-10-06 14:00:00,Cerah Berawan,10.0,26.0,81.0,Tenggara,10.0,,Tenang,0.1,Barat,0.62,0.39,2026-10-06 15:00:55,26.210526315789473,79.6842105263158,7.157894736842105,,0.531578947368421,0.8668421052631579,,,,
5130,AF034,Pelabuhan Kaledupa,2026-10-05 12:00:00,2026-10-06,2026-10-09,2026-10-06 15:00:00,Cerah Berawan,10.0,26.0,80.0,Tenggara,10.0,13.0,Tenang,0.1,Barat,0.61,0.3,2026-10-06 15:00:55,26.0,80.6842105263158,7.157894736842105,15.68421052631579,0.5052631578947369,0.865263157894737,23.363636363636363,0.0,6.942424242424242,88.18181818181819
5131,AF034,Pelabuhan Kaledupa,2026-10-05 12:00:00,2026-10-06,2026-10-09,2026-10-06 16:00:00,Cerah Berawan,10.0,26.0,80.0,Tenggara,10.0,,Tenang,0.1,Barat,0.61,0.13,2026-10-06 15:00:55,25.68421052631579,81.52631578947368,7.157894736842105,,0.46842105263157896,0.871578947368421,23.0,0.0,4.9,94.0
5132,AF034,Pelabuhan Kaledupa,2026-10-05 12:00:00,2026-10-06,2026-10-09,2026-10-06 17:00:00,Cerah Berawan,10.0,26.0,79.0,Timur,8.0,,Tenang,0.1,Barat,0.61,-0.1,2026-10-06 15:00:55,25.473684210526315,82.21052631578948,5.526315789473684,,0.4263157894736842,0.8736842105263158,,,,
5133,AF034,Pelabuhan Kaledupa,2026-10-05 12:00:00,2026-10-06,2026-10-09,2026-10-06 18:00:00,Cerah Berawan,10.0,26.0,79.0,Timur,8.0,13.0,Tenang,0.1,Barat Laut,0.61,-0.3,2026-10-06 15:00:55,25.263157894736842,82.89473684210526,5.526315789473684,13.68421052631579,0.4105263157894737,0.8757894736842106,22.696969696969695,0.0,5.718181818181818,90.42424242424242
5134,AF034,Pelabuhan Kaledupa,2026-10-05 12:00:00,2026-10-06,2026-10-09,2026-10-06 19:00:00,Cerah Berawan,10.0,25.0,81.0,Timur,8.0,,Tenang,0.1,Barat Laut,0.6,-0.42,2026-10-06 15:00:55,25.105263157894736,83.47368421052632,5.526315789473684,,0.4052631578947368,0.8721052631578947,22.0,0.0,5.6,97.0
5135,AF034,Pelabuhan Kaledupa,2026-10-05 12:00:00,2026-10-06,2026-10-09,2026-10-06 20:00:00,Cerah Berawan,10.0,25.0,83.0,Timur,10.0,,Tenang,0.1,Timur Laut,0.6,-0.46,2026-10-06 15:00:55,24.94736842105263,84.3157894736842,5.7368421052631575,,0.41578947368421054,0.8663157894736843,,,,
5136,AF034,Pelabuhan Kaledupa,2026-10-05 12:00:00,2026-10-06,2026-10-09,2026-10-06 21:00:00,Cerah Berawan,10.0,25.0,82.0,Timur,10.0,13.0,Tenang,0.1,Utara,0.59,-0.4,2026-10-06 15:00:55,24.842105263157894,84.84210526315789,5.7368421052631575,12.052631578947368,0.4105263157894737,0.8657894736842104,22.393939393939394,0.0,5.636363636363637,90.60606060606061
5137,AF034,Pelabuhan Kaledupa,2026-10-05 12:00:00,2026-10-06,2026-10-09,2026-10-06 22:00:00,Cerah Berawan,10.0,26.0,82.0,Timur,10.0,,Tenang,0.1,Barat,0.63,-0.24,2026-10-06 15:00:55,25.0,85.26315789473684,5.7368421052631575,,0.4263157894736842,0.8689473684210527,25.0,0.0,7.1,87.0
5138,AF034,Pelabuhan Kaledupa,2026-10-05 12:00:00,2026-10-06,2026-10-09,2026-10-06 23:00:00,Cerah Berawan,10.0,26.0,81.0,Timur,11.0,,Tenang,0.1,Barat,0.67,-0.01,2026-10-06 15:00:55,25.42105263157895,82.52631578947368,5.526315789473684,,0.46315789473684216,0.868421052631579,,,,
5139,AF035,Pelabuhan Tomia,2026-10-05 12:00:00,2026-10-06,2026-10-09,2026-10-06 00:00:00,Cerah,,,,,,,Tenang,0.1,,,,2026-10-06 15:00:55,26.05263157894737,79.0,5.421052631578948,14.473684210526315,0.431578947368421,0.8831578947368421,,,,
5140,AF035,Pelabuhan Tomia,2026-10-05 12:00:00,2026-10-06,2026-10-09,2026-10-06 01:00:00,Cerah,,,,,,,Tenang,0.1,,,,2026-10-06 15:00:55,26.57894736842105,76.26315789473684,5.421052631578948,,0.4473684210526316,0.911578947368421,,,,
5141,AF035,Pelabuhan Tomia,2026-10-05 12:00:00,2026-10-06,2026-10-09,2026-10-06 02:00:00,Cerah,,,,,,,Tenang,0.1,,,,2026-10-06 15:00:55,26.736842105263158,75.3157894736842,6.631578947368421,,0.45789473684210524,0.9563157894736843,,,,
5142,AF035,Pelabuhan Tomia,2026-10-05 12:00:00,2026-10-06,2026-10-09,2026-10-06 03:00:00,Cerah,,,,,,,Tenang,0.1,,,,2026-10-06 15:00:55,26.842105263157894,74.84210526315789,6.631578947368421,18.05263157894737,0.46315789473684216,0.9863157894736841,,,,
5143,AF035,Pelabuhan Tomia,2026-10-05 12:00:00,2026-10-06,2026-10-09,2026-10-06 04:00:00,Cerah,,,,,,,Tenang,0.1,,,,2026-10-06 15:00:55,27.157894736842106,74.36842105263158,6.631578947368421,,0.46842105263157896,1.0036842105263157,,,,
5144,AF035,Pelabuhan Tomia,2026-10-05 12:00:00,2026-10-06,2026-10-09,2026-10-06 05:00:00,Cerah,,,,,,,Tenang,0.1,,,,2026-10-06 15:00:55,27.68421052631579,73.78947368421052,7.7368421052631575,,0.4842105263157894,1.0110526315789474,,,,
5145,AF035,Pelabuhan Tomia,2026-10-05 12:00:00,2026-10-06,2026-10-09,2026-10-06 06:00:00,Cerah,,,,,,,Tenang,0.1,,,,2026-10-06 15:00:55,28.157894736842106,73.05263157894737,7.7368421052631575,20.157894736842106,0.5,1.0089473684210528,,,,
5146,AF035,Pelabuhan Tomia,2026-10-05 12:00:00,2026-10-06,2026-10-09,2026-10-06 07:00:00,Cerah,,,,,,,Tenang,0.1,,,,2026-10-06 15:00:55,27.94736842105263,72.84210526315789,7.7368421052631575,,0.5157894736842106,1.0057894736842106,,,,
5147,AF035,Pelabuhan Tomia,2026-10-05 12:00:00,2026-10-06,2026-10-09,2026-10-06 08:00:00,Cerah,,,,,,,Tenang,0.1,,,,2026-10-06 15:00:55,27.842105263157894,72.6842105263158,8.631578947368421,,0.5368421052631579,1.0005263157894737,,,,
5148,AF035,Pelabuhan Tomia,2026-10-05 12:00:00,2026-10-06,2026-10-09,2026-10-06 09:00:00,Cerah,,,,,,,Tenang,0.1,,,,2026-10-06 15:00:55,27.63157894736842,72.94736842105263,8.631578947368421,19.736842105263158,0.5473684210526316,0.9957894736842107,,,,
5149,AF035,Pelabuhan Tomia,2026-10-05 12:00:00,2026-10-06,2026-10-09,2026-10-06 10:00:00,Cerah,,,,,,,Tenang,0.1,,,,2026-10-06 15:00:55,27.105263157894736,74.6842105263158,8.631578947368421,,0.5842105263157894,0.9852631578947367,,,,
5150,AF035,Pelabuhan Tomia,2026-10-05 12:00:00,2026-10-06,2026-10-09,2026-10-06 11:00:00,Cerah,,,,,,,Tenang,0.1,,,,2026-10-06 15:00:55,26.842105263157894,76.84210526315789,8.631578947368421,,0.6052631578947368,0.9647368421052632,,,,
5151,AF035,Pelabuhan Tomia,2026-10-05 12:00:00,2026-10-06,2026-10-09,2026-10-06 12:00:00,Cerah,,,,,,,Tenang,0.1,,,,2026-10-06 15:00:55,26.473684210526315,78.05263157894737,8.631578947368421,17.789473684210527,0.6,0.9352631578947368,,,,
5152,AF035,Pelabuhan Tomia,2026-10-05 12:00:00,2026-10-06,2026-10-09,2026-10-06 13:00:00,Cerah,,,,,,,Tenang,0.1,,,,2026-10-06 15:00:55,26.36842105263158,78.73684210526316,8.631578947368421,,0.5684210526315789,0.898421052631579,,,,
5153,AF035,Pelabuhan Tomia,2026-10-05 12:00:00,2026-10-06,2026-10-09,2026-10-06 14:00:00,Cerah,,,,,,,Tenang,0.1,,,,2026-10-06 15:00:55,26.210526315789473,79.6842105263158,7.157894736842105,,0.531578947368421,0.8668421052631579,,,,
5154,AF035,Pelabuhan Tomia,2026-10-05 12:00:00,2026-10-06,2026-10-09,2026-10-06 15:00:00,Cerah,,,,,,,Tenang,0.1,,,,2026-10-06 15:00:55,26.0,80.6842105263158,7.157894736842105,15.68421052631579,0.5052631578947369,0.865263157894737,23.363636363636363,0.0,6.942424242424242,88.18181818181819
5155,AF035,Pelabuhan Tomia,2026-10-05 12:00:00,2026-10-06,2026-10-09,2026-10-06 16:00:00,Cerah,,,,,,,Tenang,0.1,,,,2026-10-06 15:00:55,25.68421052631579,81.52631578947368,7.157894736842105,,0.46842105263157896,0.871578947368421,23.0,0.0,4.9,94.0
5156,AF035,Pelabuhan Tomia,2026-10-05 12:00:00,2026-10-06,2026-10-09,2026-10-06 17:00:00,Cerah,,,,,,,Tenang,0.1,,,,2026-10-06 15:00:55,25.473684210526315,82.21052631578948,5.526315789473684,,0.4263157894736842,0.8736842105263158,,,,
5157,AF035,Pelabuhan Tomia,2026-10-05 12:00:00,2026-10-06,2026-10-09,2026-10-06 18:00:00,Cerah,,,,,,,Tenang,0.1,,,,2026-10-06 15:00:55,25.263157894736842,82.89473684210526,5.526315789473684,13.68421052631579,0.4105263157894737,0.8757894736842106,22.696969696969695,0.0,5.718181818181818,90.42424242424242
5158,AF035,Pelabuhan Tomia,2026-10-05 12:00:00,2026-10-06,2026-10-09,2026-10-06 19:00:00,Cerah,,,,,,,Tenang,0.1,,,,2026-10-06 15:00:55,25.105263157894736,83.47368421052632,5.526315789473684,,0.4052631578947368,0.8721052631578947,22.0,0.0,5.6,97.0
5159,AF035,Pelabuhan Tomia,2026-10-05 12:00:00,2026-10-06,2026-10-09,2026-10-06 20:00:00,Cerah,,,,,,,Tenang,0.1,,,,2026-10-06 15:00:55,24.94736842105263,84.3157894736842,5.7368421052631575,,0.41578947368421054,0.8663157894736843,,,,
5160,AF035,Pelabuhan Tomia,2026-10-05 12:00:00,2026-10-06,2026-10-09,2026-10-06 21:00:00,Cerah,,,,,,,Tenang,0.1,,,,2026-10-06 15:00:55,24.842105263157894,84.84210526315789,5.7368421052631575,12.052631578947368,0.4105263157894737,0.8657894736842104,22.393939393939394,0.0,5.636363636363637,90.60606060606061
5161,AF035,Pelabuhan Tomia,2026-10-05 12:00:00,2026-10-06,2026-10-09,2026-10-06 22:00:00,Cerah,,,,,,,Tenang,0.1,,,,2026-10-06 15:00:55,25.0,85.26315789473684,5.7368421052631575,,0.4263157894736842,0.8689473684210527,25.0,0.0,7.1,87.0
5162,AF035,Pelabuhan Tomia,2026-10-05 12:00:00,2026-10-06,2026-10-09,2026-10-06 23:00:00,Cerah,,,,,,,Tenang,0.1,,,,2026-10-06 15:00:55,25.42105263157895,82.52631578947368,5.526315789473684,,0.46315789473684216,0.868421052631579,,,,
5163,AF036,Pelabuhan Binongko,2026-10-05 12:00:00,2026-10-06,2026-10-09,2026-10-06 00:00:00,Berawan,10.0,27.0,76.0,Timur,8.0,13.0,Tenang,0.4,Barat,0.74,0.34,2026-10-06 15:00:55,26.05263157894737,79.0,5.421052631578948,14.473684210526315,0.431578947368421,0.8831578947368421,,,,
5164,AF036,Pelabuhan Binongko,2026-10-05 12:00:00,2026-10-06,2026-10-09,2026-10-06 01:00:00,Cerah Berawan,10.0,27.0,75.0,Timur,8.0,,Tenang,0.4,Barat,0.77,0.28,2026-10-06 15:00:55,26.57894736842105,76.26315789473684,5.421052631578948,,0.4473684210526316,0.911578947368421,,,,
5165,AF036,Pelabuhan Binongko,2026-10-05 12:00:00,2026-10-06,2026-10-09,2026-10-06 02:00:00,Berawan,10.0,28.0,74.0,Timur,7.0,,Tenang,0.4,Barat,0.77,0.08,2026-10-06 15:00:55,26.736842105263158,75.3157894736842,6.631578947368421,,0.45789473684210524,0.9563157894736843,,,,
5166,AF036,Pelabuhan Binongko,2026-10-05 12:00:00,2026-10-06,2026-10-09,2026-10-06 03:00:00,Berawan Tebal,10.0,28.0,73.0,Timur,7.0,13.0,Tenang,0.3,Barat,0.76,-0.21,2026-10-06 15:00:55,26.842105263157894,74.84210526315789,6.631578947368421,18.05263157894737,0.46315789473684216,0.9863157894736841,,,,
5167,AF036,Pelabuhan Binongko,2026-10-05 12:00:00,2026-10-06,2026-10-09,2026-10-06 04:00:00,Berawan Tebal,10.0,28.0,73.0,Timur,7.0,,Tenang,0.4,Barat,0.73,-0.55,2026-10-06 15:00:55,27.157894736842106,74.36842105263158,6.631578947368421,,0.46842105263157896,1.0036842105263157,,,,
5168,AF036,Pelabuhan Binongko,2026-10-05 12:00:00,2026-10-06,2026-10-09,2026-10-06 05:00:00,Berawan,10.0,28.0,74.0,Timur,6.0,,Tenang,0.4,Barat,0.73,-0.85,2026-10-06 15:00:55,27.68421052631579,73.78947368421052,7.7368421052631575,,0.4842105263157894,1.0110526315789474,,,,
5169,AF036,Pelabuhan Binongko,2026-10-05 12:00:00,2026-10-06,2026-10-09,2026-10-06 06:00:00,Berawan Tebal,10.0,29.0,74.0,Timur,6.0,12.0,Tenang,0.4,Barat,0.74,-1.05,2026-10-06 15:00:55,28.157894736842106,73.05263157894737,7.7368421052631575,20.157894736842106,0.5,1.0089473684210528,,,,
5170,AF036,Pelabuhan Binongko,2026-10-05 12:00:00,2026-10-06,2026-10-09,2026-10-06 07:00:00,Berawan,10.0,28.0,74.0,Timur,6.0,,Tenang,0.4,Barat,0.75,-1.11,2026-10-06 15:00:55,27.94736842105263,72.84210526315789,7.7368421052631575,,0.5157894736842106,1.0057894736842106,,,,
5171,AF036,Pelabuhan Binongko,2026-10-05 12:00:00,2026-10-06,2026-10-09,2026-10-06 08:00:00,Berawan,10.0,28.0,74.0,Timur,8.0,,Tenang,0.4,Barat,0.76,-1.04,2026-10-06 15:00:55,27.842105263157894,72.6842105263158,8.631578947368421,,0.5368421052631579,1.0005263157894737,,,,
5172,AF036,Pelabuhan Binongko,2026-10-05 12:00:00,2026-10-06,2026-10-09,2026-10-06 09:00:00,Cerah,10.0,28.0,75.0,Timur,8.0,12.0,Tenang,0.3,Barat,0.78,-0.81,2026-10-06 15:00:55,27.63157894736842,72.94736842105263,8.631578947368421,19.736842105263158,0.5473684210526316,0.9957894736842107,,,,
5173,AF036,Pelabuhan Binongko,2026-10-05 12:00:00,2026-10-06,2026-10-09,2026-10-06 10:00:00,Cerah Berawan,10.0,27.0,77.0,Timur,8.0,,Tenang,0.3,Barat Laut,0.78,-0.53,2026-10-06 15:00:55,27.105263157894736,74.6842105263158,8.631578947368421,,0.5842105263157894,0.9852631578947367,,,,
5174,AF036,Pelabuhan Binongko,2026-10-05 12:00:00,2026-10-06,2026-10-09,2026-10-06 11:00:00,Cerah Berawan,10.0,27.0,78.0,Timur,7.0,,Tenang,0.3,Barat Laut,0.8,-0.21,2026-10-06 15:00:55,26.842105263157894,76.84210526315789,8.631578947368421,,0.6052631578947368,0.9647368421052632,,,,
5175,AF036,Pelabuhan Binongko,2026-10-05 12:00:00,2026-10-06,2026-10-09,2026-10-06 12:00:00,Berawan,10.0,26.0,80.0,Timur,7.0,11.0,Tenang,0.3,Barat,0.81,0.08,2026-10-06 15:00:55,26.473684210526315,78.05263157894737,8.631578947368421,17.789473684210527,0.6,0.9352631578947368,,,,
5176,AF036,Pelabuhan Binongko,2026-10-05 12:00:00,2026-10-06,2026-10-09,2026-10-06 13:00:00,Berawan Tebal,10.0,26.0,80.0,Timur,7.0,,Tenang,0.3,Barat,0.83,0.27,2026-10-06 15:00:55,26.36842105263158,78.73684210526316,8.631578947368421,,0.5684210526315789,0.898421052631579,,,,
5177,AF036,Pelabuhan Binongko,2026-10-05 12:00:00,2026-10-06,2026-10-09,2026-10-06 14:00:00,Cerah Berawan,10.0,26.0,80.0,Timur,9.0,,Tenang,0.2,Barat,0.79,0.35,2026-10-06 15:00:55,26.210526315789473,79.6842105263158,7.157894736842105,,0.531578947368421,0.8668421052631579,,,,
5178,AF036,Pelabuhan Binongko,2026-10-05 12:00:00,2026-10-06,2026-10-09,2026-10-06 15:00:00,Cerah,10.0,26.0,80.0,Timur,9.0,12.0,Tenang,0.2,Barat Laut,0.74,0.31,2026-10-06 15:00:55,26.0,80.6842105263158,7.157894736842105,15.68421052631579,0.5052631578947369,0.865263157894737,23.363636363636363,0.0,6.942424242424242,88.18181818181819
5179,AF036,Pelabuhan Binongko,2026-10-05 12:00:00,2026-10-06,2026-10-09,2026-10-06 16:00:00,Cerah Berawan,10.0,26.0,80.0,Timur,9.0,,Tenang,0.2,Barat Laut,0.69,0.13,2026-10-06 15:00:55,25.68421052631579,81.52631578947368,7.157894736842105,,0.46842105263157896,0.871578947368421,23.0,0.0,4.9,94.0
5180,AF036,Pelabuhan Binongko,2026-10-05 12:00:00,2026-10-06,2026-10-09,2026-10-06 17:00:00,Cerah Berawan,10.0,25.0,80.0,Timur,8.0,,Tenang,0.2,Barat,0.67,-0.08,2026-10-06 15:00:55,25.473684210526315,82.21052631578948,5.526315789473684,,0.4263157894736842,0.8736842105263158,,,,
5181,AF036,Pelabuhan Binongko,2026-10-05 12:00:00,2026-10-06,2026-10-09,2026-10-06 18:00:00,Cerah Berawan,10.0,25.0,81.0,Timur,8.0,11.0,Tenang,0.2,Barat Laut,0.66,-0.3,2026-10-06 15:00:55,25.263157894736842,82.89473684210526,5.526315789473684,13.68421052631579,0.4105263157894737,0.8757894736842106,22.696969696969695,0.0,5.718181818181818,90.42424242424242
5182,AF036,Pelabuhan Binongko,2026-10-05 12:00:00,2026-10-06,2026-10-09,2026-10-06 19:00:00,Cerah Berawan,10.0,25.0,82.0,Timur,8.0,,Tenang,0.2,Barat Laut,0.69,-0.43,2026-10-06 15:00:55,25.105263157894736,83.47368421052632,5.526315789473684,,0.4052631578947368,0.8721052631578947,22.0,0.0,5.6,97.0
5183,AF036,Pelabuhan Binongko,2026-10-05 12:00:00,2026-10-06,2026-10-09,2026-10-06 20:00:00,Cerah Berawan,10.0,25.0,81.0,Timur,10.0,,Tenang,0.2,Barat Laut,0.73,-0.47,2026-10-06 15:00:55,24.94736842105263,84.3157894736842,5.7368421052631575,,0.41578947368421054,0.8663157894736843,,,,
5184,AF036,Pelabuhan Binongko,2026-10-05 12:00:00,2026-10-06,2026-10-09,2026-10-06 21:00:00,Cerah Berawan,10.0,25.0,82.0,Timur,10.0,11.0,Tenang,0.2,Barat Laut,0.76,-0.39,2026-10-06 15:00:55,24.842105263157894,84.84210526315789,5.7368421052631575,12.052631578947368,0.4105263157894737,0.8657894736842104,22.393939393939394,0.0,5.636363636363637,90.60606060606061
5185,AF036,Pelabuhan Binongko,2026-10-05 12:00:00,2026-10-06,2026-10-09,2026-10-06 22:00:00,Cerah Berawan,10.0,25.0,81.0,Timur,10.0,,Tenang,0.2,Utara,0.76,-0.22,2026-10-06 15:00:55,25.0,85.26315789473684,5.7368421052631575,,0.4263157894736842,0.8689473684210527,25.0,0.0,7.1,87.0
5186,AF036,Pelabuhan Binongko,2026-10-05 12:00:00,2026-10-06,2026-10-09,2026-10-06 23:00:00,Cerah,10.0,26.0,80.0,Timur,10.0,,Tenang,0.3,Barat Laut,0.72,-0.01,2026-10-06 15:00:55,25.42105263157895,82.52631578947368,5.526315789473684,,0.46315789473684216,0.868421052631579,,,,
